solid OpenSCAD_Model
  facet normal -0.6507914843755964 -0.7592565072913159 0
    outer loop
      vertex -54.46909999847412 -0.6573999971151352 0
      vertex -54.4522999972105 -0.6718000024557114 0
      vertex -54.46909999847412 -0.6573999971151352 2.2
    endloop
  endfacet
  facet normal -0.4600745686520577 -0.8878802798123309 0
    outer loop
      vertex -54.4522999972105 -0.6718000024557114 0
      vertex -42.4117000028491 -6.910899996757507 0
      vertex -54.4522999972105 -0.6718000024557114 2.2
    endloop
  endfacet
  facet normal -0.6507914843755964 -0.7592565072913159 0
    outer loop
      vertex -54.4522999972105 -0.6718000024557114 0
      vertex -54.4522999972105 -0.6718000024557114 2.2
      vertex -54.46909999847412 -0.6573999971151352 2.2
    endloop
  endfacet
  facet normal -0.4600745686520577 -0.8878802798123309 0
    outer loop
      vertex -42.4117000028491 -6.910899996757507 0
      vertex -42.4117000028491 -6.910899996757507 2.2
      vertex -54.4522999972105 -0.6718000024557114 2.2
    endloop
  endfacet
  facet normal -0.554704964836222 -0.8320471152441102 0
    outer loop
      vertex -42.4117000028491 -6.910899996757507 0
      vertex -42.41110000014305 -6.911300003528595 0
      vertex -42.4117000028491 -6.910899996757507 2.2
    endloop
  endfacet
  facet normal -0.39391811785509223 -0.919145536041764 0
    outer loop
      vertex -42.41110000014305 -6.911300003528595 0
      vertex -42.41040000319481 -6.91160000115633 0
      vertex -42.41110000014305 -6.911300003528595 2.2
    endloop
  endfacet
  facet normal -0.45304088152307576 -0.8914897417630752 0
    outer loop
      vertex -42.41040000319481 -6.91160000115633 0
      vertex -12.35809999704361 -22.183700002729893 0
      vertex -42.41040000319481 -6.91160000115633 2.2
    endloop
  endfacet
  facet normal -0.554704964836222 -0.8320471152441102 0
    outer loop
      vertex -42.41110000014305 -6.911300003528595 0
      vertex -42.41110000014305 -6.911300003528595 2.2
      vertex -42.4117000028491 -6.910899996757507 2.2
    endloop
  endfacet
  facet normal -0.39391811785509223 -0.919145536041764 0
    outer loop
      vertex -42.41040000319481 -6.91160000115633 0
      vertex -42.41040000319481 -6.91160000115633 2.2
      vertex -42.41110000014305 -6.911300003528595 2.2
    endloop
  endfacet
  facet normal 0 0 1
    outer loop
      vertex -54.4522999972105 -0.6718000024557114 2.2
      vertex -42.4117000028491 -6.910899996757507 2.2
      vertex -47.61035534952941 5.699095581546182 2.2
    endloop
  endfacet
  facet normal -0.45304088152307576 -0.8914897417630752 0
    outer loop
      vertex -12.35809999704361 -22.183700002729893 0
      vertex -12.35809999704361 -22.183700002729893 2.2
      vertex -42.41040000319481 -6.91160000115633 2.2
    endloop
  endfacet
  facet normal -0.33862265358372196 -0.9409222595304665 0
    outer loop
      vertex -12.336300000548363 -22.19309999793768 0
      vertex -2.321400001645088 -25.79730000346899 0
      vertex -12.336300000548363 -22.19309999793768 2.2
    endloop
  endfacet
  facet normal -0.453925396753396 -0.8910396928208484 0
    outer loop
      vertex -12.35809999704361 -22.183700002729893 0
      vertex -12.347499996423721 -22.189099997282028 0
      vertex -12.35809999704361 -22.183700002729893 2.2
    endloop
  endfacet
  facet normal -0.3363365557430876 -0.941741854900204 0
    outer loop
      vertex -12.347499996423721 -22.189099997282028 0
      vertex -12.336300000548363 -22.19309999793768 0
      vertex -12.347499996423721 -22.189099997282028 2.2
    endloop
  endfacet
  facet normal 0 0 -1
    outer loop
      vertex -12.336300000548363 -22.19309999793768 0
      vertex -0.00029999762773513794 -24.822999998927116 0
      vertex -2.321400001645088 -25.79730000346899 0
    endloop
  endfacet
  facet normal 0.38704269841284644 -0.9220617927261179 0
    outer loop
      vertex -2.321400001645088 -25.79730000346899 0
      vertex -0.00029999762773513794 -24.822999998927116 0
      vertex -2.321400001645088 -25.79730000346899 2.2
    endloop
  endfacet
  facet normal 0 0 -1
    outer loop
      vertex -12.336300000548363 -22.19309999793768 0
      vertex 4.88570000231266 -19.38180000334978 0
      vertex -0.00029999762773513794 -24.822999998927116 0
    endloop
  endfacet
  facet normal -0.453925396753396 -0.8910396928208484 0
    outer loop
      vertex -12.347499996423721 -22.189099997282028 0
      vertex -12.347499996423721 -22.189099997282028 2.2
      vertex -12.35809999704361 -22.183700002729893 2.2
    endloop
  endfacet
  facet normal -0.3363365557430876 -0.941741854900204 0
    outer loop
      vertex -12.336300000548363 -22.19309999793768 0
      vertex -12.336300000548363 -22.19309999793768 2.2
      vertex -12.347499996423721 -22.189099997282028 2.2
    endloop
  endfacet
  facet normal -0.33862265358372196 -0.9409222595304665 0
    outer loop
      vertex -2.321400001645088 -25.79730000346899 0
      vertex -2.321400001645088 -25.79730000346899 2.2
      vertex -12.336300000548363 -22.19309999793768 2.2
    endloop
  endfacet
  facet normal 0.38704269841284644 -0.9220617927261179 0
    outer loop
      vertex -0.00029999762773513794 -24.822999998927116 0
      vertex -0.00029999762773513794 -24.822999998927116 2.2
      vertex -2.321400001645088 -25.79730000346899 2.2
    endloop
  endfacet
  facet normal 0 0 -1
    outer loop
      vertex -12.347499996423721 -22.189099997282028 0
      vertex -12.149499997496605 -9.274700000882149 0
      vertex -12.336300000548363 -22.19309999793768 0
    endloop
  endfacet
  facet normal 0 0 -1
    outer loop
      vertex -12.35809999704361 -22.183700002729893 0
      vertex -12.149499997496605 -9.274700000882149 0
      vertex -12.347499996423721 -22.189099997282028 0
    endloop
  endfacet
  facet normal 0 0 -1
    outer loop
      vertex -12.336300000548363 -22.19309999793768 0
      vertex -12.149499997496605 -9.274700000882149 0
      vertex -10.463500000536442 -8.872100003063679 0
    endloop
  endfacet
  facet normal 0 0 -1
    outer loop
      vertex -12.336300000548363 -22.19309999793768 0
      vertex -10.463500000536442 -8.872100003063679 0
      vertex -5.0163000002503395 -8.872100003063679 0
    endloop
  endfacet
  facet normal 0 0 -1
    outer loop
      vertex -12.336300000548363 -22.19309999793768 0
      vertex 4.88570000231266 -16.20149999856949 0
      vertex 4.88570000231266 -19.38180000334978 0
    endloop
  endfacet
  facet normal 0 0 -1
    outer loop
      vertex -12.336300000548363 -22.19309999793768 0
      vertex -1.0367999970912933 -12.216300003230572 0
      vertex 4.88570000231266 -16.20149999856949 0
    endloop
  endfacet
  facet normal 0 0 -1
    outer loop
      vertex -12.336300000548363 -22.19309999793768 0
      vertex -5.0163000002503395 -8.872100003063679 0
      vertex -1.0367999970912933 -12.216300003230572 0
    endloop
  endfacet
  facet normal 0 0 1
    outer loop
      vertex -12.336300000548363 -22.19309999793768 2.2
      vertex -2.321400001645088 -25.79730000346899 2.2
      vertex -0.00029999762773513794 -24.822999998927116 2.2
    endloop
  endfacet
  facet normal 0 0 1
    outer loop
      vertex -12.336300000548363 -22.19309999793768 2.2
      vertex -4.427319737023538 -19.213215680044105 2.2
      vertex -4.536389982557891 -19.114360171779822 2.2
    endloop
  endfacet
  facet normal 0 0 1
    outer loop
      vertex -12.336300000548363 -22.19309999793768 2.2
      vertex -3.9111568266597634 -19.48911050359831 2.2
      vertex -4.049754959325704 -19.43951929876693 2.2
    endloop
  endfacet
  facet normal 0 0 1
    outer loop
      vertex -12.336300000548363 -22.19309999793768 2.2
      vertex -3.6227555212724107 -19.546477090008295 2.2
      vertex -3.7683652938022623 -19.524877920604844 2.2
    endloop
  endfacet
  facet normal 0 0 1
    outer loop
      vertex -12.336300000548363 -22.19309999793768 2.2
      vertex -3.7683652938022623 -19.524877920604844 2.2
      vertex -3.9111568266597634 -19.48911050359831 2.2
    endloop
  endfacet
  facet normal 0 0 1
    outer loop
      vertex -12.336300000548363 -22.19309999793768 2.2
      vertex -4.182824916017067 -19.37658189652253 2.2
      vertex -4.309085160307474 -19.30090441845382 2.2
    endloop
  endfacet
  facet normal 0 0 1
    outer loop
      vertex -12.336300000548363 -22.19309999793768 2.2
      vertex -4.049754959325704 -19.43951929876693 2.2
      vertex -4.182824916017067 -19.37658189652253 2.2
    endloop
  endfacet
  facet normal 0 0 1
    outer loop
      vertex -12.336300000548363 -22.19309999793768 2.2
      vertex -4.309085160307474 -19.30090441845382 2.2
      vertex -4.427319737023538 -19.213215680044105 2.2
    endloop
  endfacet
  facet normal 0 0 1
    outer loop
      vertex -12.336300000548363 -22.19309999793768 2.2
      vertex -3.47572981077807 -19.5537 2.2
      vertex -3.6227555212724107 -19.546477090008295 2.2
    endloop
  endfacet
  facet normal 0 0 1
    outer loop
      vertex -12.336300000548363 -22.19309999793768 2.2
      vertex -4.536389982557891 -19.114360171779822 2.2
      vertex -4.635245490822175 -19.005289926245467 2.2
    endloop
  endfacet
  facet normal 0 0 1
    outer loop
      vertex -12.336300000548363 -22.19309999793768 2.2
      vertex -4.635245490822175 -19.005289926245467 2.2
      vertex -4.722934229231887 -18.8870553495294 2.2
    endloop
  endfacet
  facet normal 0 0 1
    outer loop
      vertex -12.336300000548363 -22.19309999793768 2.2
      vertex -4.722934229231887 -18.8870553495294 2.2
      vertex -4.798611707300602 -18.760795105238994 2.2
    endloop
  endfacet
  facet normal 0 0 1
    outer loop
      vertex -12.336300000548363 -22.19309999793768 2.2
      vertex -4.798611707300602 -18.760795105238994 2.2
      vertex -4.861549109545 -18.627725148547633 2.2
    endloop
  endfacet
  facet normal 0 0 1
    outer loop
      vertex -12.336300000548363 -22.19309999793768 2.2
      vertex -4.861549109545 -18.627725148547633 2.2
      vertex -4.911140314376383 -18.489127015881692 2.2
    endloop
  endfacet
  facet normal 0 0 1
    outer loop
      vertex -12.336300000548363 -22.19309999793768 2.2
      vertex -4.911140314376383 -18.489127015881692 2.2
      vertex -4.9469077313829155 -18.34633548302419 2.2
    endloop
  endfacet
  facet normal 0 0 1
    outer loop
      vertex -12.336300000548363 -22.19309999793768 2.2
      vertex -4.9469077313829155 -18.34633548302419 2.2
      vertex -4.968506900786365 -18.20072571049434 2.2
    endloop
  endfacet
  facet normal 0 0 1
    outer loop
      vertex -12.336300000548363 -22.19309999793768 2.2
      vertex -4.968506900786365 -18.20072571049434 2.2
      vertex -4.97572981077807 -18.0537 2.2
    endloop
  endfacet
  facet normal 0 0 1
    outer loop
      vertex -12.336300000548363 -22.19309999793768 2.2
      vertex -4.97572981077807 -18.0537 2.2
      vertex -4.968506900786365 -17.90667428950566 2.2
    endloop
  endfacet
  facet normal 0 0 1
    outer loop
      vertex -12.336300000548363 -22.19309999793768 2.2
      vertex -0.00029999762773513794 -24.822999998927116 2.2
      vertex 4.88570000231266 -19.38180000334978 2.2
    endloop
  endfacet
  facet normal 0 0 1
    outer loop
      vertex -12.336300000548363 -22.19309999793768 2.2
      vertex 4.88570000231266 -19.38180000334978 2.2
      vertex -3.47572981077807 -19.5537 2.2
    endloop
  endfacet
  facet normal 0 0 1
    outer loop
      vertex 4.88570000231266 -19.38180000334978 2.2
      vertex -3.328704100283729 -19.546477090008295 2.2
      vertex -3.47572981077807 -19.5537 2.2
    endloop
  endfacet
  facet normal 0 0 1
    outer loop
      vertex 4.88570000231266 -19.38180000334978 2.2
      vertex -3.1830943277538775 -19.524877920604844 2.2
      vertex -3.328704100283729 -19.546477090008295 2.2
    endloop
  endfacet
  facet normal 0 0 1
    outer loop
      vertex 4.88570000231266 -19.38180000334978 2.2
      vertex -3.0403027948963763 -19.48911050359831 2.2
      vertex -3.1830943277538775 -19.524877920604844 2.2
    endloop
  endfacet
  facet normal 0 0 1
    outer loop
      vertex 4.88570000231266 -19.38180000334978 2.2
      vertex -2.9017046622304354 -19.43951929876693 2.2
      vertex -3.0403027948963763 -19.48911050359831 2.2
    endloop
  endfacet
  facet normal 0 0 1
    outer loop
      vertex 4.88570000231266 -19.38180000334978 2.2
      vertex -2.7686347055390734 -19.37658189652253 2.2
      vertex -2.9017046622304354 -19.43951929876693 2.2
    endloop
  endfacet
  facet normal 0 0 1
    outer loop
      vertex 4.88570000231266 -19.38180000334978 2.2
      vertex -2.6423744612486666 -19.30090441845382 2.2
      vertex -2.7686347055390734 -19.37658189652253 2.2
    endloop
  endfacet
  facet normal 0 0 1
    outer loop
      vertex -12.347499996423721 -22.189099997282028 2.2
      vertex -12.336300000548363 -22.19309999793768 2.2
      vertex -12.149499997496605 -9.274700000882149 2.2
    endloop
  endfacet
  facet normal 0 0 1
    outer loop
      vertex -12.35809999704361 -22.183700002729893 2.2
      vertex -12.347499996423721 -22.189099997282028 2.2
      vertex -12.149499997496605 -9.274700000882149 2.2
    endloop
  endfacet
  facet normal 0 0 1
    outer loop
      vertex -12.336300000548363 -22.19309999793768 2.2
      vertex -10.463500000536442 -8.872100003063679 2.2
      vertex -12.149499997496605 -9.274700000882149 2.2
    endloop
  endfacet
  facet normal 0 0 1
    outer loop
      vertex -12.336300000548363 -22.19309999793768 2.2
      vertex -5.0163000002503395 -8.872100003063679 2.2
      vertex -10.463500000536442 -8.872100003063679 2.2
    endloop
  endfacet
  facet normal 0 0 1
    outer loop
      vertex -12.336300000548363 -22.19309999793768 2.2
      vertex -4.968506900786365 -17.90667428950566 2.2
      vertex -4.9469077313829155 -17.761064516975807 2.2
    endloop
  endfacet
  facet normal 0 0 1
    outer loop
      vertex -12.336300000548363 -22.19309999793768 2.2
      vertex -4.9469077313829155 -17.761064516975807 2.2
      vertex -4.911140314376383 -17.618272984118306 2.2
    endloop
  endfacet
  facet normal 0 0 1
    outer loop
      vertex -12.336300000548363 -22.19309999793768 2.2
      vertex -4.911140314376383 -17.618272984118306 2.2
      vertex -4.861549109545 -17.479674851452366 2.2
    endloop
  endfacet
  facet normal 0 0 1
    outer loop
      vertex -12.336300000548363 -22.19309999793768 2.2
      vertex -4.861549109545 -17.479674851452366 2.2
      vertex -4.798611707300602 -17.346604894761004 2.2
    endloop
  endfacet
  facet normal 0 0 1
    outer loop
      vertex -12.336300000548363 -22.19309999793768 2.2
      vertex -4.798611707300602 -17.346604894761004 2.2
      vertex -4.722934229231887 -17.220344650470597 2.2
    endloop
  endfacet
  facet normal 0 0 1
    outer loop
      vertex -12.336300000548363 -22.19309999793768 2.2
      vertex -4.722934229231887 -17.220344650470597 2.2
      vertex -1.0367999970912933 -12.216300003230572 2.2
    endloop
  endfacet
  facet normal 0 0 1
    outer loop
      vertex 4.88570000231266 -19.38180000334978 2.2
      vertex -2.5241398845326017 -19.213215680044105 2.2
      vertex -2.6423744612486666 -19.30090441845382 2.2
    endloop
  endfacet
  facet normal 0 0 1
    outer loop
      vertex 4.88570000231266 -19.38180000334978 2.2
      vertex -2.4150696389982484 -19.114360171779822 2.2
      vertex -2.5241398845326017 -19.213215680044105 2.2
    endloop
  endfacet
  facet normal 0 0 1
    outer loop
      vertex -12.336300000548363 -22.19309999793768 2.2
      vertex -1.0367999970912933 -12.216300003230572 2.2
      vertex -5.0163000002503395 -8.872100003063679 2.2
    endloop
  endfacet
  facet normal 0 0 1
    outer loop
      vertex -1.0367999970912933 -12.216300003230572 2.2
      vertex -4.722934229231887 -17.220344650470597 2.2
      vertex -4.635245490822175 -17.10211007375453 2.2
    endloop
  endfacet
  facet normal 0 0 1
    outer loop
      vertex -1.0367999970912933 -12.216300003230572 2.2
      vertex -4.635245490822175 -17.10211007375453 2.2
      vertex -4.536389982557891 -16.993039828220176 2.2
    endloop
  endfacet
  facet normal 0 0 1
    outer loop
      vertex -1.0367999970912933 -12.216300003230572 2.2
      vertex -4.536389982557891 -16.993039828220176 2.2
      vertex -4.427319737023538 -16.894184319955894 2.2
    endloop
  endfacet
  facet normal 0 0 1
    outer loop
      vertex -1.0367999970912933 -12.216300003230572 2.2
      vertex -2.4150696389982484 -16.993039828220176 2.2
      vertex -2.3162141307339645 -17.10211007375453 2.2
    endloop
  endfacet
  facet normal 0 0 1
    outer loop
      vertex -1.0367999970912933 -12.216300003230572 2.2
      vertex -2.5241398845326017 -16.894184319955894 2.2
      vertex -2.4150696389982484 -16.993039828220176 2.2
    endloop
  endfacet
  facet normal 0 0 1
    outer loop
      vertex -1.0367999970912933 -12.216300003230572 2.2
      vertex -4.427319737023538 -16.894184319955894 2.2
      vertex -4.309085160307474 -16.80649558154618 2.2
    endloop
  endfacet
  facet normal 0 0 1
    outer loop
      vertex -1.0367999970912933 -12.216300003230572 2.2
      vertex -4.309085160307474 -16.80649558154618 2.2
      vertex -4.182824916017067 -16.730818103477468 2.2
    endloop
  endfacet
  facet normal 0 0 1
    outer loop
      vertex -1.0367999970912933 -12.216300003230572 2.2
      vertex -4.182824916017067 -16.730818103477468 2.2
      vertex -4.049754959325704 -16.66788070123307 2.2
    endloop
  endfacet
  facet normal 0 0 1
    outer loop
      vertex -1.0367999970912933 -12.216300003230572 2.2
      vertex -4.049754959325704 -16.66788070123307 2.2
      vertex -3.9111568266597634 -16.618289496401687 2.2
    endloop
  endfacet
  facet normal 0 0 1
    outer loop
      vertex -1.0367999970912933 -12.216300003230572 2.2
      vertex -3.9111568266597634 -16.618289496401687 2.2
      vertex -3.7683652938022623 -16.582522079395154 2.2
    endloop
  endfacet
  facet normal 0 0 1
    outer loop
      vertex -1.0367999970912933 -12.216300003230572 2.2
      vertex -3.7683652938022623 -16.582522079395154 2.2
      vertex -3.6227555212724107 -16.560922909991703 2.2
    endloop
  endfacet
  facet normal 0 0 1
    outer loop
      vertex -1.0367999970912933 -12.216300003230572 2.2
      vertex -3.328704100283729 -16.560922909991703 2.2
      vertex -3.1830943277538775 -16.582522079395154 2.2
    endloop
  endfacet
  facet normal 0 0 1
    outer loop
      vertex -1.0367999970912933 -12.216300003230572 2.2
      vertex -3.1830943277538775 -16.582522079395154 2.2
      vertex -3.0403027948963763 -16.618289496401687 2.2
    endloop
  endfacet
  facet normal 0 0 1
    outer loop
      vertex -1.0367999970912933 -12.216300003230572 2.2
      vertex -3.6227555212724107 -16.560922909991703 2.2
      vertex -3.47572981077807 -16.5537 2.2
    endloop
  endfacet
  facet normal 0 0 1
    outer loop
      vertex -1.0367999970912933 -12.216300003230572 2.2
      vertex -3.47572981077807 -16.5537 2.2
      vertex -3.328704100283729 -16.560922909991703 2.2
    endloop
  endfacet
  facet normal 0 0 1
    outer loop
      vertex -1.0367999970912933 -12.216300003230572 2.2
      vertex -2.7686347055390734 -16.730818103477468 2.2
      vertex -2.6423744612486666 -16.80649558154618 2.2
    endloop
  endfacet
  facet normal 0 0 1
    outer loop
      vertex -1.0367999970912933 -12.216300003230572 2.2
      vertex -2.9017046622304354 -16.66788070123307 2.2
      vertex -2.7686347055390734 -16.730818103477468 2.2
    endloop
  endfacet
  facet normal 0 0 1
    outer loop
      vertex -1.0367999970912933 -12.216300003230572 2.2
      vertex -3.0403027948963763 -16.618289496401687 2.2
      vertex -2.9017046622304354 -16.66788070123307 2.2
    endloop
  endfacet
  facet normal 0 0 1
    outer loop
      vertex -1.0367999970912933 -12.216300003230572 2.2
      vertex -2.6423744612486666 -16.80649558154618 2.2
      vertex -2.5241398845326017 -16.894184319955894 2.2
    endloop
  endfacet
  facet normal 0 0 1
    outer loop
      vertex -1.0367999970912933 -12.216300003230572 2.2
      vertex -2.228525392324252 -17.220344650470597 2.2
      vertex -2.1528479142555375 -17.346604894761004 2.2
    endloop
  endfacet
  facet normal 0 0 1
    outer loop
      vertex -1.0367999970912933 -12.216300003230572 2.2
      vertex -2.3162141307339645 -17.10211007375453 2.2
      vertex -2.228525392324252 -17.220344650470597 2.2
    endloop
  endfacet
  facet normal 0 0 -1
    outer loop
      vertex -42.41040000319481 -6.91160000115633 0
      vertex -12.149499997496605 -9.274700000882149 0
      vertex -12.35809999704361 -22.183700002729893 0
    endloop
  endfacet
  facet normal 0 0 -1
    outer loop
      vertex -42.41040000319481 -6.91160000115633 0
      vertex -12.777000002563 -7.531599998474121 0
      vertex -12.149499997496605 -9.274700000882149 0
    endloop
  endfacet
  facet normal 0 0 -1
    outer loop
      vertex -42.41040000319481 -6.91160000115633 0
      vertex -22.60930000245571 9.564599998295307 0
      vertex -12.777000002563 -7.531599998474121 0
    endloop
  endfacet
  facet normal 0 0 -1
    outer loop
      vertex -8.694600000977516 -8.025200001895428 0
      vertex -10.474200002849102 -6.086199998855591 0
      vertex -6.096100002527237 -8.025200001895428 0
    endloop
  endfacet
  facet normal 0.9408901635334773 0.33871182466212535 0
    outer loop
      vertex -12.149499997496605 -9.274700000882149 0
      vertex -12.777000002563 -7.531599998474121 0
      vertex -12.149499997496605 -9.274700000882149 2.2
    endloop
  endfacet
  facet normal 0.5316245698194205 -0.8469801159202712 0
    outer loop
      vertex -12.777000002563 -7.531599998474121 0
      vertex -10.474200002849102 -6.086199998855591 0
      vertex -12.777000002563 -7.531599998474121 2.2
    endloop
  endfacet
  facet normal -0.2322600186082418 0.9726537327107213 1.455654279885183e-17
    outer loop
      vertex -12.149499997496605 -9.274700000882149 0
      vertex -10.463500000536442 -8.872100003063679 2.2
      vertex -10.463500000536442 -8.872100003063679 0
    endloop
  endfacet
  facet normal -0.7367407790488267 -0.67617529124224 -2.8761776506093566e-17
    outer loop
      vertex -8.694600000977516 -8.025200001895428 0
      vertex -10.474200002849102 -6.086199998855591 2.2
      vertex -10.474200002849102 -6.086199998855591 0
    endloop
  endfacet
  facet normal 0 -1 0
    outer loop
      vertex -8.694600000977516 -8.025200001895428 0
      vertex -6.096100002527237 -8.025200001895428 0
      vertex -8.694600000977516 -8.025200001895428 2.2
    endloop
  endfacet
  facet normal 0.6433522371131488 0.7655703096394914 0
    outer loop
      vertex -1.0367999970912933 -12.216300003230572 0
      vertex -5.0163000002503395 -8.872100003063679 0
      vertex -1.0367999970912933 -12.216300003230572 2.2
    endloop
  endfacet
  facet normal -0.6472982686615282 -0.7622368079460531 0
    outer loop
      vertex -2.7946000024676323 -10.038400001823902 0
      vertex 0.649899996817112 -12.963500000536442 0
      vertex -2.7946000024676323 -10.038400001823902 2.2
    endloop
  endfacet
  facet normal 0 1 0
    outer loop
      vertex -10.463500000536442 -8.872100003063679 0
      vertex -5.0163000002503395 -8.872100003063679 2.2
      vertex -5.0163000002503395 -8.872100003063679 0
    endloop
  endfacet
  facet normal -0.5206244364751398 -0.8537858022624544 -1.3050440650292908e-17
    outer loop
      vertex -2.7946000024676323 -10.038400001823902 0
      vertex -6.096100002527237 -8.025200001895428 2.2
      vertex -6.096100002527237 -8.025200001895428 0
    endloop
  endfacet
  facet normal -0.2322600186082418 0.9726537327107213 0
    outer loop
      vertex -12.149499997496605 -9.274700000882149 0
      vertex -12.149499997496605 -9.274700000882149 2.2
      vertex -10.463500000536442 -8.872100003063679 2.2
    endloop
  endfacet
  facet normal 0.9408901635334773 0.33871182466212535 0
    outer loop
      vertex -12.777000002563 -7.531599998474121 0
      vertex -12.777000002563 -7.531599998474121 2.2
      vertex -12.149499997496605 -9.274700000882149 2.2
    endloop
  endfacet
  facet normal 0 1 0
    outer loop
      vertex -10.463500000536442 -8.872100003063679 0
      vertex -10.463500000536442 -8.872100003063679 2.2
      vertex -5.0163000002503395 -8.872100003063679 2.2
    endloop
  endfacet
  facet normal 0.5316245698194205 -0.8469801159202712 0
    outer loop
      vertex -10.474200002849102 -6.086199998855591 0
      vertex -10.474200002849102 -6.086199998855591 2.2
      vertex -12.777000002563 -7.531599998474121 2.2
    endloop
  endfacet
  facet normal -0.7367407790488267 -0.67617529124224 0
    outer loop
      vertex -8.694600000977516 -8.025200001895428 0
      vertex -8.694600000977516 -8.025200001895428 2.2
      vertex -10.474200002849102 -6.086199998855591 2.2
    endloop
  endfacet
  facet normal -0.6472982686615282 -0.7622368079460531 -8.933903636355372e-17
    outer loop
      vertex -2.7946000024676323 -10.038400001823902 2.2
      vertex 0.649899996817112 -12.963500000536442 0
      vertex 0.649899996817112 -12.963500000536442 2.2
    endloop
  endfacet
  facet normal 0.6433522371131488 0.7655703096394914 0
    outer loop
      vertex -5.0163000002503395 -8.872100003063679 0
      vertex -5.0163000002503395 -8.872100003063679 2.2
      vertex -1.0367999970912933 -12.216300003230572 2.2
    endloop
  endfacet
  facet normal -0.5206244364751398 -0.8537858022624544 0
    outer loop
      vertex -2.7946000024676323 -10.038400001823902 0
      vertex -2.7946000024676323 -10.038400001823902 2.2
      vertex -6.096100002527237 -8.025200001895428 2.2
    endloop
  endfacet
  facet normal 0 -1 0
    outer loop
      vertex -6.096100002527237 -8.025200001895428 0
      vertex -6.096100002527237 -8.025200001895428 2.2
      vertex -8.694600000977516 -8.025200001895428 2.2
    endloop
  endfacet
  facet normal 0 0 -1
    outer loop
      vertex -12.777000002563 -7.531599998474121 0
      vertex -17.311200000345707 8.749499998986721 0
      vertex -10.474200002849102 -6.086199998855591 0
    endloop
  endfacet
  facet normal 0 0 -1
    outer loop
      vertex -6.096100002527237 -8.025200001895428 0
      vertex -10.474200002849102 -6.086199998855591 0
      vertex -9.790700003504753 8.749499998986721 0
    endloop
  endfacet
  facet normal 0 0 -1
    outer loop
      vertex -2.7946000024676323 -10.038400001823902 0
      vertex -9.790700003504753 8.749499998986721 0
      vertex 0.649899996817112 -12.963500000536442 0
    endloop
  endfacet
  facet normal 0 0 -1
    outer loop
      vertex -9.790700003504753 8.749499998986721 0
      vertex 6.689900003373623 -13.41550000011921 0
      vertex 0.649899996817112 -12.963500000536442 0
    endloop
  endfacet
  facet normal 0 0 -1
    outer loop
      vertex -2.7946000024676323 -10.038400001823902 0
      vertex -6.096100002527237 -8.025200001895428 0
      vertex -9.790700003504753 8.749499998986721 0
    endloop
  endfacet
  facet normal 0 0 -1
    outer loop
      vertex -9.056800000369549 8.96850000321865 0
      vertex 0.7378999963402748 -4.931599996984005 0
      vertex 6.689900003373623 -13.41550000011921 0
    endloop
  endfacet
  facet normal 0 0 1
    outer loop
      vertex -42.41040000319481 -6.91160000115633 2.2
      vertex -12.35809999704361 -22.183700002729893 2.2
      vertex -12.149499997496605 -9.274700000882149 2.2
    endloop
  endfacet
  facet normal 0 0 1
    outer loop
      vertex -42.41040000319481 -6.91160000115633 2.2
      vertex -12.149499997496605 -9.274700000882149 2.2
      vertex -12.777000002563 -7.531599998474121 2.2
    endloop
  endfacet
  facet normal 0 0 1
    outer loop
      vertex -42.41040000319481 -6.91160000115633 2.2
      vertex -12.777000002563 -7.531599998474121 2.2
      vertex -22.60930000245571 9.564599998295307 2.2
    endloop
  endfacet
  facet normal 0 0 1
    outer loop
      vertex -8.694600000977516 -8.025200001895428 2.2
      vertex -6.096100002527237 -8.025200001895428 2.2
      vertex -10.474200002849102 -6.086199998855591 2.2
    endloop
  endfacet
  facet normal 0 0 1
    outer loop
      vertex -12.777000002563 -7.531599998474121 2.2
      vertex -10.474200002849102 -6.086199998855591 2.2
      vertex -17.311200000345707 8.749499998986721 2.2
    endloop
  endfacet
  facet normal 0 0 1
    outer loop
      vertex -6.096100002527237 -8.025200001895428 2.2
      vertex -9.790700003504753 8.749499998986721 2.2
      vertex -10.474200002849102 -6.086199998855591 2.2
    endloop
  endfacet
  facet normal 0 0 1
    outer loop
      vertex -2.7946000024676323 -10.038400001823902 2.2
      vertex 0.649899996817112 -12.963500000536442 2.2
      vertex -9.790700003504753 8.749499998986721 2.2
    endloop
  endfacet
  facet normal 0 0 1
    outer loop
      vertex -9.790700003504753 8.749499998986721 2.2
      vertex 0.649899996817112 -12.963500000536442 2.2
      vertex 6.689900003373623 -13.41550000011921 2.2
    endloop
  endfacet
  facet normal 0 0 1
    outer loop
      vertex -2.7946000024676323 -10.038400001823902 2.2
      vertex -9.790700003504753 8.749499998986721 2.2
      vertex -6.096100002527237 -8.025200001895428 2.2
    endloop
  endfacet
  facet normal 0 0 1
    outer loop
      vertex -9.056800000369549 8.96850000321865 2.2
      vertex 6.689900003373623 -13.41550000011921 2.2
      vertex 0.7378999963402748 -4.931599996984005 2.2
    endloop
  endfacet
  facet normal -0.650298436201808 -0.7596788425864465 -6.73562845133135e-17
    outer loop
      vertex -54.46909999847412 -0.6573999971151352 0
      vertex -57.88409999758005 2.2659000009298325 2.2
      vertex -57.88409999758005 2.2659000009298325 0
    endloop
  endfacet
  facet normal -0.650175717647801 -0.7597838746519743 0
    outer loop
      vertex -57.91459999978542 2.292000003159046 0
      vertex -57.88409999758005 2.2659000009298325 0
      vertex -57.91459999978542 2.292000003159046 2.2
    endloop
  endfacet
  facet normal 0 0 -1
    outer loop
      vertex -57.91459999978542 2.292000003159046 0
      vertex -60 6.62950000166893 0
      vertex -60 10.41889999806881 0
    endloop
  endfacet
  facet normal 0 0 -1
    outer loop
      vertex -54.46909999847412 -0.6573999971151352 0
      vertex -57.88409999758005 2.2659000009298325 0
      vertex -57.09759999811649 15.364799998700619 0
    endloop
  endfacet
  facet normal -0.9012472751282642 -0.4333051454505 5.2427847842380185e-17
    outer loop
      vertex -57.91459999978542 2.292000003159046 0
      vertex -60 6.62950000166893 2.2
      vertex -60 6.62950000166893 0
    endloop
  endfacet
  facet normal 0 0 -1
    outer loop
      vertex -54.4522999972105 -0.6718000024557114 0
      vertex -39.27179999649525 15.400700002908707 0
      vertex -42.4117000028491 -6.910899996757507 0
    endloop
  endfacet
  facet normal 0 0 -1
    outer loop
      vertex -54.46909999847412 -0.6573999971151352 0
      vertex -43.13970000296831 17.072999998927116 0
      vertex -54.4522999972105 -0.6718000024557114 0
    endloop
  endfacet
  facet normal -0.650175717647801 -0.7597838746519743 0
    outer loop
      vertex -57.88409999758005 2.2659000009298325 0
      vertex -57.88409999758005 2.2659000009298325 2.2
      vertex -57.91459999978542 2.292000003159046 2.2
    endloop
  endfacet
  facet normal -0.650298436201808 -0.7596788425864465 0
    outer loop
      vertex -54.46909999847412 -0.6573999971151352 0
      vertex -54.46909999847412 -0.6573999971151352 2.2
      vertex -57.88409999758005 2.2659000009298325 2.2
    endloop
  endfacet
  facet normal -0.9012472751282642 -0.4333051454505 0
    outer loop
      vertex -57.91459999978542 2.292000003159046 0
      vertex -57.91459999978542 2.292000003159046 2.2
      vertex -60 6.62950000166893 2.2
    endloop
  endfacet
  facet normal 0 0 -1
    outer loop
      vertex -57.91459999978542 2.292000003159046 0
      vertex -57.09759999811649 15.364799998700619 0
      vertex -57.88409999758005 2.2659000009298325 0
    endloop
  endfacet
  facet normal 0 0 -1
    outer loop
      vertex -57.91459999978542 2.292000003159046 0
      vertex -60 10.41889999806881 0
      vertex -59.048100002110004 13.358599998056889 0
    endloop
  endfacet
  facet normal -1 0 0
    outer loop
      vertex -60 6.62950000166893 0
      vertex -60 10.41889999806881 2.2
      vertex -60 10.41889999806881 0
    endloop
  endfacet
  facet normal 0 0 -1
    outer loop
      vertex -57.91459999978542 2.292000003159046 0
      vertex -59.048100002110004 13.358599998056889 0
      vertex -57.09759999811649 15.364799998700619 0
    endloop
  endfacet
  facet normal 0 0 -1
    outer loop
      vertex -54.46909999847412 -0.6573999971151352 0
      vertex -57.09759999811649 15.364799998700619 0
      vertex -57.08990000188351 15.371200002729893 0
    endloop
  endfacet
  facet normal 0 0 -1
    outer loop
      vertex -54.46909999847412 -0.6573999971151352 0
      vertex -57.08990000188351 15.371200002729893 0
      vertex -54.467100001871586 17.55690000206232 0
    endloop
  endfacet
  facet normal 0 0 -1
    outer loop
      vertex -54.46909999847412 -0.6573999971151352 0
      vertex -54.46639999747276 17.55749999731779 0
      vertex -54.46559999883175 17.558100000023842 0
    endloop
  endfacet
  facet normal 0 0 -1
    outer loop
      vertex -54.46909999847412 -0.6573999971151352 0
      vertex -54.467100001871586 17.55690000206232 0
      vertex -54.46639999747276 17.55749999731779 0
    endloop
  endfacet
  facet normal 0 0 -1
    outer loop
      vertex -54.46909999847412 -0.6573999971151352 0
      vertex -54.46559999883175 17.558100000023842 0
      vertex -54.31700000166893 17.671300001442432 0
    endloop
  endfacet
  facet normal 0 0 -1
    outer loop
      vertex -54.46909999847412 -0.6573999971151352 0
      vertex -54.31700000166893 17.671300001442432 0
      vertex -54.15659999847412 17.778499998152256 0
    endloop
  endfacet
  facet normal 0 0 -1
    outer loop
      vertex -54.46909999847412 -0.6573999971151352 0
      vertex -54.15659999847412 17.778499998152256 0
      vertex -53.985699996352196 17.879900000989437 0
    endloop
  endfacet
  facet normal 0 0 -1
    outer loop
      vertex -54.46909999847412 -0.6573999971151352 0
      vertex -53.985699996352196 17.879900000989437 0
      vertex -53.80560000240803 17.975500002503395 0
    endloop
  endfacet
  facet normal 0 0 -1
    outer loop
      vertex -54.46909999847412 -0.6573999971151352 0
      vertex -53.80560000240803 17.975500002503395 0
      vertex -53.61729999631643 18.065600000321865 0
    endloop
  endfacet
  facet normal 0 0 -1
    outer loop
      vertex -54.46909999847412 -0.6573999971151352 0
      vertex -53.61729999631643 18.065600000321865 0
      vertex -53.42210000008345 18.150200001895428 0
    endloop
  endfacet
  facet normal 0 0 -1
    outer loop
      vertex -54.46909999847412 -0.6573999971151352 0
      vertex -53.42210000008345 18.150200001895428 0
      vertex -53.22110000252724 18.229500003159046 0
    endloop
  endfacet
  facet normal 0 0 -1
    outer loop
      vertex -54.46909999847412 -0.6573999971151352 0
      vertex -53.22110000252724 18.229500003159046 0
      vertex -53.01569999754429 18.303700000047684 0
    endloop
  endfacet
  facet normal 0 0 -1
    outer loop
      vertex -54.46909999847412 -0.6573999971151352 0
      vertex -53.01569999754429 18.303700000047684 0
      vertex -52.80690000206232 18.372900001704693 0
    endloop
  endfacet
  facet normal 0 0 -1
    outer loop
      vertex -54.46909999847412 -0.6573999971151352 0
      vertex -52.80690000206232 18.372900001704693 0
      vertex -52.596000000834465 18.437200002372265 0
    endloop
  endfacet
  facet normal 0 0 -1
    outer loop
      vertex -54.46909999847412 -0.6573999971151352 0
      vertex -52.596000000834465 18.437200002372265 0
      vertex -52.38419999927282 18.496799997985363 0
    endloop
  endfacet
  facet normal 0 0 -1
    outer loop
      vertex -54.46909999847412 -0.6573999971151352 0
      vertex -52.38419999927282 18.496799997985363 0
      vertex -52.172600001096725 18.55179999768734 0
    endloop
  endfacet
  facet normal 0 0 -1
    outer loop
      vertex -54.46909999847412 -0.6573999971151352 0
      vertex -52.172600001096725 18.55179999768734 0
      vertex -51.96040000021458 18.602799996733665 0
    endloop
  endfacet
  facet normal 0 0 -1
    outer loop
      vertex -54.46909999847412 -0.6573999971151352 0
      vertex -51.96040000021458 18.602799996733665 0
      vertex -51.74960000067949 18.649599999189377 0
    endloop
  endfacet
  facet normal 0 0 -1
    outer loop
      vertex -54.46909999847412 -0.6573999971151352 0
      vertex -51.74960000067949 18.649599999189377 0
      vertex -51.54119999706745 18.69250000268221 0
    endloop
  endfacet
  facet normal -0.9513667114291927 0.30806067646553487 8.165870573488404e-18
    outer loop
      vertex -60 10.41889999806881 0
      vertex -59.048100002110004 13.358599998056889 2.2
      vertex -59.048100002110004 13.358599998056889 0
    endloop
  endfacet
  facet normal 0 0 -1
    outer loop
      vertex -54.46909999847412 -0.6573999971151352 0
      vertex -51.54119999706745 18.69250000268221 0
      vertex -51.336499996483326 18.73139999806881 0
    endloop
  endfacet
  facet normal 0 0 -1
    outer loop
      vertex -54.46909999847412 -0.6573999971151352 0
      vertex -51.336499996483326 18.73139999806881 0
      vertex -51.136500000953674 18.76640000194311 0
    endloop
  endfacet
  facet normal 0 0 -1
    outer loop
      vertex -54.46909999847412 -0.6573999971151352 0
      vertex -51.136500000953674 18.76640000194311 0
      vertex -50.94219999760389 18.797700002789497 0
    endloop
  endfacet
  facet normal 0 0 -1
    outer loop
      vertex -54.46909999847412 -0.6573999971151352 0
      vertex -50.94219999760389 18.797700002789497 0
      vertex -50.75490000098944 18.825300000607967 0
    endloop
  endfacet
  facet normal 0 0 -1
    outer loop
      vertex -54.46909999847412 -0.6573999971151352 0
      vertex -50.75490000098944 18.825300000607967 0
      vertex -50.57549999654293 18.849399998784065 0
    endloop
  endfacet
  facet normal 0 0 -1
    outer loop
      vertex -54.46909999847412 -0.6573999971151352 0
      vertex -50.57549999654293 18.849399998784065 0
      vertex -50.405199997127056 18.86999999731779 0
    endloop
  endfacet
  facet normal 0 0 -1
    outer loop
      vertex -54.46909999847412 -0.6573999971151352 0
      vertex -50.405199997127056 18.86999999731779 0
      vertex -50.24509999901056 18.88729999959469 0
    endloop
  endfacet
  facet normal 0 0 -1
    outer loop
      vertex -54.46909999847412 -0.6573999971151352 0
      vertex -50.24509999901056 18.88729999959469 0
      vertex -50.09619999676943 18.901299998164177 0
    endloop
  endfacet
  facet normal 0 0 -1
    outer loop
      vertex -54.46909999847412 -0.6573999971151352 0
      vertex -49.959700003266335 18.91210000216961 0
      vertex -49.93479999899864 18.91390000283718 0
    endloop
  endfacet
  facet normal 0 0 -1
    outer loop
      vertex -54.46909999847412 -0.6573999971151352 0
      vertex -50.09619999676943 18.901299998164177 0
      vertex -49.959700003266335 18.91210000216961 0
    endloop
  endfacet
  facet normal 0 0 -1
    outer loop
      vertex -54.46909999847412 -0.6573999971151352 0
      vertex -49.93479999899864 18.91390000283718 0
      vertex -47.33070000261068 18.415200002491474 0
    endloop
  endfacet
  facet normal 0 0 -1
    outer loop
      vertex -54.4522999972105 -0.6718000024557114 0
      vertex -43.13970000296831 17.072999998927116 0
      vertex -43.13080000132322 17.070100001990795 0
    endloop
  endfacet
  facet normal 0 0 -1
    outer loop
      vertex -54.4522999972105 -0.6718000024557114 0
      vertex -43.13080000132322 17.070100001990795 0
      vertex -39.27179999649525 15.400700002908707 0
    endloop
  endfacet
  facet normal 0 0 -1
    outer loop
      vertex -54.46909999847412 -0.6573999971151352 0
      vertex -47.33070000261068 18.415200002491474 0
      vertex -43.13970000296831 17.072999998927116 0
    endloop
  endfacet
  facet normal -1 0 0
    outer loop
      vertex -60 6.62950000166893 0
      vertex -60 6.62950000166893 2.2
      vertex -60 10.41889999806881 2.2
    endloop
  endfacet
  facet normal -0.9513667114291927 0.30806067646553487 0
    outer loop
      vertex -60 10.41889999806881 0
      vertex -60 10.41889999806881 2.2
      vertex -59.048100002110004 13.358599998056889 2.2
    endloop
  endfacet
  facet normal 0 0 -1
    outer loop
      vertex -42.41110000014305 -6.911300003528595 0
      vertex -39.27179999649525 15.400700002908707 0
      vertex -42.41040000319481 -6.91160000115633 0
    endloop
  endfacet
  facet normal 0 0 -1
    outer loop
      vertex -42.4117000028491 -6.910899996757507 0
      vertex -39.27179999649525 15.400700002908707 0
      vertex -42.41110000014305 -6.911300003528595 0
    endloop
  endfacet
  facet normal 0 0 -1
    outer loop
      vertex -42.41040000319481 -6.91160000115633 0
      vertex -33.5705000013113 13.054700002074242 0
      vertex -22.60930000245571 9.564599998295307 0
    endloop
  endfacet
  facet normal 0 0 -1
    outer loop
      vertex -42.41040000319481 -6.91160000115633 0
      vertex -39.27179999649525 15.400700002908707 0
      vertex -33.5705000013113 13.054700002074242 0
    endloop
  endfacet
  facet normal 0 0 1
    outer loop
      vertex -57.91459999978542 2.292000003159046 2.2
      vertex -60 10.41889999806881 2.2
      vertex -60 6.62950000166893 2.2
    endloop
  endfacet
  facet normal 0 0 1
    outer loop
      vertex -54.46909999847412 -0.6573999971151352 2.2
      vertex -57.09759999811649 15.364799998700619 2.2
      vertex -57.88409999758005 2.2659000009298325 2.2
    endloop
  endfacet
  facet normal 0 0 1
    outer loop
      vertex -42.4117000028491 -6.910899996757507 2.2
      vertex -47.212427015881694 5.510889496401687 2.2
      vertex -47.351025148547635 5.56048070123307 2.2
    endloop
  endfacet
  facet normal 0 0 1
    outer loop
      vertex -42.4117000028491 -6.910899996757507 2.2
      vertex -47.06963548302419 5.475122079395154 2.2
      vertex -47.212427015881694 5.510889496401687 2.2
    endloop
  endfacet
  facet normal 0 0 1
    outer loop
      vertex -42.4117000028491 -6.910899996757507 2.2
      vertex -47.484095105239 5.6234181034774675 2.2
      vertex -47.61035534952941 5.699095581546182 2.2
    endloop
  endfacet
  facet normal 0 0 1
    outer loop
      vertex -42.4117000028491 -6.910899996757507 2.2
      vertex -47.351025148547635 5.56048070123307 2.2
      vertex -47.484095105239 5.6234181034774675 2.2
    endloop
  endfacet
  facet normal 0 0 1
    outer loop
      vertex -42.4117000028491 -6.910899996757507 2.2
      vertex -46.92402571049434 5.453522909991705 2.2
      vertex -47.06963548302419 5.475122079395154 2.2
    endloop
  endfacet
  facet normal 0 0 1
    outer loop
      vertex -42.4117000028491 -6.910899996757507 2.2
      vertex -46.777 5.4463 2.2
      vertex -46.92402571049434 5.453522909991705 2.2
    endloop
  endfacet
  facet normal 0 0 1
    outer loop
      vertex -42.4117000028491 -6.910899996757507 2.2
      vertex -46.62997428950566 5.453522909991705 2.2
      vertex -46.777 5.4463 2.2
    endloop
  endfacet
  facet normal 0 0 1
    outer loop
      vertex -42.4117000028491 -6.910899996757507 2.2
      vertex -46.48436451697581 5.475122079395154 2.2
      vertex -46.62997428950566 5.453522909991705 2.2
    endloop
  endfacet
  facet normal 0 0 1
    outer loop
      vertex -42.4117000028491 -6.910899996757507 2.2
      vertex -46.34157298411831 5.510889496401687 2.2
      vertex -46.48436451697581 5.475122079395154 2.2
    endloop
  endfacet
  facet normal 0 0 1
    outer loop
      vertex -54.4522999972105 -0.6718000024557114 2.2
      vertex -47.61035534952941 5.699095581546182 2.2
      vertex -47.72858992624547 5.786784319955895 2.2
    endloop
  endfacet
  facet normal 0 0 1
    outer loop
      vertex -54.4522999972105 -0.6718000024557114 2.2
      vertex -48.02420441845382 6.112944650470597 2.2
      vertex -48.09988189652253 6.239204894761004 2.2
    endloop
  endfacet
  facet normal 0 0 1
    outer loop
      vertex -54.4522999972105 -0.6718000024557114 2.2
      vertex -48.09988189652253 6.239204894761004 2.2
      vertex -48.162819298766934 6.3722748514523655 2.2
    endloop
  endfacet
  facet normal 0 0 1
    outer loop
      vertex -54.4522999972105 -0.6718000024557114 2.2
      vertex -47.72858992624547 5.786784319955895 2.2
      vertex -47.837660171779824 5.885639828220178 2.2
    endloop
  endfacet
  facet normal 0 0 1
    outer loop
      vertex -54.4522999972105 -0.6718000024557114 2.2
      vertex -47.837660171779824 5.885639828220178 2.2
      vertex -47.93651568004411 5.994710073754532 2.2
    endloop
  endfacet
  facet normal 0 0 1
    outer loop
      vertex -54.4522999972105 -0.6718000024557114 2.2
      vertex -47.93651568004411 5.994710073754532 2.2
      vertex -48.02420441845382 6.112944650470597 2.2
    endloop
  endfacet
  facet normal 0 0 1
    outer loop
      vertex -54.4522999972105 -0.6718000024557114 2.2
      vertex -48.162819298766934 6.3722748514523655 2.2
      vertex -48.21241050359831 6.510872984118306 2.2
    endloop
  endfacet
  facet normal 0 0 1
    outer loop
      vertex -54.4522999972105 -0.6718000024557114 2.2
      vertex -48.21241050359831 6.510872984118306 2.2
      vertex -48.248177920604846 6.653664516975807 2.2
    endloop
  endfacet
  facet normal 0 0 1
    outer loop
      vertex -54.4522999972105 -0.6718000024557114 2.2
      vertex -48.248177920604846 6.653664516975807 2.2
      vertex -48.2697770900083 6.799274289505659 2.2
    endloop
  endfacet
  facet normal 0 0 1
    outer loop
      vertex -54.4522999972105 -0.6718000024557114 2.2
      vertex -48.2697770900083 6.799274289505659 2.2
      vertex -48.277 6.9463 2.2
    endloop
  endfacet
  facet normal 0 0 1
    outer loop
      vertex -54.4522999972105 -0.6718000024557114 2.2
      vertex -48.277 6.9463 2.2
      vertex -48.2697770900083 7.093325710494341 2.2
    endloop
  endfacet
  facet normal 0 0 1
    outer loop
      vertex -54.4522999972105 -0.6718000024557114 2.2
      vertex -48.2697770900083 7.093325710494341 2.2
      vertex -48.248177920604846 7.238935483024193 2.2
    endloop
  endfacet
  facet normal 0 0 1
    outer loop
      vertex -54.4522999972105 -0.6718000024557114 2.2
      vertex -48.248177920604846 7.238935483024193 2.2
      vertex -48.21241050359831 7.381727015881694 2.2
    endloop
  endfacet
  facet normal 0 0 1
    outer loop
      vertex -54.4522999972105 -0.6718000024557114 2.2
      vertex -48.21241050359831 7.381727015881694 2.2
      vertex -48.162819298766934 7.520325148547634 2.2
    endloop
  endfacet
  facet normal 0 0 1
    outer loop
      vertex -54.4522999972105 -0.6718000024557114 2.2
      vertex -48.162819298766934 7.520325148547634 2.2
      vertex -48.09988189652253 7.653395105238996 2.2
    endloop
  endfacet
  facet normal 0 0 1
    outer loop
      vertex -54.46909999847412 -0.6573999971151352 2.2
      vertex -54.4522999972105 -0.6718000024557114 2.2
      vertex -43.13970000296831 17.072999998927116 2.2
    endloop
  endfacet
  facet normal 0 0 1
    outer loop
      vertex -54.4522999972105 -0.6718000024557114 2.2
      vertex -48.09988189652253 7.653395105238996 2.2
      vertex -48.02420441845382 7.779655349529403 2.2
    endloop
  endfacet
  facet normal 0 0 1
    outer loop
      vertex -54.4522999972105 -0.6718000024557114 2.2
      vertex -48.02420441845382 7.779655349529403 2.2
      vertex -47.93651568004411 7.897889926245468 2.2
    endloop
  endfacet
  facet normal 0 0 1
    outer loop
      vertex -57.91459999978542 2.292000003159046 2.2
      vertex -57.88409999758005 2.2659000009298325 2.2
      vertex -57.09759999811649 15.364799998700619 2.2
    endloop
  endfacet
  facet normal 0 0 1
    outer loop
      vertex -57.91459999978542 2.292000003159046 2.2
      vertex -59.048100002110004 13.358599998056889 2.2
      vertex -60 10.41889999806881 2.2
    endloop
  endfacet
  facet normal 0 0 1
    outer loop
      vertex -57.91459999978542 2.292000003159046 2.2
      vertex -57.09759999811649 15.364799998700619 2.2
      vertex -59.048100002110004 13.358599998056889 2.2
    endloop
  endfacet
  facet normal 0 0 1
    outer loop
      vertex -54.46909999847412 -0.6573999971151352 2.2
      vertex -57.08990000188351 15.371200002729893 2.2
      vertex -57.09759999811649 15.364799998700619 2.2
    endloop
  endfacet
  facet normal 0 0 1
    outer loop
      vertex -54.46909999847412 -0.6573999971151352 2.2
      vertex -54.467100001871586 17.55690000206232 2.2
      vertex -57.08990000188351 15.371200002729893 2.2
    endloop
  endfacet
  facet normal 0 0 1
    outer loop
      vertex -54.46909999847412 -0.6573999971151352 2.2
      vertex -54.46559999883175 17.558100000023842 2.2
      vertex -54.46639999747276 17.55749999731779 2.2
    endloop
  endfacet
  facet normal 0 0 1
    outer loop
      vertex -54.46909999847412 -0.6573999971151352 2.2
      vertex -54.46639999747276 17.55749999731779 2.2
      vertex -54.467100001871586 17.55690000206232 2.2
    endloop
  endfacet
  facet normal 0 0 1
    outer loop
      vertex -54.46909999847412 -0.6573999971151352 2.2
      vertex -54.31700000166893 17.671300001442432 2.2
      vertex -54.46559999883175 17.558100000023842 2.2
    endloop
  endfacet
  facet normal 0 0 1
    outer loop
      vertex -54.46909999847412 -0.6573999971151352 2.2
      vertex -54.15659999847412 17.778499998152256 2.2
      vertex -54.31700000166893 17.671300001442432 2.2
    endloop
  endfacet
  facet normal 0 0 1
    outer loop
      vertex -54.46909999847412 -0.6573999971151352 2.2
      vertex -53.985699996352196 17.879900000989437 2.2
      vertex -54.15659999847412 17.778499998152256 2.2
    endloop
  endfacet
  facet normal 0 0 1
    outer loop
      vertex -54.46909999847412 -0.6573999971151352 2.2
      vertex -53.80560000240803 17.975500002503395 2.2
      vertex -53.985699996352196 17.879900000989437 2.2
    endloop
  endfacet
  facet normal 0 0 1
    outer loop
      vertex -54.46909999847412 -0.6573999971151352 2.2
      vertex -53.61729999631643 18.065600000321865 2.2
      vertex -53.80560000240803 17.975500002503395 2.2
    endloop
  endfacet
  facet normal 0 0 1
    outer loop
      vertex -54.46909999847412 -0.6573999971151352 2.2
      vertex -53.42210000008345 18.150200001895428 2.2
      vertex -53.61729999631643 18.065600000321865 2.2
    endloop
  endfacet
  facet normal 0 0 1
    outer loop
      vertex -54.46909999847412 -0.6573999971151352 2.2
      vertex -53.22110000252724 18.229500003159046 2.2
      vertex -53.42210000008345 18.150200001895428 2.2
    endloop
  endfacet
  facet normal 0 0 1
    outer loop
      vertex -54.46909999847412 -0.6573999971151352 2.2
      vertex -53.01569999754429 18.303700000047684 2.2
      vertex -53.22110000252724 18.229500003159046 2.2
    endloop
  endfacet
  facet normal 0 0 1
    outer loop
      vertex -54.46909999847412 -0.6573999971151352 2.2
      vertex -52.80690000206232 18.372900001704693 2.2
      vertex -53.01569999754429 18.303700000047684 2.2
    endloop
  endfacet
  facet normal 0 0 1
    outer loop
      vertex -54.46909999847412 -0.6573999971151352 2.2
      vertex -52.596000000834465 18.437200002372265 2.2
      vertex -52.80690000206232 18.372900001704693 2.2
    endloop
  endfacet
  facet normal 0 0 1
    outer loop
      vertex -54.46909999847412 -0.6573999971151352 2.2
      vertex -52.38419999927282 18.496799997985363 2.2
      vertex -52.596000000834465 18.437200002372265 2.2
    endloop
  endfacet
  facet normal 0 0 1
    outer loop
      vertex -54.46909999847412 -0.6573999971151352 2.2
      vertex -52.172600001096725 18.55179999768734 2.2
      vertex -52.38419999927282 18.496799997985363 2.2
    endloop
  endfacet
  facet normal 0 0 1
    outer loop
      vertex -54.46909999847412 -0.6573999971151352 2.2
      vertex -51.96040000021458 18.602799996733665 2.2
      vertex -52.172600001096725 18.55179999768734 2.2
    endloop
  endfacet
  facet normal 0 0 1
    outer loop
      vertex -54.46909999847412 -0.6573999971151352 2.2
      vertex -51.74960000067949 18.649599999189377 2.2
      vertex -51.96040000021458 18.602799996733665 2.2
    endloop
  endfacet
  facet normal 0 0 1
    outer loop
      vertex -54.46909999847412 -0.6573999971151352 2.2
      vertex -51.54119999706745 18.69250000268221 2.2
      vertex -51.74960000067949 18.649599999189377 2.2
    endloop
  endfacet
  facet normal 0 0 1
    outer loop
      vertex -54.4522999972105 -0.6718000024557114 2.2
      vertex -47.93651568004411 7.897889926245468 2.2
      vertex -43.13080000132322 17.070100001990795 2.2
    endloop
  endfacet
  facet normal 0 0 1
    outer loop
      vertex -54.46909999847412 -0.6573999971151352 2.2
      vertex -51.336499996483326 18.73139999806881 2.2
      vertex -51.54119999706745 18.69250000268221 2.2
    endloop
  endfacet
  facet normal 0 0 1
    outer loop
      vertex -54.46909999847412 -0.6573999971151352 2.2
      vertex -51.136500000953674 18.76640000194311 2.2
      vertex -51.336499996483326 18.73139999806881 2.2
    endloop
  endfacet
  facet normal 0 0 1
    outer loop
      vertex -54.46909999847412 -0.6573999971151352 2.2
      vertex -50.94219999760389 18.797700002789497 2.2
      vertex -51.136500000953674 18.76640000194311 2.2
    endloop
  endfacet
  facet normal 0 0 1
    outer loop
      vertex -54.46909999847412 -0.6573999971151352 2.2
      vertex -50.75490000098944 18.825300000607967 2.2
      vertex -50.94219999760389 18.797700002789497 2.2
    endloop
  endfacet
  facet normal 0 0 1
    outer loop
      vertex -54.46909999847412 -0.6573999971151352 2.2
      vertex -50.57549999654293 18.849399998784065 2.2
      vertex -50.75490000098944 18.825300000607967 2.2
    endloop
  endfacet
  facet normal 0 0 1
    outer loop
      vertex -54.46909999847412 -0.6573999971151352 2.2
      vertex -50.405199997127056 18.86999999731779 2.2
      vertex -50.57549999654293 18.849399998784065 2.2
    endloop
  endfacet
  facet normal 0 0 1
    outer loop
      vertex -54.46909999847412 -0.6573999971151352 2.2
      vertex -50.24509999901056 18.88729999959469 2.2
      vertex -50.405199997127056 18.86999999731779 2.2
    endloop
  endfacet
  facet normal 0 0 1
    outer loop
      vertex -54.46909999847412 -0.6573999971151352 2.2
      vertex -50.09619999676943 18.901299998164177 2.2
      vertex -50.24509999901056 18.88729999959469 2.2
    endloop
  endfacet
  facet normal 0 0 1
    outer loop
      vertex -54.46909999847412 -0.6573999971151352 2.2
      vertex -49.93479999899864 18.91390000283718 2.2
      vertex -49.959700003266335 18.91210000216961 2.2
    endloop
  endfacet
  facet normal 0 0 1
    outer loop
      vertex -54.46909999847412 -0.6573999971151352 2.2
      vertex -49.959700003266335 18.91210000216961 2.2
      vertex -50.09619999676943 18.901299998164177 2.2
    endloop
  endfacet
  facet normal 0 0 1
    outer loop
      vertex -54.46909999847412 -0.6573999971151352 2.2
      vertex -47.33070000261068 18.415200002491474 2.2
      vertex -49.93479999899864 18.91390000283718 2.2
    endloop
  endfacet
  facet normal 0 0 1
    outer loop
      vertex -54.4522999972105 -0.6718000024557114 2.2
      vertex -43.13080000132322 17.070100001990795 2.2
      vertex -43.13970000296831 17.072999998927116 2.2
    endloop
  endfacet
  facet normal 0 0 1
    outer loop
      vertex -43.13080000132322 17.070100001990795 2.2
      vertex -47.93651568004411 7.897889926245468 2.2
      vertex -47.837660171779824 8.006960171779822 2.2
    endloop
  endfacet
  facet normal 0 0 1
    outer loop
      vertex -43.13080000132322 17.070100001990795 2.2
      vertex -47.837660171779824 8.006960171779822 2.2
      vertex -47.72858992624547 8.105815680044106 2.2
    endloop
  endfacet
  facet normal 0 0 1
    outer loop
      vertex -43.13080000132322 17.070100001990795 2.2
      vertex -47.72858992624547 8.105815680044106 2.2
      vertex -47.61035534952941 8.193504418453818 2.2
    endloop
  endfacet
  facet normal 0 0 1
    outer loop
      vertex -43.13080000132322 17.070100001990795 2.2
      vertex -47.61035534952941 8.193504418453818 2.2
      vertex -47.484095105239 8.269181896522532 2.2
    endloop
  endfacet
  facet normal 0 0 1
    outer loop
      vertex -43.13080000132322 17.070100001990795 2.2
      vertex -47.484095105239 8.269181896522532 2.2
      vertex -47.351025148547635 8.33211929876693 2.2
    endloop
  endfacet
  facet normal 0 0 1
    outer loop
      vertex -43.13080000132322 17.070100001990795 2.2
      vertex -47.351025148547635 8.33211929876693 2.2
      vertex -47.212427015881694 8.381710503598313 2.2
    endloop
  endfacet
  facet normal 0 0 1
    outer loop
      vertex -43.13080000132322 17.070100001990795 2.2
      vertex -46.20297485145237 8.33211929876693 2.2
      vertex -46.069904894761 8.269181896522532 2.2
    endloop
  endfacet
  facet normal 0 0 1
    outer loop
      vertex -43.13080000132322 17.070100001990795 2.2
      vertex -46.34157298411831 8.381710503598313 2.2
      vertex -46.20297485145237 8.33211929876693 2.2
    endloop
  endfacet
  facet normal 0 0 1
    outer loop
      vertex -54.46909999847412 -0.6573999971151352 2.2
      vertex -43.13970000296831 17.072999998927116 2.2
      vertex -47.33070000261068 18.415200002491474 2.2
    endloop
  endfacet
  facet normal 0 0 1
    outer loop
      vertex -43.13080000132322 17.070100001990795 2.2
      vertex -47.06963548302419 8.417477920604846 2.2
      vertex -46.92402571049434 8.439077090008295 2.2
    endloop
  endfacet
  facet normal 0 0 1
    outer loop
      vertex -43.13080000132322 17.070100001990795 2.2
      vertex -47.212427015881694 8.381710503598313 2.2
      vertex -47.06963548302419 8.417477920604846 2.2
    endloop
  endfacet
  facet normal 0 0 1
    outer loop
      vertex -43.13080000132322 17.070100001990795 2.2
      vertex -46.92402571049434 8.439077090008295 2.2
      vertex -46.777 8.4463 2.2
    endloop
  endfacet
  facet normal 0 0 1
    outer loop
      vertex -43.13080000132322 17.070100001990795 2.2
      vertex -46.777 8.4463 2.2
      vertex -46.62997428950566 8.439077090008295 2.2
    endloop
  endfacet
  facet normal 0 0 1
    outer loop
      vertex -43.13080000132322 17.070100001990795 2.2
      vertex -46.62997428950566 8.439077090008295 2.2
      vertex -46.48436451697581 8.417477920604846 2.2
    endloop
  endfacet
  facet normal 0 0 1
    outer loop
      vertex -43.13080000132322 17.070100001990795 2.2
      vertex -46.48436451697581 8.417477920604846 2.2
      vertex -46.34157298411831 8.381710503598313 2.2
    endloop
  endfacet
  facet normal 0 0 1
    outer loop
      vertex -42.4117000028491 -6.910899996757507 2.2
      vertex -46.20297485145237 5.56048070123307 2.2
      vertex -46.34157298411831 5.510889496401687 2.2
    endloop
  endfacet
  facet normal 0 0 1
    outer loop
      vertex -42.4117000028491 -6.910899996757507 2.2
      vertex -46.069904894761 5.6234181034774675 2.2
      vertex -46.20297485145237 5.56048070123307 2.2
    endloop
  endfacet
  facet normal 0 0 1
    outer loop
      vertex -42.4117000028491 -6.910899996757507 2.2
      vertex -45.943644650470596 5.699095581546182 2.2
      vertex -46.069904894761 5.6234181034774675 2.2
    endloop
  endfacet
  facet normal 0 0 1
    outer loop
      vertex -42.4117000028491 -6.910899996757507 2.2
      vertex -45.82541007375453 5.786784319955895 2.2
      vertex -45.943644650470596 5.699095581546182 2.2
    endloop
  endfacet
  facet normal 0 0 1
    outer loop
      vertex -42.4117000028491 -6.910899996757507 2.2
      vertex -45.71633982822018 5.885639828220178 2.2
      vertex -45.82541007375453 5.786784319955895 2.2
    endloop
  endfacet
  facet normal 0 0 1
    outer loop
      vertex -42.41110000014305 -6.911300003528595 2.2
      vertex -42.41040000319481 -6.91160000115633 2.2
      vertex -39.27179999649525 15.400700002908707 2.2
    endloop
  endfacet
  facet normal 0 0 1
    outer loop
      vertex -42.4117000028491 -6.910899996757507 2.2
      vertex -42.41110000014305 -6.911300003528595 2.2
      vertex -39.27179999649525 15.400700002908707 2.2
    endloop
  endfacet
  facet normal 0 0 1
    outer loop
      vertex -42.4117000028491 -6.910899996757507 2.2
      vertex -45.61748431995589 5.994710073754532 2.2
      vertex -45.71633982822018 5.885639828220178 2.2
    endloop
  endfacet
  facet normal 0 0 1
    outer loop
      vertex -42.4117000028491 -6.910899996757507 2.2
      vertex -45.52979558154618 6.112944650470597 2.2
      vertex -45.61748431995589 5.994710073754532 2.2
    endloop
  endfacet
  facet normal 0 0 1
    outer loop
      vertex -42.4117000028491 -6.910899996757507 2.2
      vertex -45.45411810347747 6.239204894761004 2.2
      vertex -45.52979558154618 6.112944650470597 2.2
    endloop
  endfacet
  facet normal 0 0 1
    outer loop
      vertex -42.4117000028491 -6.910899996757507 2.2
      vertex -45.39118070123307 6.3722748514523655 2.2
      vertex -45.45411810347747 6.239204894761004 2.2
    endloop
  endfacet
  facet normal 0 0 1
    outer loop
      vertex -42.4117000028491 -6.910899996757507 2.2
      vertex -45.34158949640169 6.510872984118306 2.2
      vertex -45.39118070123307 6.3722748514523655 2.2
    endloop
  endfacet
  facet normal 0 0 1
    outer loop
      vertex -42.4117000028491 -6.910899996757507 2.2
      vertex -45.305822079395156 6.653664516975807 2.2
      vertex -45.34158949640169 6.510872984118306 2.2
    endloop
  endfacet
  facet normal 0 0 1
    outer loop
      vertex -42.4117000028491 -6.910899996757507 2.2
      vertex -45.284222909991705 6.799274289505659 2.2
      vertex -45.305822079395156 6.653664516975807 2.2
    endloop
  endfacet
  facet normal 0 0 1
    outer loop
      vertex -42.4117000028491 -6.910899996757507 2.2
      vertex -45.277 6.9463 2.2
      vertex -45.284222909991705 6.799274289505659 2.2
    endloop
  endfacet
  facet normal 0 0 1
    outer loop
      vertex -42.4117000028491 -6.910899996757507 2.2
      vertex -45.284222909991705 7.093325710494341 2.2
      vertex -45.277 6.9463 2.2
    endloop
  endfacet
  facet normal 0 0 1
    outer loop
      vertex -42.4117000028491 -6.910899996757507 2.2
      vertex -45.305822079395156 7.238935483024193 2.2
      vertex -45.284222909991705 7.093325710494341 2.2
    endloop
  endfacet
  facet normal 0 0 1
    outer loop
      vertex -42.4117000028491 -6.910899996757507 2.2
      vertex -39.27179999649525 15.400700002908707 2.2
      vertex -45.305822079395156 7.238935483024193 2.2
    endloop
  endfacet
  facet normal 0 0 1
    outer loop
      vertex -42.41040000319481 -6.91160000115633 2.2
      vertex -22.60930000245571 9.564599998295307 2.2
      vertex -33.5705000013113 13.054700002074242 2.2
    endloop
  endfacet
  facet normal 0 0 1
    outer loop
      vertex -42.41040000319481 -6.91160000115633 2.2
      vertex -33.5705000013113 13.054700002074242 2.2
      vertex -39.27179999649525 15.400700002908707 2.2
    endloop
  endfacet
  facet normal 0 0 1
    outer loop
      vertex -39.27179999649525 15.400700002908707 2.2
      vertex -45.34158949640169 7.381727015881694 2.2
      vertex -45.305822079395156 7.238935483024193 2.2
    endloop
  endfacet
  facet normal 0 0 1
    outer loop
      vertex -39.27179999649525 15.400700002908707 2.2
      vertex -45.45411810347747 7.653395105238996 2.2
      vertex -45.39118070123307 7.520325148547634 2.2
    endloop
  endfacet
  facet normal 0 0 1
    outer loop
      vertex -39.27179999649525 15.400700002908707 2.2
      vertex -45.52979558154618 7.779655349529403 2.2
      vertex -45.45411810347747 7.653395105238996 2.2
    endloop
  endfacet
  facet normal 0 0 1
    outer loop
      vertex -39.27179999649525 15.400700002908707 2.2
      vertex -45.39118070123307 7.520325148547634 2.2
      vertex -45.34158949640169 7.381727015881694 2.2
    endloop
  endfacet
  facet normal 0 0 1
    outer loop
      vertex -39.27179999649525 15.400700002908707 2.2
      vertex -45.61748431995589 7.897889926245468 2.2
      vertex -45.52979558154618 7.779655349529403 2.2
    endloop
  endfacet
  facet normal 0 0 1
    outer loop
      vertex -39.27179999649525 15.400700002908707 2.2
      vertex -45.71633982822018 8.006960171779822 2.2
      vertex -45.61748431995589 7.897889926245468 2.2
    endloop
  endfacet
  facet normal 0 0 1
    outer loop
      vertex -39.27179999649525 15.400700002908707 2.2
      vertex -45.82541007375453 8.105815680044106 2.2
      vertex -45.71633982822018 8.006960171779822 2.2
    endloop
  endfacet
  facet normal 0 0 1
    outer loop
      vertex -39.27179999649525 15.400700002908707 2.2
      vertex -45.943644650470596 8.193504418453818 2.2
      vertex -45.82541007375453 8.105815680044106 2.2
    endloop
  endfacet
  facet normal 0 0 1
    outer loop
      vertex -39.27179999649525 15.400700002908707 2.2
      vertex -46.069904894761 8.269181896522532 2.2
      vertex -45.943644650470596 8.193504418453818 2.2
    endloop
  endfacet
  facet normal -0.7169899564542479 0.6970834973973604 1.8035425585799376e-17
    outer loop
      vertex -59.048100002110004 13.358599998056889 0
      vertex -57.09759999811649 15.364799998700619 2.2
      vertex -57.09759999811649 15.364799998700619 0
    endloop
  endfacet
  facet normal -0.6392019198287776 0.7690389493954158 0
    outer loop
      vertex -57.09759999811649 15.364799998700619 0
      vertex -57.08990000188351 15.371200002729893 2.2
      vertex -57.08990000188351 15.371200002729893 0
    endloop
  endfacet
  facet normal -0.6401901614842584 0.7682164780442808 5.912429615936681e-17
    outer loop
      vertex -57.08990000188351 15.371200002729893 0
      vertex -54.467100001871586 17.55690000206232 2.2
      vertex -54.467100001871586 17.55690000206232 0
    endloop
  endfacet
  facet normal -0.6000023841818475 0.7999982118580632 0
    outer loop
      vertex -54.46559999883175 17.558100000023842 0
      vertex -54.46639999747276 17.55749999731779 0
      vertex -54.46559999883175 17.558100000023842 2.2
    endloop
  endfacet
  facet normal -0.6507860492978857 0.7592611658969857 0
    outer loop
      vertex -54.46639999747276 17.55749999731779 0
      vertex -54.467100001871586 17.55690000206232 0
      vertex -54.46639999747276 17.55749999731779 2.2
    endloop
  endfacet
  facet normal -0.6059787108807517 0.7954808620949358 0
    outer loop
      vertex -54.46559999883175 17.558100000023842 0
      vertex -54.31700000166893 17.671300001442432 2.2
      vertex -54.31700000166893 17.671300001442432 0
    endloop
  endfacet
  facet normal -0.5556567389114593 0.8314118044039802 0
    outer loop
      vertex -54.31700000166893 17.671300001442432 0
      vertex -54.15659999847412 17.778499998152256 2.2
      vertex -54.15659999847412 17.778499998152256 0
    endloop
  endfacet
  facet normal -0.5102713169685938 0.860013478428761 0
    outer loop
      vertex -54.15659999847412 17.778499998152256 0
      vertex -53.985699996352196 17.879900000989437 2.2
      vertex -53.985699996352196 17.879900000989437 0
    endloop
  endfacet
  facet normal -0.4688563988905994 0.8832744065234422 0
    outer loop
      vertex -53.985699996352196 17.879900000989437 0
      vertex -53.80560000240803 17.975500002503395 2.2
      vertex -53.80560000240803 17.975500002503395 0
    endloop
  endfacet
  facet normal -0.4316249801950038 0.902053145037288 0
    outer loop
      vertex -53.80560000240803 17.975500002503395 0
      vertex -53.61729999631643 18.065600000321865 2.2
      vertex -53.61729999631643 18.065600000321865 0
    endloop
  endfacet
  facet normal -0.3976602145870532 0.9175327534941622 0
    outer loop
      vertex -53.61729999631643 18.065600000321865 0
      vertex -53.42210000008345 18.150200001895428 2.2
      vertex -53.42210000008345 18.150200001895428 0
    endloop
  endfacet
  facet normal -0.36699794534880603 0.9302217521159968 0
    outer loop
      vertex -53.42210000008345 18.150200001895428 0
      vertex -53.22110000252724 18.229500003159046 2.2
      vertex -53.22110000252724 18.229500003159046 0
    endloop
  endfacet
  facet normal -0.3397569613598473 0.9405132679593219 0
    outer loop
      vertex -53.22110000252724 18.229500003159046 0
      vertex -53.01569999754429 18.303700000047684 2.2
      vertex -53.01569999754429 18.303700000047684 0
    endloop
  endfacet
  facet normal -0.31459070938163913 0.9492274150964862 0
    outer loop
      vertex -53.01569999754429 18.303700000047684 0
      vertex -52.80690000206232 18.372900001704693 2.2
      vertex -52.80690000206232 18.372900001704693 0
    endloop
  endfacet
  facet normal -0.2916308228049707 0.9565309525520309 0
    outer loop
      vertex -52.80690000206232 18.372900001704693 0
      vertex -52.596000000834465 18.437200002372265 2.2
      vertex -52.596000000834465 18.437200002372265 0
    endloop
  endfacet
  facet normal -0.27087717163515124 0.9626139194334044 0
    outer loop
      vertex -52.596000000834465 18.437200002372265 0
      vertex -52.38419999927282 18.496799997985363 2.2
      vertex -52.38419999927282 18.496799997985363 0
    endloop
  endfacet
  facet normal -0.2515653031493845 0.9678403268366939 0
    outer loop
      vertex -52.38419999927282 18.496799997985363 0
      vertex -52.172600001096725 18.55179999768734 2.2
      vertex -52.172600001096725 18.55179999768734 0
    endloop
  endfacet
  facet normal -0.23368487572273605 0.9723123874858581 0
    outer loop
      vertex -52.172600001096725 18.55179999768734 0
      vertex -51.96040000021458 18.602799996733665 2.2
      vertex -51.96040000021458 18.602799996733665 0
    endloop
  endfacet
  facet normal -0.21673432508328797 0.9762306245609649 0
    outer loop
      vertex -51.96040000021458 18.602799996733665 0
      vertex -51.74960000067949 18.649599999189377 2.2
      vertex -51.74960000067949 18.649599999189377 0
    endloop
  endfacet
  facet normal -0.20162641064484346 0.979462500829142 0
    outer loop
      vertex -51.74960000067949 18.649599999189377 0
      vertex -51.54119999706745 18.69250000268221 2.2
      vertex -51.54119999706745 18.69250000268221 0
    endloop
  endfacet
  facet normal -0.18669304846310233 0.982418294646203 0
    outer loop
      vertex -51.54119999706745 18.69250000268221 0
      vertex -51.336499996483326 18.73139999806881 2.2
      vertex -51.336499996483326 18.73139999806881 0
    endloop
  endfacet
  facet normal -0.17238035400527735 0.9850304632614237 0
    outer loop
      vertex -51.336499996483326 18.73139999806881 0
      vertex -51.136500000953674 18.76640000194311 2.2
      vertex -51.136500000953674 18.76640000194311 0
    endloop
  endfacet
  facet normal -0.15904073383651884 0.9872720217755295 0
    outer loop
      vertex -51.136500000953674 18.76640000194311 0
      vertex -50.94219999760389 18.797700002789497 2.2
      vertex -50.94219999760389 18.797700002789497 0
    endloop
  endfacet
  facet normal -0.14578289727861507 0.9893166059765968 0
    outer loop
      vertex -50.94219999760389 18.797700002789497 0
      vertex -50.75490000098944 18.825300000607967 2.2
      vertex -50.75490000098944 18.825300000607967 0
    endloop
  endfacet
  facet normal -0.13314068496170847 0.9910971486226399 0
    outer loop
      vertex -50.75490000098944 18.825300000607967 0
      vertex -50.57549999654293 18.849399998784065 2.2
      vertex -50.57549999654293 18.849399998784065 0
    endloop
  endfacet
  facet normal -0.12008762487914751 0.9927632962347496 0
    outer loop
      vertex -50.57549999654293 18.849399998784065 0
      vertex -50.405199997127056 18.86999999731779 2.2
      vertex -50.405199997127056 18.86999999731779 0
    endloop
  endfacet
  facet normal -0.10743208882502057 0.9942124251339312 0
    outer loop
      vertex -50.405199997127056 18.86999999731779 0
      vertex -50.24509999901056 18.88729999959469 2.2
      vertex -50.24509999901056 18.88729999959469 0
    endloop
  endfacet
  facet normal -0.0936099638629305 0.9956089466580647 0
    outer loop
      vertex -50.24509999901056 18.88729999959469 0
      vertex -50.09619999676943 18.901299998164177 2.2
      vertex -50.09619999676943 18.901299998164177 0
    endloop
  endfacet
  facet normal -0.07210102648307626 0.997397334055033 0
    outer loop
      vertex -49.93479999899864 18.91390000283718 0
      vertex -49.959700003266335 18.91210000216961 0
      vertex -49.93479999899864 18.91390000283718 2.2
    endloop
  endfacet
  facet normal -0.07887441579823876 0.9968845602839311 0
    outer loop
      vertex -50.09619999676943 18.901299998164177 0
      vertex -49.959700003266335 18.91210000216961 2.2
      vertex -49.959700003266335 18.91210000216961 0
    endloop
  endfacet
  facet normal 0.1880877526591228 0.9821522271520035 -9.516531778414908e-18
    outer loop
      vertex -49.93479999899864 18.91390000283718 0
      vertex -47.33070000261068 18.415200002491474 2.2
      vertex -47.33070000261068 18.415200002491474 0
    endloop
  endfacet
  facet normal -0.7169899564542479 0.6970834973973604 0
    outer loop
      vertex -59.048100002110004 13.358599998056889 0
      vertex -59.048100002110004 13.358599998056889 2.2
      vertex -57.09759999811649 15.364799998700619 2.2
    endloop
  endfacet
  facet normal -0.6392019198287776 0.7690389493954158 0
    outer loop
      vertex -57.09759999811649 15.364799998700619 0
      vertex -57.09759999811649 15.364799998700619 2.2
      vertex -57.08990000188351 15.371200002729893 2.2
    endloop
  endfacet
  facet normal -0.6401901614842584 0.7682164780442808 0
    outer loop
      vertex -57.08990000188351 15.371200002729893 0
      vertex -57.08990000188351 15.371200002729893 2.2
      vertex -54.467100001871586 17.55690000206232 2.2
    endloop
  endfacet
  facet normal -0.6000023841818475 0.7999982118580632 0
    outer loop
      vertex -54.46639999747276 17.55749999731779 0
      vertex -54.46639999747276 17.55749999731779 2.2
      vertex -54.46559999883175 17.558100000023842 2.2
    endloop
  endfacet
  facet normal -0.6507860492978857 0.7592611658969857 0
    outer loop
      vertex -54.467100001871586 17.55690000206232 0
      vertex -54.467100001871586 17.55690000206232 2.2
      vertex -54.46639999747276 17.55749999731779 2.2
    endloop
  endfacet
  facet normal -0.6059787108807517 0.7954808620949358 0
    outer loop
      vertex -54.46559999883175 17.558100000023842 0
      vertex -54.46559999883175 17.558100000023842 2.2
      vertex -54.31700000166893 17.671300001442432 2.2
    endloop
  endfacet
  facet normal -0.5556567389114593 0.8314118044039802 0
    outer loop
      vertex -54.31700000166893 17.671300001442432 0
      vertex -54.31700000166893 17.671300001442432 2.2
      vertex -54.15659999847412 17.778499998152256 2.2
    endloop
  endfacet
  facet normal -0.5102713169685938 0.860013478428761 0
    outer loop
      vertex -54.15659999847412 17.778499998152256 0
      vertex -54.15659999847412 17.778499998152256 2.2
      vertex -53.985699996352196 17.879900000989437 2.2
    endloop
  endfacet
  facet normal -0.4688563988905994 0.8832744065234422 0
    outer loop
      vertex -53.985699996352196 17.879900000989437 0
      vertex -53.985699996352196 17.879900000989437 2.2
      vertex -53.80560000240803 17.975500002503395 2.2
    endloop
  endfacet
  facet normal -0.4316249801950038 0.902053145037288 0
    outer loop
      vertex -53.80560000240803 17.975500002503395 0
      vertex -53.80560000240803 17.975500002503395 2.2
      vertex -53.61729999631643 18.065600000321865 2.2
    endloop
  endfacet
  facet normal -0.3976602145870532 0.9175327534941622 0
    outer loop
      vertex -53.61729999631643 18.065600000321865 0
      vertex -53.61729999631643 18.065600000321865 2.2
      vertex -53.42210000008345 18.150200001895428 2.2
    endloop
  endfacet
  facet normal -0.36699794534880603 0.9302217521159968 0
    outer loop
      vertex -53.42210000008345 18.150200001895428 0
      vertex -53.42210000008345 18.150200001895428 2.2
      vertex -53.22110000252724 18.229500003159046 2.2
    endloop
  endfacet
  facet normal -0.3397569613598473 0.9405132679593219 0
    outer loop
      vertex -53.22110000252724 18.229500003159046 0
      vertex -53.22110000252724 18.229500003159046 2.2
      vertex -53.01569999754429 18.303700000047684 2.2
    endloop
  endfacet
  facet normal -0.31459070938163913 0.9492274150964862 0
    outer loop
      vertex -53.01569999754429 18.303700000047684 0
      vertex -53.01569999754429 18.303700000047684 2.2
      vertex -52.80690000206232 18.372900001704693 2.2
    endloop
  endfacet
  facet normal -0.2916308228049707 0.9565309525520309 0
    outer loop
      vertex -52.80690000206232 18.372900001704693 0
      vertex -52.80690000206232 18.372900001704693 2.2
      vertex -52.596000000834465 18.437200002372265 2.2
    endloop
  endfacet
  facet normal -0.27087717163515124 0.9626139194334044 0
    outer loop
      vertex -52.596000000834465 18.437200002372265 0
      vertex -52.596000000834465 18.437200002372265 2.2
      vertex -52.38419999927282 18.496799997985363 2.2
    endloop
  endfacet
  facet normal -0.2515653031493845 0.9678403268366939 0
    outer loop
      vertex -52.38419999927282 18.496799997985363 0
      vertex -52.38419999927282 18.496799997985363 2.2
      vertex -52.172600001096725 18.55179999768734 2.2
    endloop
  endfacet
  facet normal -0.23368487572273605 0.9723123874858581 0
    outer loop
      vertex -52.172600001096725 18.55179999768734 0
      vertex -52.172600001096725 18.55179999768734 2.2
      vertex -51.96040000021458 18.602799996733665 2.2
    endloop
  endfacet
  facet normal -0.21673432508328797 0.9762306245609649 0
    outer loop
      vertex -51.96040000021458 18.602799996733665 0
      vertex -51.96040000021458 18.602799996733665 2.2
      vertex -51.74960000067949 18.649599999189377 2.2
    endloop
  endfacet
  facet normal -0.20162641064484346 0.979462500829142 0
    outer loop
      vertex -51.74960000067949 18.649599999189377 0
      vertex -51.74960000067949 18.649599999189377 2.2
      vertex -51.54119999706745 18.69250000268221 2.2
    endloop
  endfacet
  facet normal -0.18669304846310233 0.982418294646203 0
    outer loop
      vertex -51.54119999706745 18.69250000268221 0
      vertex -51.54119999706745 18.69250000268221 2.2
      vertex -51.336499996483326 18.73139999806881 2.2
    endloop
  endfacet
  facet normal -0.17238035400527735 0.9850304632614237 0
    outer loop
      vertex -51.336499996483326 18.73139999806881 0
      vertex -51.336499996483326 18.73139999806881 2.2
      vertex -51.136500000953674 18.76640000194311 2.2
    endloop
  endfacet
  facet normal -0.15904073383651884 0.9872720217755295 0
    outer loop
      vertex -51.136500000953674 18.76640000194311 0
      vertex -51.136500000953674 18.76640000194311 2.2
      vertex -50.94219999760389 18.797700002789497 2.2
    endloop
  endfacet
  facet normal -0.14578289727861507 0.9893166059765968 0
    outer loop
      vertex -50.94219999760389 18.797700002789497 0
      vertex -50.94219999760389 18.797700002789497 2.2
      vertex -50.75490000098944 18.825300000607967 2.2
    endloop
  endfacet
  facet normal -0.13314068496170847 0.9910971486226399 0
    outer loop
      vertex -50.75490000098944 18.825300000607967 0
      vertex -50.75490000098944 18.825300000607967 2.2
      vertex -50.57549999654293 18.849399998784065 2.2
    endloop
  endfacet
  facet normal -0.12008762487914751 0.9927632962347496 0
    outer loop
      vertex -50.57549999654293 18.849399998784065 0
      vertex -50.57549999654293 18.849399998784065 2.2
      vertex -50.405199997127056 18.86999999731779 2.2
    endloop
  endfacet
  facet normal -0.10743208882502057 0.9942124251339312 0
    outer loop
      vertex -50.405199997127056 18.86999999731779 0
      vertex -50.405199997127056 18.86999999731779 2.2
      vertex -50.24509999901056 18.88729999959469 2.2
    endloop
  endfacet
  facet normal -0.0936099638629305 0.9956089466580647 0
    outer loop
      vertex -50.24509999901056 18.88729999959469 0
      vertex -50.24509999901056 18.88729999959469 2.2
      vertex -50.09619999676943 18.901299998164177 2.2
    endloop
  endfacet
  facet normal -0.07887441579823876 0.9968845602839311 0
    outer loop
      vertex -50.09619999676943 18.901299998164177 0
      vertex -50.09619999676943 18.901299998164177 2.2
      vertex -49.959700003266335 18.91210000216961 2.2
    endloop
  endfacet
  facet normal -0.07210102648307626 0.997397334055033 0
    outer loop
      vertex -49.959700003266335 18.91210000216961 0
      vertex -49.959700003266335 18.91210000216961 2.2
      vertex -49.93479999899864 18.91390000283718 2.2
    endloop
  endfacet
  facet normal 0.1880877526591228 0.9821522271520035 0
    outer loop
      vertex -49.93479999899864 18.91390000283718 0
      vertex -49.93479999899864 18.91390000283718 2.2
      vertex -47.33070000261068 18.415200002491474 2.2
    endloop
  endfacet
  facet normal 0.30499833985023445 0.9523528824383327 0
    outer loop
      vertex -47.33070000261068 18.415200002491474 0
      vertex -47.33070000261068 18.415200002491474 2.2
      vertex -43.13970000296831 17.072999998927116 2.2
    endloop
  endfacet
  facet normal 0.39704003022838713 0.9178012935250426 0
    outer loop
      vertex -39.27179999649525 15.400700002908707 0
      vertex -43.13080000132322 17.070100001990795 0
      vertex -39.27179999649525 15.400700002908707 2.2
    endloop
  endfacet
  facet normal 0.30499833985023445 0.9523528824383327 -3.440242395202042e-17
    outer loop
      vertex -47.33070000261068 18.415200002491474 0
      vertex -43.13970000296831 17.072999998927116 2.2
      vertex -43.13970000296831 17.072999998927116 0
    endloop
  endfacet
  facet normal 0.3098103241509329 0.9507983819135862 0
    outer loop
      vertex -43.13080000132322 17.070100001990795 0
      vertex -43.13970000296831 17.072999998927116 0
      vertex -43.13080000132322 17.070100001990795 2.2
    endloop
  endfacet
  facet normal 0.38052870892018226 0.924769107230307 -3.274213237416094e-17
    outer loop
      vertex -39.27179999649525 15.400700002908707 0
      vertex -33.5705000013113 13.054700002074242 2.2
      vertex -33.5705000013113 13.054700002074242 0
    endloop
  endfacet
  facet normal 0.3098103241509329 0.9507983819135862 0
    outer loop
      vertex -43.13970000296831 17.072999998927116 0
      vertex -43.13970000296831 17.072999998927116 2.2
      vertex -43.13080000132322 17.070100001990795 2.2
    endloop
  endfacet
  facet normal 0.39704003022838713 0.9178012935250426 0
    outer loop
      vertex -43.13080000132322 17.070100001990795 0
      vertex -43.13080000132322 17.070100001990795 2.2
      vertex -39.27179999649525 15.400700002908707 2.2
    endloop
  endfacet
  facet normal 0.38052870892018226 0.924769107230307 0
    outer loop
      vertex -39.27179999649525 15.400700002908707 0
      vertex -39.27179999649525 15.400700002908707 2.2
      vertex -33.5705000013113 13.054700002074242 2.2
    endloop
  endfacet
  facet normal 0 0 1
    outer loop
      vertex -39.27179999649525 15.400700002908707 2.2
      vertex -43.13080000132322 17.070100001990795 2.2
      vertex -46.069904894761 8.269181896522532 2.2
    endloop
  endfacet
  facet normal 0 0 -1
    outer loop
      vertex -12.777000002563 -7.531599998474121 0
      vertex -22.60930000245571 9.564599998295307 0
      vertex -17.311200000345707 8.749499998986721 0
    endloop
  endfacet
  facet normal 0.3033966928982553 0.952864338055739 -7.019085020977396e-17
    outer loop
      vertex -33.5705000013113 13.054700002074242 0
      vertex -22.60930000245571 9.564599998295307 2.2
      vertex -22.60930000245571 9.564599998295307 0
    endloop
  endfacet
  facet normal 0.15205858590493498 0.9883714820109853 -2.8242872035801997e-17
    outer loop
      vertex -22.60930000245571 9.564599998295307 0
      vertex -17.311200000345707 8.749499998986721 2.2
      vertex -17.311200000345707 8.749499998986721 0
    endloop
  endfacet
  facet normal 0.3033966928982553 0.952864338055739 0
    outer loop
      vertex -33.5705000013113 13.054700002074242 0
      vertex -33.5705000013113 13.054700002074242 2.2
      vertex -22.60930000245571 9.564599998295307 2.2
    endloop
  endfacet
  facet normal 0.15205858590493498 0.9883714820109853 0
    outer loop
      vertex -22.60930000245571 9.564599998295307 0
      vertex -22.60930000245571 9.564599998295307 2.2
      vertex -17.311200000345707 8.749499998986721 2.2
    endloop
  endfacet
  facet normal 0 0 -1
    outer loop
      vertex -10.474200002849102 -6.086199998855591 0
      vertex -17.311200000345707 8.749499998986721 0
      vertex -9.790700003504753 8.749499998986721 0
    endloop
  endfacet
  facet normal 0 0 -1
    outer loop
      vertex -9.746299996972084 8.76630000025034 0
      vertex -9.695799998939037 8.784199997782707 0
      vertex 6.689900003373623 -13.41550000011921 0
    endloop
  endfacet
  facet normal 0 0 -1
    outer loop
      vertex -9.746299996972084 8.76630000025034 0
      vertex 6.689900003373623 -13.41550000011921 0
      vertex -9.790700003504753 8.749499998986721 0
    endloop
  endfacet
  facet normal 0 0 -1
    outer loop
      vertex -9.63910000026226 8.803199999034405 0
      vertex -9.576099999248981 8.82320000231266 0
      vertex 6.689900003373623 -13.41550000011921 0
    endloop
  endfacet
  facet normal 0 0 -1
    outer loop
      vertex -9.63910000026226 8.803199999034405 0
      vertex 6.689900003373623 -13.41550000011921 0
      vertex -9.695799998939037 8.784199997782707 0
    endloop
  endfacet
  facet normal 0 0 -1
    outer loop
      vertex -9.506499998271465 8.844499997794628 0
      vertex 6.689900003373623 -13.41550000011921 0
      vertex -9.576099999248981 8.82320000231266 0
    endloop
  endfacet
  facet normal 0 0 -1
    outer loop
      vertex -9.430399999022484 8.866800002753735 0
      vertex -9.34740000218153 8.890399999916553 0
      vertex 6.689900003373623 -13.41550000011921 0
    endloop
  endfacet
  facet normal 0 0 -1
    outer loop
      vertex -9.506499998271465 8.844499997794628 0
      vertex -9.430399999022484 8.866800002753735 0
      vertex 6.689900003373623 -13.41550000011921 0
    endloop
  endfacet
  facet normal 0 0 -1
    outer loop
      vertex -9.257600001990795 8.915200002491474 0
      vertex -9.160800002515316 8.941200003027916 0
      vertex 6.689900003373623 -13.41550000011921 0
    endloop
  endfacet
  facet normal 0 0 -1
    outer loop
      vertex -9.34740000218153 8.890399999916553 0
      vertex -9.257600001990795 8.915200002491474 0
      vertex 6.689900003373623 -13.41550000011921 0
    endloop
  endfacet
  facet normal 0 0 -1
    outer loop
      vertex -9.160800002515316 8.941200003027916 0
      vertex -9.056800000369549 8.96850000321865 0
      vertex 6.689900003373623 -13.41550000011921 0
    endloop
  endfacet
  facet normal 0 0 -1
    outer loop
      vertex -1.7071999981999397 -1.433899998664856 0
      vertex 0.7378999963402748 -4.931599996984005 0
      vertex -9.056800000369549 8.96850000321865 0
    endloop
  endfacet
  facet normal 0 0 -1
    outer loop
      vertex -1.7071999981999397 -1.433899998664856 0
      vertex -9.056800000369549 8.96850000321865 0
      vertex -8.945500001311302 8.997100003063679 0
    endloop
  endfacet
  facet normal 0 0 -1
    outer loop
      vertex -1.7071999981999397 -1.433899998664856 0
      vertex -8.945500001311302 8.997100003063679 0
      vertex -8.826700001955032 9.027000002563 0
    endloop
  endfacet
  facet normal 0 0 -1
    outer loop
      vertex -1.7071999981999397 -1.433899998664856 0
      vertex -8.826700001955032 9.027000002563 0
      vertex -8.687899999320507 9.061300002038479 0
    endloop
  endfacet
  facet normal 0 0 -1
    outer loop
      vertex -1.7071999981999397 -1.433899998664856 0
      vertex -8.687899999320507 9.061300002038479 0
      vertex -8.539300002157688 9.097499996423721 0
    endloop
  endfacet
  facet normal 0 0 -1
    outer loop
      vertex -1.7071999981999397 -1.433899998664856 0
      vertex -8.539300002157688 9.097499996423721 0
      vertex -8.380699999630451 9.135399997234344 0
    endloop
  endfacet
  facet normal 0 0 -1
    outer loop
      vertex -1.7071999981999397 -1.433899998664856 0
      vertex -8.380699999630451 9.135399997234344 0
      vertex -8.211800001561642 9.175200000405312 0
    endloop
  endfacet
  facet normal 0 0 -1
    outer loop
      vertex -1.7071999981999397 -1.433899998664856 0
      vertex -8.211800001561642 9.175200000405312 0
      vertex -8.032499998807907 9.216899998486042 0
    endloop
  endfacet
  facet normal 0 0 -1
    outer loop
      vertex -1.7071999981999397 -1.433899998664856 0
      vertex -8.032499998807907 9.216899998486042 0
      vertex -7.842399999499321 9.260499998927116 0
    endloop
  endfacet
  facet normal 0 0 -1
    outer loop
      vertex -1.7071999981999397 -1.433899998664856 0
      vertex -7.842399999499321 9.260499998927116 0
      vertex -7.641500003635883 9.306100003421307 0
    endloop
  endfacet
  facet normal 0 0 -1
    outer loop
      vertex -1.7071999981999397 -1.433899998664856 0
      vertex -7.641500003635883 9.306100003421307 0
      vertex -7.429399996995926 9.353699997067451 0
    endloop
  endfacet
  facet normal 0 0 -1
    outer loop
      vertex -1.7071999981999397 -1.433899998664856 0
      vertex -7.429399996995926 9.353699997067451 0
      vertex -7.205899998545647 9.403300002217293 0
    endloop
  endfacet
  facet normal 0 0 -1
    outer loop
      vertex -1.7071999981999397 -1.433899998664856 0
      vertex -7.205899998545647 9.403300002217293 0
      vertex -6.970899999141693 9.45499999821186 0
    endloop
  endfacet
  facet normal 0 0 -1
    outer loop
      vertex -1.7071999981999397 -1.433899998664856 0
      vertex -6.970899999141693 9.45499999821186 0
      vertex -6.723999999463558 9.508799999952316 0
    endloop
  endfacet
  facet normal 0 0 -1
    outer loop
      vertex -1.7071999981999397 -1.433899998664856 0
      vertex -6.723999999463558 9.508799999952316 0
      vertex -6.46509999781847 9.564800001680851 0
    endloop
  endfacet
  facet normal 0 0 -1
    outer loop
      vertex -1.7071999981999397 -1.433899998664856 0
      vertex -6.46509999781847 9.564800001680851 0
      vertex -5.799300000071526 9.720499999821186 0
    endloop
  endfacet
  facet normal 0 0 -1
    outer loop
      vertex -1.7071999981999397 -1.433899998664856 0
      vertex -5.799300000071526 9.720499999821186 0
      vertex -5.019400000572205 9.924300000071526 0
    endloop
  endfacet
  facet normal 0 0 -1
    outer loop
      vertex -1.7071999981999397 -1.433899998664856 0
      vertex -5.019400000572205 9.924300000071526 0
      vertex -1.1116999983787537 2.678999997675419 0
    endloop
  endfacet
  facet normal 0 0 -1
    outer loop
      vertex -1.1116999983787537 2.678999997675419 0
      vertex -2.0846000015735626 10.790100000798702 0
      vertex 0.998599998652935 4.310999996960163 0
    endloop
  endfacet
  facet normal 0 1 0
    outer loop
      vertex -17.311200000345707 8.749499998986721 0
      vertex -9.790700003504753 8.749499998986721 2.2
      vertex -9.790700003504753 8.749499998986721 0
    endloop
  endfacet
  facet normal -0.35389207515255333 0.9352862658802489 0
    outer loop
      vertex -9.746299996972084 8.76630000025034 0
      vertex -9.790700003504753 8.749499998986721 0
      vertex -9.746299996972084 8.76630000025034 2.2
    endloop
  endfacet
  facet normal -0.3177324418398363 0.9481804128975113 0
    outer loop
      vertex -9.63910000026226 8.803199999034405 0
      vertex -9.695799998939037 8.784199997782707 0
      vertex -9.63910000026226 8.803199999034405 2.2
    endloop
  endfacet
  facet normal -0.3340889517838154 0.9425415493738148 0
    outer loop
      vertex -9.746299996972084 8.76630000025034 0
      vertex -9.695799998939037 8.784199997782707 2.2
      vertex -9.695799998939037 8.784199997782707 0
    endloop
  endfacet
  facet normal -0.30257917306158894 0.953124254244621 0
    outer loop
      vertex -9.63910000026226 8.803199999034405 0
      vertex -9.576099999248981 8.82320000231266 2.2
      vertex -9.576099999248981 8.82320000231266 0
    endloop
  endfacet
  facet normal -0.2926373024081184 0.9562235142681336 0
    outer loop
      vertex -9.506499998271465 8.844499997794628 0
      vertex -9.576099999248981 8.82320000231266 0
      vertex -9.506499998271465 8.844499997794628 2.2
    endloop
  endfacet
  facet normal -0.281210429241189 0.9596461298238983 0
    outer loop
      vertex -9.506499998271465 8.844499997794628 0
      vertex -9.430399999022484 8.866800002753735 2.2
      vertex -9.430399999022484 8.866800002753735 0
    endloop
  endfacet
  facet normal -0.2734964040279198 0.9618730253956582 0
    outer loop
      vertex -9.430399999022484 8.866800002753735 0
      vertex -9.34740000218153 8.890399999916553 2.2
      vertex -9.34740000218153 8.890399999916553 0
    endloop
  endfacet
  facet normal -0.2662041833822539 0.9639166627617698 0
    outer loop
      vertex -9.34740000218153 8.890399999916553 0
      vertex -9.257600001990795 8.915200002491474 2.2
      vertex -9.257600001990795 8.915200002491474 0
    endloop
  endfacet
  facet normal -0.25940096298647874 0.9657697139596414 0
    outer loop
      vertex -9.257600001990795 8.915200002491474 0
      vertex -9.160800002515316 8.941200003027916 2.2
      vertex -9.160800002515316 8.941200003027916 0
    endloop
  endfacet
  facet normal -0.2538981251708155 0.9672309662302716 0
    outer loop
      vertex -9.160800002515316 8.941200003027916 0
      vertex -9.056800000369549 8.96850000321865 2.2
      vertex -9.056800000369549 8.96850000321865 0
    endloop
  endfacet
  facet normal -0.2488777908074598 0.9685348962442181 0
    outer loop
      vertex -9.056800000369549 8.96850000321865 0
      vertex -8.945500001311302 8.997100003063679 2.2
      vertex -8.945500001311302 8.997100003063679 0
    endloop
  endfacet
  facet normal -0.24407187143955691 0.9697571456668893 0
    outer loop
      vertex -8.945500001311302 8.997100003063679 0
      vertex -8.826700001955032 9.027000002563 2.2
      vertex -8.826700001955032 9.027000002563 0
    endloop
  endfacet
  facet normal -0.23990160727004883 0.9707972078808463 0
    outer loop
      vertex -8.826700001955032 9.027000002563 0
      vertex -8.687899999320507 9.061300002038479 2.2
      vertex -8.687899999320507 9.061300002038479 0
    endloop
  endfacet
  facet normal -0.2366852118646779 0.9715863885854786 0
    outer loop
      vertex -8.687899999320507 9.061300002038479 0
      vertex -8.539300002157688 9.097499996423721 2.2
      vertex -8.539300002157688 9.097499996423721 0
    endloop
  endfacet
  facet normal -0.23242188652873244 0.9726150660268559 0
    outer loop
      vertex -8.539300002157688 9.097499996423721 0
      vertex -8.380699999630451 9.135399997234344 2.2
      vertex -8.380699999630451 9.135399997234344 0
    endloop
  endfacet
  facet normal -0.22936054782255477 0.9733415326094625 0
    outer loop
      vertex -8.380699999630451 9.135399997234344 0
      vertex -8.211800001561642 9.175200000405312 2.2
      vertex -8.211800001561642 9.175200000405312 0
    endloop
  endfacet
  facet normal -0.22652546644008958 0.9740052428268031 0
    outer loop
      vertex -8.211800001561642 9.175200000405312 0
      vertex -8.032499998807907 9.216899998486042 2.2
      vertex -8.032499998807907 9.216899998486042 0
    endloop
  endfacet
  facet normal -0.2235486855203837 0.9746927645171624 0
    outer loop
      vertex -8.032499998807907 9.216899998486042 0
      vertex -7.842399999499321 9.260499998927116 2.2
      vertex -7.842399999499321 9.260499998927116 0
    endloop
  endfacet
  facet normal -0.2213483731822436 0.9751947998679926 0
    outer loop
      vertex -7.842399999499321 9.260499998927116 0
      vertex -7.641500003635883 9.306100003421307 2.2
      vertex -7.641500003635883 9.306100003421307 0
    endloop
  endfacet
  facet normal -0.21897574153498464 0.975730303218673 0
    outer loop
      vertex -7.641500003635883 9.306100003421307 0
      vertex -7.429399996995926 9.353699997067451 2.2
      vertex -7.429399996995926 9.353699997067451 0
    endloop
  endfacet
  facet normal 0 0 -1
    outer loop
      vertex -1.1116999983787537 2.678999997675419 0
      vertex -5.019400000572205 9.924300000071526 0
      vertex -4.134300000965595 10.172799997031689 0
    endloop
  endfacet
  facet normal 0 0 -1
    outer loop
      vertex -1.1116999983787537 2.678999997675419 0
      vertex -4.134300000965595 10.172799997031689 0
      vertex -3.153099998831749 10.462600000202656 0
    endloop
  endfacet
  facet normal 0 0 -1
    outer loop
      vertex -1.1116999983787537 2.678999997675419 0
      vertex -3.153099998831749 10.462600000202656 0
      vertex -2.0846000015735626 10.790100000798702 0
    endloop
  endfacet
  facet normal 0 0 -1
    outer loop
      vertex -2.0846000015735626 10.790100000798702 0
      vertex 1.0226000025868416 4.3297000005841255 0
      vertex 0.998599998652935 4.310999996960163 0
    endloop
  endfacet
  facet normal 0 0 -1
    outer loop
      vertex -2.0846000015735626 10.790100000798702 0
      vertex -0.937899999320507 11.151799999177456 0
      vertex 1.0226000025868416 4.3297000005841255 0
    endloop
  endfacet
  facet normal -0.21665297525851923 0.9762486815927751 0
    outer loop
      vertex -7.429399996995926 9.353699997067451 0
      vertex -7.205899998545647 9.403300002217293 2.2
      vertex -7.205899998545647 9.403300002217293 0
    endloop
  endfacet
  facet normal -0.21486176731710496 0.9766444700838532 0
    outer loop
      vertex -7.205899998545647 9.403300002217293 0
      vertex -6.970899999141693 9.45499999821186 2.2
      vertex -6.970899999141693 9.45499999821186 0
    endloop
  endfacet
  facet normal -0.21290608087225002 0.9770726691130087 0
    outer loop
      vertex -6.970899999141693 9.45499999821186 0
      vertex -6.723999999463558 9.508799999952316 2.2
      vertex -6.723999999463558 9.508799999952316 0
    endloop
  endfacet
  facet normal -0.2114107770524631 0.9773973006644093 0
    outer loop
      vertex -6.723999999463558 9.508799999952316 0
      vertex -6.46509999781847 9.564800001680851 2.2
      vertex -6.46509999781847 9.564800001680851 0
    endloop
  endfacet
  facet normal -0.22771040620185962 0.9737289001089494 0
    outer loop
      vertex -6.46509999781847 9.564800001680851 0
      vertex -5.799300000071526 9.720499999821186 2.2
      vertex -5.799300000071526 9.720499999821186 0
    endloop
  endfacet
  facet normal -0.2528258805720341 0.9675117953353207 0
    outer loop
      vertex -5.799300000071526 9.720499999821186 0
      vertex -5.019400000572205 9.924300000071526 2.2
      vertex -5.019400000572205 9.924300000071526 0
    endloop
  endfacet
  facet normal -0.2703076867287767 0.9627739893117893 0
    outer loop
      vertex -5.019400000572205 9.924300000071526 0
      vertex -4.134300000965595 10.172799997031689 2.2
      vertex -4.134300000965595 10.172799997031689 0
    endloop
  endfacet
  facet normal -0.2832562472991832 0.959044262985804 0
    outer loop
      vertex -4.134300000965595 10.172799997031689 0
      vertex -3.153099998831749 10.462600000202656 2.2
      vertex -3.153099998831749 10.462600000202656 0
    endloop
  endfacet
  facet normal -0.29304818822654366 0.9560976725090069 0
    outer loop
      vertex -3.153099998831749 10.462600000202656 0
      vertex -2.0846000015735626 10.790100000798702 2.2
      vertex -2.0846000015735626 10.790100000798702 0
    endloop
  endfacet
  facet normal -0.30081690536246564 0.9536819120902678 0
    outer loop
      vertex -2.0846000015735626 10.790100000798702 0
      vertex -0.937899999320507 11.151799999177456 2.2
      vertex -0.937899999320507 11.151799999177456 0
    endloop
  endfacet
  facet normal -0.3070805224561991 0.9516835360181597 0
    outer loop
      vertex -0.937899999320507 11.151799999177456 0
      vertex 0.2782000005245209 11.544200003147125 2.2
      vertex 0.2782000005245209 11.544200003147125 0
    endloop
  endfacet
  facet normal 0 1 0
    outer loop
      vertex -17.311200000345707 8.749499998986721 0
      vertex -17.311200000345707 8.749499998986721 2.2
      vertex -9.790700003504753 8.749499998986721 2.2
    endloop
  endfacet
  facet normal -0.35389207515255333 0.9352862658802489 0
    outer loop
      vertex -9.790700003504753 8.749499998986721 0
      vertex -9.790700003504753 8.749499998986721 2.2
      vertex -9.746299996972084 8.76630000025034 2.2
    endloop
  endfacet
  facet normal -0.3340889517838154 0.9425415493738148 0
    outer loop
      vertex -9.746299996972084 8.76630000025034 0
      vertex -9.746299996972084 8.76630000025034 2.2
      vertex -9.695799998939037 8.784199997782707 2.2
    endloop
  endfacet
  facet normal -0.30257917306158894 0.953124254244621 0
    outer loop
      vertex -9.63910000026226 8.803199999034405 0
      vertex -9.63910000026226 8.803199999034405 2.2
      vertex -9.576099999248981 8.82320000231266 2.2
    endloop
  endfacet
  facet normal -0.3177324418398363 0.9481804128975113 0
    outer loop
      vertex -9.695799998939037 8.784199997782707 0
      vertex -9.695799998939037 8.784199997782707 2.2
      vertex -9.63910000026226 8.803199999034405 2.2
    endloop
  endfacet
  facet normal -0.2926373024081184 0.9562235142681336 0
    outer loop
      vertex -9.576099999248981 8.82320000231266 0
      vertex -9.576099999248981 8.82320000231266 2.2
      vertex -9.506499998271465 8.844499997794628 2.2
    endloop
  endfacet
  facet normal -0.281210429241189 0.9596461298238983 0
    outer loop
      vertex -9.506499998271465 8.844499997794628 0
      vertex -9.506499998271465 8.844499997794628 2.2
      vertex -9.430399999022484 8.866800002753735 2.2
    endloop
  endfacet
  facet normal -0.2734964040279198 0.9618730253956582 0
    outer loop
      vertex -9.430399999022484 8.866800002753735 0
      vertex -9.430399999022484 8.866800002753735 2.2
      vertex -9.34740000218153 8.890399999916553 2.2
    endloop
  endfacet
  facet normal -0.2662041833822539 0.9639166627617698 0
    outer loop
      vertex -9.34740000218153 8.890399999916553 0
      vertex -9.34740000218153 8.890399999916553 2.2
      vertex -9.257600001990795 8.915200002491474 2.2
    endloop
  endfacet
  facet normal -0.25940096298647874 0.9657697139596414 0
    outer loop
      vertex -9.257600001990795 8.915200002491474 0
      vertex -9.257600001990795 8.915200002491474 2.2
      vertex -9.160800002515316 8.941200003027916 2.2
    endloop
  endfacet
  facet normal -0.2538981251708155 0.9672309662302716 0
    outer loop
      vertex -9.160800002515316 8.941200003027916 0
      vertex -9.160800002515316 8.941200003027916 2.2
      vertex -9.056800000369549 8.96850000321865 2.2
    endloop
  endfacet
  facet normal -0.2488777908074598 0.9685348962442181 0
    outer loop
      vertex -9.056800000369549 8.96850000321865 0
      vertex -9.056800000369549 8.96850000321865 2.2
      vertex -8.945500001311302 8.997100003063679 2.2
    endloop
  endfacet
  facet normal -0.24407187143955691 0.9697571456668893 0
    outer loop
      vertex -8.945500001311302 8.997100003063679 0
      vertex -8.945500001311302 8.997100003063679 2.2
      vertex -8.826700001955032 9.027000002563 2.2
    endloop
  endfacet
  facet normal -0.23990160727004883 0.9707972078808463 0
    outer loop
      vertex -8.826700001955032 9.027000002563 0
      vertex -8.826700001955032 9.027000002563 2.2
      vertex -8.687899999320507 9.061300002038479 2.2
    endloop
  endfacet
  facet normal -0.2366852118646779 0.9715863885854786 0
    outer loop
      vertex -8.687899999320507 9.061300002038479 0
      vertex -8.687899999320507 9.061300002038479 2.2
      vertex -8.539300002157688 9.097499996423721 2.2
    endloop
  endfacet
  facet normal -0.23242188652873244 0.9726150660268559 0
    outer loop
      vertex -8.539300002157688 9.097499996423721 0
      vertex -8.539300002157688 9.097499996423721 2.2
      vertex -8.380699999630451 9.135399997234344 2.2
    endloop
  endfacet
  facet normal -0.22936054782255477 0.9733415326094625 0
    outer loop
      vertex -8.380699999630451 9.135399997234344 0
      vertex -8.380699999630451 9.135399997234344 2.2
      vertex -8.211800001561642 9.175200000405312 2.2
    endloop
  endfacet
  facet normal -0.22652546644008958 0.9740052428268031 0
    outer loop
      vertex -8.211800001561642 9.175200000405312 0
      vertex -8.211800001561642 9.175200000405312 2.2
      vertex -8.032499998807907 9.216899998486042 2.2
    endloop
  endfacet
  facet normal -0.2235486855203837 0.9746927645171624 0
    outer loop
      vertex -8.032499998807907 9.216899998486042 0
      vertex -8.032499998807907 9.216899998486042 2.2
      vertex -7.842399999499321 9.260499998927116 2.2
    endloop
  endfacet
  facet normal -0.2213483731822436 0.9751947998679926 0
    outer loop
      vertex -7.842399999499321 9.260499998927116 0
      vertex -7.842399999499321 9.260499998927116 2.2
      vertex -7.641500003635883 9.306100003421307 2.2
    endloop
  endfacet
  facet normal -0.21897574153498464 0.975730303218673 0
    outer loop
      vertex -7.641500003635883 9.306100003421307 0
      vertex -7.641500003635883 9.306100003421307 2.2
      vertex -7.429399996995926 9.353699997067451 2.2
    endloop
  endfacet
  facet normal -0.21665297525851923 0.9762486815927751 0
    outer loop
      vertex -7.429399996995926 9.353699997067451 0
      vertex -7.429399996995926 9.353699997067451 2.2
      vertex -7.205899998545647 9.403300002217293 2.2
    endloop
  endfacet
  facet normal -0.21486176731710496 0.9766444700838532 0
    outer loop
      vertex -7.205899998545647 9.403300002217293 0
      vertex -7.205899998545647 9.403300002217293 2.2
      vertex -6.970899999141693 9.45499999821186 2.2
    endloop
  endfacet
  facet normal -0.21290608087225002 0.9770726691130087 0
    outer loop
      vertex -6.970899999141693 9.45499999821186 0
      vertex -6.970899999141693 9.45499999821186 2.2
      vertex -6.723999999463558 9.508799999952316 2.2
    endloop
  endfacet
  facet normal -0.2114107770524631 0.9773973006644093 0
    outer loop
      vertex -6.723999999463558 9.508799999952316 0
      vertex -6.723999999463558 9.508799999952316 2.2
      vertex -6.46509999781847 9.564800001680851 2.2
    endloop
  endfacet
  facet normal -0.22771040620185962 0.9737289001089494 0
    outer loop
      vertex -6.46509999781847 9.564800001680851 0
      vertex -6.46509999781847 9.564800001680851 2.2
      vertex -5.799300000071526 9.720499999821186 2.2
    endloop
  endfacet
  facet normal -0.2528258805720341 0.9675117953353207 0
    outer loop
      vertex -5.799300000071526 9.720499999821186 0
      vertex -5.799300000071526 9.720499999821186 2.2
      vertex -5.019400000572205 9.924300000071526 2.2
    endloop
  endfacet
  facet normal -0.2703076867287767 0.9627739893117893 0
    outer loop
      vertex -5.019400000572205 9.924300000071526 0
      vertex -5.019400000572205 9.924300000071526 2.2
      vertex -4.134300000965595 10.172799997031689 2.2
    endloop
  endfacet
  facet normal -0.2832562472991832 0.959044262985804 0
    outer loop
      vertex -4.134300000965595 10.172799997031689 0
      vertex -4.134300000965595 10.172799997031689 2.2
      vertex -3.153099998831749 10.462600000202656 2.2
    endloop
  endfacet
  facet normal -0.29304818822654366 0.9560976725090069 0
    outer loop
      vertex -3.153099998831749 10.462600000202656 0
      vertex -3.153099998831749 10.462600000202656 2.2
      vertex -2.0846000015735626 10.790100000798702 2.2
    endloop
  endfacet
  facet normal -0.30081690536246564 0.9536819120902678 0
    outer loop
      vertex -2.0846000015735626 10.790100000798702 0
      vertex -2.0846000015735626 10.790100000798702 2.2
      vertex -0.937899999320507 11.151799999177456 2.2
    endloop
  endfacet
  facet normal -0.3070805224561991 0.9516835360181597 0
    outer loop
      vertex -0.937899999320507 11.151799999177456 0
      vertex -0.937899999320507 11.151799999177456 2.2
      vertex 0.2782000005245209 11.544200003147125 2.2
    endloop
  endfacet
  facet normal 0 0 1
    outer loop
      vertex -12.777000002563 -7.531599998474121 2.2
      vertex -17.311200000345707 8.749499998986721 2.2
      vertex -22.60930000245571 9.564599998295307 2.2
    endloop
  endfacet
  facet normal 0 0 1
    outer loop
      vertex -10.474200002849102 -6.086199998855591 2.2
      vertex -9.790700003504753 8.749499998986721 2.2
      vertex -17.311200000345707 8.749499998986721 2.2
    endloop
  endfacet
  facet normal 0 0 1
    outer loop
      vertex -9.746299996972084 8.76630000025034 2.2
      vertex 6.689900003373623 -13.41550000011921 2.2
      vertex -9.695799998939037 8.784199997782707 2.2
    endloop
  endfacet
  facet normal 0 0 1
    outer loop
      vertex -9.746299996972084 8.76630000025034 2.2
      vertex -9.790700003504753 8.749499998986721 2.2
      vertex 6.689900003373623 -13.41550000011921 2.2
    endloop
  endfacet
  facet normal 0 0 1
    outer loop
      vertex -9.63910000026226 8.803199999034405 2.2
      vertex 6.689900003373623 -13.41550000011921 2.2
      vertex -9.576099999248981 8.82320000231266 2.2
    endloop
  endfacet
  facet normal 0 0 1
    outer loop
      vertex -9.63910000026226 8.803199999034405 2.2
      vertex -9.695799998939037 8.784199997782707 2.2
      vertex 6.689900003373623 -13.41550000011921 2.2
    endloop
  endfacet
  facet normal 0 0 1
    outer loop
      vertex -9.506499998271465 8.844499997794628 2.2
      vertex -9.576099999248981 8.82320000231266 2.2
      vertex 6.689900003373623 -13.41550000011921 2.2
    endloop
  endfacet
  facet normal 0 0 1
    outer loop
      vertex -9.430399999022484 8.866800002753735 2.2
      vertex 6.689900003373623 -13.41550000011921 2.2
      vertex -9.34740000218153 8.890399999916553 2.2
    endloop
  endfacet
  facet normal 0 0 1
    outer loop
      vertex -9.506499998271465 8.844499997794628 2.2
      vertex 6.689900003373623 -13.41550000011921 2.2
      vertex -9.430399999022484 8.866800002753735 2.2
    endloop
  endfacet
  facet normal 0 0 1
    outer loop
      vertex -9.257600001990795 8.915200002491474 2.2
      vertex 6.689900003373623 -13.41550000011921 2.2
      vertex -9.160800002515316 8.941200003027916 2.2
    endloop
  endfacet
  facet normal 0 0 1
    outer loop
      vertex -9.34740000218153 8.890399999916553 2.2
      vertex 6.689900003373623 -13.41550000011921 2.2
      vertex -9.257600001990795 8.915200002491474 2.2
    endloop
  endfacet
  facet normal 0 0 1
    outer loop
      vertex -9.160800002515316 8.941200003027916 2.2
      vertex 6.689900003373623 -13.41550000011921 2.2
      vertex -9.056800000369549 8.96850000321865 2.2
    endloop
  endfacet
  facet normal 0 0 1
    outer loop
      vertex -1.7071999981999397 -1.433899998664856 2.2
      vertex -9.056800000369549 8.96850000321865 2.2
      vertex 0.7378999963402748 -4.931599996984005 2.2
    endloop
  endfacet
  facet normal 0 0 1
    outer loop
      vertex -1.7071999981999397 -1.433899998664856 2.2
      vertex -1.1116999983787537 2.678999997675419 2.2
      vertex -9.056800000369549 8.96850000321865 2.2
    endloop
  endfacet
  facet normal 0 0 1
    outer loop
      vertex -1.1116999983787537 2.678999997675419 2.2
      vertex 0.998599998652935 4.310999996960163 2.2
      vertex -4.134300000965595 10.172799997031689 2.2
    endloop
  endfacet
  facet normal 0 0 1
    outer loop
      vertex -1.1116999983787537 2.678999997675419 2.2
      vertex -8.945500001311302 8.997100003063679 2.2
      vertex -9.056800000369549 8.96850000321865 2.2
    endloop
  endfacet
  facet normal 0 0 1
    outer loop
      vertex -1.1116999983787537 2.678999997675419 2.2
      vertex -8.826700001955032 9.027000002563 2.2
      vertex -8.945500001311302 8.997100003063679 2.2
    endloop
  endfacet
  facet normal 0 0 1
    outer loop
      vertex -1.1116999983787537 2.678999997675419 2.2
      vertex -8.687899999320507 9.061300002038479 2.2
      vertex -8.826700001955032 9.027000002563 2.2
    endloop
  endfacet
  facet normal 0 0 1
    outer loop
      vertex -1.1116999983787537 2.678999997675419 2.2
      vertex -8.539300002157688 9.097499996423721 2.2
      vertex -8.687899999320507 9.061300002038479 2.2
    endloop
  endfacet
  facet normal 0 0 1
    outer loop
      vertex -1.1116999983787537 2.678999997675419 2.2
      vertex -8.380699999630451 9.135399997234344 2.2
      vertex -8.539300002157688 9.097499996423721 2.2
    endloop
  endfacet
  facet normal 0 0 1
    outer loop
      vertex -1.1116999983787537 2.678999997675419 2.2
      vertex -8.211800001561642 9.175200000405312 2.2
      vertex -8.380699999630451 9.135399997234344 2.2
    endloop
  endfacet
  facet normal 0 0 1
    outer loop
      vertex -1.1116999983787537 2.678999997675419 2.2
      vertex -8.032499998807907 9.216899998486042 2.2
      vertex -8.211800001561642 9.175200000405312 2.2
    endloop
  endfacet
  facet normal 0 0 1
    outer loop
      vertex -1.1116999983787537 2.678999997675419 2.2
      vertex -7.842399999499321 9.260499998927116 2.2
      vertex -8.032499998807907 9.216899998486042 2.2
    endloop
  endfacet
  facet normal 0 0 1
    outer loop
      vertex -1.1116999983787537 2.678999997675419 2.2
      vertex -7.641500003635883 9.306100003421307 2.2
      vertex -7.842399999499321 9.260499998927116 2.2
    endloop
  endfacet
  facet normal 0 0 1
    outer loop
      vertex -1.1116999983787537 2.678999997675419 2.2
      vertex -7.429399996995926 9.353699997067451 2.2
      vertex -7.641500003635883 9.306100003421307 2.2
    endloop
  endfacet
  facet normal 0 0 1
    outer loop
      vertex -1.1116999983787537 2.678999997675419 2.2
      vertex -7.205899998545647 9.403300002217293 2.2
      vertex -7.429399996995926 9.353699997067451 2.2
    endloop
  endfacet
  facet normal 0 0 1
    outer loop
      vertex -1.1116999983787537 2.678999997675419 2.2
      vertex -6.970899999141693 9.45499999821186 2.2
      vertex -7.205899998545647 9.403300002217293 2.2
    endloop
  endfacet
  facet normal 0 0 1
    outer loop
      vertex -1.1116999983787537 2.678999997675419 2.2
      vertex -6.723999999463558 9.508799999952316 2.2
      vertex -6.970899999141693 9.45499999821186 2.2
    endloop
  endfacet
  facet normal 0 0 1
    outer loop
      vertex -1.1116999983787537 2.678999997675419 2.2
      vertex -6.46509999781847 9.564800001680851 2.2
      vertex -6.723999999463558 9.508799999952316 2.2
    endloop
  endfacet
  facet normal 0 0 1
    outer loop
      vertex -1.1116999983787537 2.678999997675419 2.2
      vertex -5.799300000071526 9.720499999821186 2.2
      vertex -6.46509999781847 9.564800001680851 2.2
    endloop
  endfacet
  facet normal 0 0 1
    outer loop
      vertex -1.1116999983787537 2.678999997675419 2.2
      vertex -5.019400000572205 9.924300000071526 2.2
      vertex -5.799300000071526 9.720499999821186 2.2
    endloop
  endfacet
  facet normal 0 0 1
    outer loop
      vertex -1.1116999983787537 2.678999997675419 2.2
      vertex -4.134300000965595 10.172799997031689 2.2
      vertex -5.019400000572205 9.924300000071526 2.2
    endloop
  endfacet
  facet normal 0 0 1
    outer loop
      vertex -2.0846000015735626 10.790100000798702 2.2
      vertex 0.998599998652935 4.310999996960163 2.2
      vertex 1.0226000025868416 4.3297000005841255 2.2
    endloop
  endfacet
  facet normal 0 0 1
    outer loop
      vertex -4.134300000965595 10.172799997031689 2.2
      vertex 0.998599998652935 4.310999996960163 2.2
      vertex -3.153099998831749 10.462600000202656 2.2
    endloop
  endfacet
  facet normal 0 0 1
    outer loop
      vertex -3.153099998831749 10.462600000202656 2.2
      vertex 0.998599998652935 4.310999996960163 2.2
      vertex -2.0846000015735626 10.790100000798702 2.2
    endloop
  endfacet
  facet normal 0 0 1
    outer loop
      vertex -2.0846000015735626 10.790100000798702 2.2
      vertex 1.0226000025868416 4.3297000005841255 2.2
      vertex -0.937899999320507 11.151799999177456 2.2
    endloop
  endfacet
  facet normal 0.7440470465062378 -0.6681272278431288 0
    outer loop
      vertex -0.00029999762773513794 -24.822999998927116 0
      vertex 4.88570000231266 -19.38180000334978 0
      vertex -0.00029999762773513794 -24.822999998927116 2.2
    endloop
  endfacet
  facet normal 0.7440470465062378 -0.6681272278431288 1.0696087701374762e-16
    outer loop
      vertex -0.00029999762773513794 -24.822999998927116 2.2
      vertex 4.88570000231266 -19.38180000334978 0
      vertex 4.88570000231266 -19.38180000334978 2.2
    endloop
  endfacet
  facet normal 1 0 0
    outer loop
      vertex 4.88570000231266 -19.38180000334978 0
      vertex 4.88570000231266 -16.20149999856949 0
      vertex 4.88570000231266 -19.38180000334978 2.2
    endloop
  endfacet
  facet normal 0 0 -1
    outer loop
      vertex 0.649899996817112 -12.963500000536442 0
      vertex 6.689900003373623 -13.41550000011921 0
      vertex 3.811499997973442 -14.770099997520447 0
    endloop
  endfacet
  facet normal 0.5582704987354767 0.8296589963603371 -1.0604089033800371e-16
    outer loop
      vertex -1.0367999970912933 -12.216300003230572 0
      vertex 4.88570000231266 -16.20149999856949 2.2
      vertex 4.88570000231266 -16.20149999856949 0
    endloop
  endfacet
  facet normal -0.4961330226378121 -0.8682465225085949 0
    outer loop
      vertex 0.649899996817112 -12.963500000536442 0
      vertex 3.811499997973442 -14.770099997520447 0
      vertex 0.649899996817112 -12.963500000536442 2.2
    endloop
  endfacet
  facet normal 0.4258121733907969 -0.9048115787235517 0
    outer loop
      vertex 3.811499997973442 -14.770099997520447 0
      vertex 6.689900003373623 -13.41550000011921 0
      vertex 3.811499997973442 -14.770099997520447 2.2
    endloop
  endfacet
  facet normal 0.34174255199117437 -0.9397936093411996 0
    outer loop
      vertex 6.689900003373623 -13.41550000011921 0
      vertex 6.692100003361702 -13.414700001478195 0
      vertex 6.689900003373623 -13.41550000011921 2.2
    endloop
  endfacet
  facet normal 1 0 0
    outer loop
      vertex 4.88570000231266 -16.20149999856949 0
      vertex 4.88570000231266 -16.20149999856949 2.2
      vertex 4.88570000231266 -19.38180000334978 2.2
    endloop
  endfacet
  facet normal 0.5582704987354767 0.8296589963603371 0
    outer loop
      vertex -1.0367999970912933 -12.216300003230572 0
      vertex -1.0367999970912933 -12.216300003230572 2.2
      vertex 4.88570000231266 -16.20149999856949 2.2
    endloop
  endfacet
  facet normal -0.4961330226378121 -0.8682465225085949 0
    outer loop
      vertex 3.811499997973442 -14.770099997520447 0
      vertex 3.811499997973442 -14.770099997520447 2.2
      vertex 0.649899996817112 -12.963500000536442 2.2
    endloop
  endfacet
  facet normal 0.4258121733907969 -0.9048115787235517 0
    outer loop
      vertex 6.689900003373623 -13.41550000011921 0
      vertex 6.689900003373623 -13.41550000011921 2.2
      vertex 3.811499997973442 -14.770099997520447 2.2
    endloop
  endfacet
  facet normal 0.34174255199117437 -0.9397936093411996 0
    outer loop
      vertex 6.692100003361702 -13.414700001478195 0
      vertex 6.692100003361702 -13.414700001478195 2.2
      vertex 6.689900003373623 -13.41550000011921 2.2
    endloop
  endfacet
  facet normal 0 0 1
    outer loop
      vertex 4.88570000231266 -19.38180000334978 2.2
      vertex -2.3162141307339645 -19.005289926245467 2.2
      vertex -2.4150696389982484 -19.114360171779822 2.2
    endloop
  endfacet
  facet normal 0 0 1
    outer loop
      vertex 4.88570000231266 -19.38180000334978 2.2
      vertex -2.228525392324252 -18.8870553495294 2.2
      vertex -2.3162141307339645 -19.005289926245467 2.2
    endloop
  endfacet
  facet normal 0 0 1
    outer loop
      vertex 4.88570000231266 -19.38180000334978 2.2
      vertex -2.1528479142555375 -18.760795105238994 2.2
      vertex -2.228525392324252 -18.8870553495294 2.2
    endloop
  endfacet
  facet normal 0 0 1
    outer loop
      vertex 4.88570000231266 -19.38180000334978 2.2
      vertex -2.08991051201114 -18.627725148547633 2.2
      vertex -2.1528479142555375 -18.760795105238994 2.2
    endloop
  endfacet
  facet normal 0 0 1
    outer loop
      vertex 4.88570000231266 -16.20149999856949 2.2
      vertex -2.0403193071797565 -18.489127015881692 2.2
      vertex -2.08991051201114 -18.627725148547633 2.2
    endloop
  endfacet
  facet normal 0 0 1
    outer loop
      vertex 4.88570000231266 -19.38180000334978 2.2
      vertex 4.88570000231266 -16.20149999856949 2.2
      vertex -2.08991051201114 -18.627725148547633 2.2
    endloop
  endfacet
  facet normal 0 0 1
    outer loop
      vertex 4.88570000231266 -16.20149999856949 2.2
      vertex -2.004551890173224 -18.34633548302419 2.2
      vertex -2.0403193071797565 -18.489127015881692 2.2
    endloop
  endfacet
  facet normal 0 0 1
    outer loop
      vertex 4.88570000231266 -16.20149999856949 2.2
      vertex -1.9829527207697746 -18.20072571049434 2.2
      vertex -2.004551890173224 -18.34633548302419 2.2
    endloop
  endfacet
  facet normal 0 0 1
    outer loop
      vertex 4.88570000231266 -16.20149999856949 2.2
      vertex -1.9757298107780699 -18.0537 2.2
      vertex -1.9829527207697746 -18.20072571049434 2.2
    endloop
  endfacet
  facet normal 0 0 1
    outer loop
      vertex 4.88570000231266 -16.20149999856949 2.2
      vertex -1.9829527207697746 -17.90667428950566 2.2
      vertex -1.9757298107780699 -18.0537 2.2
    endloop
  endfacet
  facet normal 0 0 1
    outer loop
      vertex 4.88570000231266 -16.20149999856949 2.2
      vertex -2.004551890173224 -17.761064516975807 2.2
      vertex -1.9829527207697746 -17.90667428950566 2.2
    endloop
  endfacet
  facet normal 0 0 1
    outer loop
      vertex 4.88570000231266 -16.20149999856949 2.2
      vertex -2.0403193071797565 -17.618272984118306 2.2
      vertex -2.004551890173224 -17.761064516975807 2.2
    endloop
  endfacet
  facet normal 0 0 1
    outer loop
      vertex 4.88570000231266 -16.20149999856949 2.2
      vertex -2.1528479142555375 -17.346604894761004 2.2
      vertex -2.08991051201114 -17.479674851452366 2.2
    endloop
  endfacet
  facet normal 0 0 1
    outer loop
      vertex 4.88570000231266 -16.20149999856949 2.2
      vertex -2.08991051201114 -17.479674851452366 2.2
      vertex -2.0403193071797565 -17.618272984118306 2.2
    endloop
  endfacet
  facet normal 0 0 1
    outer loop
      vertex -1.0367999970912933 -12.216300003230572 2.2
      vertex -2.1528479142555375 -17.346604894761004 2.2
      vertex 4.88570000231266 -16.20149999856949 2.2
    endloop
  endfacet
  facet normal 0 0 1
    outer loop
      vertex 0.649899996817112 -12.963500000536442 2.2
      vertex 3.811499997973442 -14.770099997520447 2.2
      vertex 6.689900003373623 -13.41550000011921 2.2
    endloop
  endfacet
  facet normal 0 0 -1
    outer loop
      vertex 6.689900003373623 -13.41550000011921 0
      vertex 5.457800000905991 -5.240599997341633 0
      vertex 6.692100003361702 -13.414700001478195 0
    endloop
  endfacet
  facet normal 0 0 -1
    outer loop
      vertex 6.689900003373623 -13.41550000011921 0
      vertex 0.7378999963402748 -4.931599996984005 0
      vertex 5.457800000905991 -5.240599997341633 0
    endloop
  endfacet
  facet normal 0.4446268814910748 -0.8957158792025077 0
    outer loop
      vertex 6.692100003361702 -13.414700001478195 0
      vertex 14.23250000178814 -9.67170000076294 0
      vertex 6.692100003361702 -13.414700001478195 2.2
    endloop
  endfacet
  facet normal 0.4446268814910748 -0.8957158792025077 0
    outer loop
      vertex 14.23250000178814 -9.67170000076294 0
      vertex 14.23250000178814 -9.67170000076294 2.2
      vertex 6.692100003361702 -13.414700001478195 2.2
    endloop
  endfacet
  facet normal 0.4406244571083689 -0.897691532653592 0
    outer loop
      vertex 14.23250000178814 -9.67170000076294 0
      vertex 26.134300000965595 -3.8298000022768974 0
      vertex 14.23250000178814 -9.67170000076294 2.2
    endloop
  endfacet
  facet normal 0 0 -1
    outer loop
      vertex 6.692100003361702 -13.414700001478195 0
      vertex 5.457800000905991 -5.240599997341633 0
      vertex 41.46320000290871 7.127499997615814 0
    endloop
  endfacet
  facet normal 0 0 -1
    outer loop
      vertex 6.692100003361702 -13.414700001478195 0
      vertex 41.46320000290871 7.127499997615814 0
      vertex 14.23250000178814 -9.67170000076294 0
    endloop
  endfacet
  facet normal 0 0 -1
    outer loop
      vertex 14.23250000178814 -9.67170000076294 0
      vertex 41.46320000290871 7.127499997615814 0
      vertex 26.134300000965595 -3.8298000022768974 0
    endloop
  endfacet
  facet normal 0.35179315975522435 -0.9360777599908221 0
    outer loop
      vertex 26.134300000965595 -3.8298000022768974 0
      vertex 34.481200002133846 -0.6929000020027161 0
      vertex 26.134300000965595 -3.8298000022768974 2.2
    endloop
  endfacet
  facet normal 0.4406244571083689 -0.897691532653592 0
    outer loop
      vertex 26.134300000965595 -3.8298000022768974 0
      vertex 26.134300000965595 -3.8298000022768974 2.2
      vertex 14.23250000178814 -9.67170000076294 2.2
    endloop
  endfacet
  facet normal 0 0 1
    outer loop
      vertex 6.689900003373623 -13.41550000011921 2.2
      vertex 6.692100003361702 -13.414700001478195 2.2
      vertex 0.7378999963402748 -4.931599996984005 2.2
    endloop
  endfacet
  facet normal 0 0 1
    outer loop
      vertex 6.692100003361702 -13.414700001478195 2.2
      vertex 5.457800000905991 -5.240599997341633 2.2
      vertex 0.7378999963402748 -4.931599996984005 2.2
    endloop
  endfacet
  facet normal 0 0 1
    outer loop
      vertex 6.692100003361702 -13.414700001478195 2.2
      vertex 14.23250000178814 -9.67170000076294 2.2
      vertex 5.457800000905991 -5.240599997341633 2.2
    endloop
  endfacet
  facet normal 0 0 1
    outer loop
      vertex 14.23250000178814 -9.67170000076294 2.2
      vertex 26.134300000965595 -3.8298000022768974 2.2
      vertex 5.457800000905991 -5.240599997341633 2.2
    endloop
  endfacet
  facet normal 0 0 1
    outer loop
      vertex 5.457800000905991 -5.240599997341633 2.2
      vertex 26.134300000965595 -3.8298000022768974 2.2
      vertex 34.481200002133846 -0.6929000020027161 2.2
    endloop
  endfacet
  facet normal 0 0 1
    outer loop
      vertex 5.457800000905991 -5.240599997341633 2.2
      vertex 34.481200002133846 -0.6929000020027161 2.2
      vertex 41.762599997222424 1.5705000013113022 2.2
    endloop
  endfacet
  facet normal 0.35179315975522435 -0.9360777599908221 0
    outer loop
      vertex 34.481200002133846 -0.6929000020027161 0
      vertex 34.481200002133846 -0.6929000020027161 2.2
      vertex 26.134300000965595 -3.8298000022768974 2.2
    endloop
  endfacet
  facet normal 0 0 -1
    outer loop
      vertex -0.937899999320507 11.151799999177456 0
      vertex 0.2782000005245209 11.544200003147125 0
      vertex 1.0226000025868416 4.3297000005841255 0
    endloop
  endfacet
  facet normal 0 0 -1
    outer loop
      vertex 1.0226000025868416 4.3297000005841255 0
      vertex 0.2782000005245209 11.544200003147125 0
      vertex 1.5546000003814697 11.963799998164177 0
    endloop
  endfacet
  facet normal 0 0 -1
    outer loop
      vertex 1.0226000025868416 4.3297000005841255 0
      vertex 1.5546000003814697 11.963799998164177 0
      vertex 2.8822999969124794 12.407300002872944 0
    endloop
  endfacet
  facet normal 0 0 -1
    outer loop
      vertex 1.0226000025868416 4.3297000005841255 0
      vertex 2.8822999969124794 12.407300002872944 0
      vertex 4.252599999308586 12.870899997651577 0
    endloop
  endfacet
  facet normal 0 0 -1
    outer loop
      vertex 1.0226000025868416 4.3297000005841255 0
      vertex 4.252599999308586 12.870899997651577 0
      vertex 5.656199999153614 13.35130000114441 0
    endloop
  endfacet
  facet normal 0 0 -1
    outer loop
      vertex 1.0226000025868416 4.3297000005841255 0
      vertex 5.656199999153614 13.35130000114441 0
      vertex 7.084399998188019 13.844999998807907 0
    endloop
  endfacet
  facet normal 0 0 -1
    outer loop
      vertex 1.0226000025868416 4.3297000005841255 0
      vertex 7.084399998188019 13.844999998807907 0
      vertex 8.52650000154972 14.347900003194809 0
    endloop
  endfacet
  facet normal 0 0 -1
    outer loop
      vertex 1.0226000025868416 4.3297000005841255 0
      vertex 8.52650000154972 14.347900003194809 0
      vertex 9.974399998784065 14.856700003147125 0
    endloop
  endfacet
  facet normal 0 0 -1
    outer loop
      vertex 1.0226000025868416 4.3297000005841255 0
      vertex 9.974399998784065 14.856700003147125 0
      vertex 11.419200003147125 15.368100002408028 0
    endloop
  endfacet
  facet normal -0.3122953088351668 0.9499850736088161 0
    outer loop
      vertex 0.2782000005245209 11.544200003147125 0
      vertex 1.5546000003814697 11.963799998164177 2.2
      vertex 1.5546000003814697 11.963799998164177 0
    endloop
  endfacet
  facet normal -0.3168277862034892 0.9484830804444517 -1.80254944834224e-17
    outer loop
      vertex 1.5546000003814697 11.963799998164177 0
      vertex 2.8822999969124794 12.407300002872944 2.2
      vertex 2.8822999969124794 12.407300002872944 0
    endloop
  endfacet
  facet normal -0.32047593955102105 0.9472566559116332 0
    outer loop
      vertex 2.8822999969124794 12.407300002872944 0
      vertex 4.252599999308586 12.870899997651577 2.2
      vertex 4.252599999308586 12.870899997651577 0
    endloop
  endfacet
  facet normal 0 0 -1
    outer loop
      vertex 1.0226000025868416 4.3297000005841255 0
      vertex 11.419200003147125 15.368100002408028 0
      vertex 12.851999998092651 15.8783999979496 0
    endloop
  endfacet
  facet normal 0 0 -1
    outer loop
      vertex 1.0226000025868416 4.3297000005841255 0
      vertex 12.851999998092651 15.8783999979496 0
      vertex 14.26349999755621 16.384199999272823 0
    endloop
  endfacet
  facet normal 0 0 -1
    outer loop
      vertex 1.0226000025868416 4.3297000005841255 0
      vertex 14.26349999755621 16.384199999272823 0
      vertex 15.645000003278255 16.881899997591972 0
    endloop
  endfacet
  facet normal 0 0 -1
    outer loop
      vertex 1.0226000025868416 4.3297000005841255 0
      vertex 15.645000003278255 16.881899997591972 0
      vertex 16.987199999392033 17.368000000715256 0
    endloop
  endfacet
  facet normal -0.3122953088351668 0.9499850736088161 0
    outer loop
      vertex 0.2782000005245209 11.544200003147125 0
      vertex 0.2782000005245209 11.544200003147125 2.2
      vertex 1.5546000003814697 11.963799998164177 2.2
    endloop
  endfacet
  facet normal -0.3168277862034892 0.9484830804444517 0
    outer loop
      vertex 1.5546000003814697 11.963799998164177 0
      vertex 1.5546000003814697 11.963799998164177 2.2
      vertex 2.8822999969124794 12.407300002872944 2.2
    endloop
  endfacet
  facet normal -0.32047593955102105 0.9472566559116332 0
    outer loop
      vertex 2.8822999969124794 12.407300002872944 0
      vertex 2.8822999969124794 12.407300002872944 2.2
      vertex 4.252599999308586 12.870899997651577 2.2
    endloop
  endfacet
  facet normal 0 0 1
    outer loop
      vertex -0.937899999320507 11.151799999177456 2.2
      vertex 1.0226000025868416 4.3297000005841255 2.2
      vertex 37.827399998903275 17.358300000429153 2.2
    endloop
  endfacet
  facet normal 0 0 1
    outer loop
      vertex 5.457800000905991 -5.240599997341633 2.2
      vertex 41.762599997222424 1.5705000013113022 2.2
      vertex 41.46320000290871 7.127499997615814 2.2
    endloop
  endfacet
  facet normal -0.32382107024166606 0.9461183406252844 -1.7008250956927523e-17
    outer loop
      vertex 4.252599999308586 12.870899997651577 0
      vertex 5.656199999153614 13.35130000114441 2.2
      vertex 5.656199999153614 13.35130000114441 0
    endloop
  endfacet
  facet normal -0.3267105056490976 0.9451244603217669 0
    outer loop
      vertex 5.656199999153614 13.35130000114441 0
      vertex 7.084399998188019 13.844999998807907 2.2
      vertex 7.084399998188019 13.844999998807907 0
    endloop
  endfacet
  facet normal 0 0 -1
    outer loop
      vertex 1.0226000025868416 4.3297000005841255 0
      vertex 16.987199999392033 17.368000000715256 0
      vertex 18.281300000846386 17.839100003242493 0
    endloop
  endfacet
  facet normal 0 0 -1
    outer loop
      vertex 1.0226000025868416 4.3297000005841255 0
      vertex 18.281300000846386 17.839100003242493 0
      vertex 19.518200002610683 18.291400000452995 0
    endloop
  endfacet
  facet normal 0 0 -1
    outer loop
      vertex 1.0226000025868416 4.3297000005841255 0
      vertex 19.518200002610683 18.291400000452995 0
      vertex 20.689000003039837 18.721699997782707 0
    endloop
  endfacet
  facet normal 0 0 -1
    outer loop
      vertex 1.0226000025868416 4.3297000005841255 0
      vertex 20.689000003039837 18.721699997782707 0
      vertex 21.784500002861023 19.12619999796152 0
    endloop
  endfacet
  facet normal -0.3292798459029754 0.9442323776921192 0
    outer loop
      vertex 7.084399998188019 13.844999998807907 0
      vertex 8.52650000154972 14.347900003194809 2.2
      vertex 8.52650000154972 14.347900003194809 0
    endloop
  endfacet
  facet normal -0.331531454283504 0.943444166244439 0
    outer loop
      vertex 8.52650000154972 14.347900003194809 0
      vertex 9.974399998784065 14.856700003147125 2.2
      vertex 9.974399998784065 14.856700003147125 0
    endloop
  endfacet
  facet normal -0.3336732103105084 0.9426888079960848 0
    outer loop
      vertex 9.974399998784065 14.856700003147125 0
      vertex 11.419200003147125 15.368100002408028 2.2
      vertex 11.419200003147125 15.368100002408028 0
    endloop
  endfacet
  facet normal -0.33551159132718517 0.9420360779105542 0
    outer loop
      vertex 11.419200003147125 15.368100002408028 0
      vertex 12.851999998092651 15.8783999979496 2.2
      vertex 12.851999998092651 15.8783999979496 0
    endloop
  endfacet
  facet normal -0.33733752095304914 0.9413837670988655 1.6828421306133627e-17
    outer loop
      vertex 12.851999998092651 15.8783999979496 0
      vertex 14.26349999755621 16.384199999272823 2.2
      vertex 14.26349999755621 16.384199999272823 0
    endloop
  endfacet
  facet normal -0.32382107024166606 0.9461183406252844 0
    outer loop
      vertex 4.252599999308586 12.870899997651577 0
      vertex 4.252599999308586 12.870899997651577 2.2
      vertex 5.656199999153614 13.35130000114441 2.2
    endloop
  endfacet
  facet normal -0.3267105056490976 0.9451244603217669 0
    outer loop
      vertex 5.656199999153614 13.35130000114441 0
      vertex 5.656199999153614 13.35130000114441 2.2
      vertex 7.084399998188019 13.844999998807907 2.2
    endloop
  endfacet
  facet normal -0.3292798459029754 0.9442323776921192 0
    outer loop
      vertex 7.084399998188019 13.844999998807907 0
      vertex 7.084399998188019 13.844999998807907 2.2
      vertex 8.52650000154972 14.347900003194809 2.2
    endloop
  endfacet
  facet normal -0.331531454283504 0.943444166244439 0
    outer loop
      vertex 8.52650000154972 14.347900003194809 0
      vertex 8.52650000154972 14.347900003194809 2.2
      vertex 9.974399998784065 14.856700003147125 2.2
    endloop
  endfacet
  facet normal -0.3336732103105084 0.9426888079960848 0
    outer loop
      vertex 9.974399998784065 14.856700003147125 0
      vertex 9.974399998784065 14.856700003147125 2.2
      vertex 11.419200003147125 15.368100002408028 2.2
    endloop
  endfacet
  facet normal -0.33551159132718517 0.9420360779105542 0
    outer loop
      vertex 11.419200003147125 15.368100002408028 0
      vertex 11.419200003147125 15.368100002408028 2.2
      vertex 12.851999998092651 15.8783999979496 2.2
    endloop
  endfacet
  facet normal -0.33733752095304914 0.9413837670988655 0
    outer loop
      vertex 12.851999998092651 15.8783999979496 0
      vertex 12.851999998092651 15.8783999979496 2.2
      vertex 14.26349999755621 16.384199999272823 2.2
    endloop
  endfacet
  facet normal -0.33893649137237875 0.9408092552777004 0
    outer loop
      vertex 14.26349999755621 16.384199999272823 0
      vertex 14.26349999755621 16.384199999272823 2.2
      vertex 15.645000003278255 16.881899997591972 2.2
    endloop
  endfacet
  facet normal 0 0 -1
    outer loop
      vertex 1.0226000025868416 4.3297000005841255 0
      vertex 21.784500002861023 19.12619999796152 0
      vertex 22.795800000429153 19.501599997282028 0
    endloop
  endfacet
  facet normal 0 0 -1
    outer loop
      vertex 1.0226000025868416 4.3297000005841255 0
      vertex 22.798000000417233 19.502400003373623 0
      vertex 22.79959999769926 19.503100000321865 0
    endloop
  endfacet
  facet normal 0 0 -1
    outer loop
      vertex 1.0226000025868416 4.3297000005841255 0
      vertex 22.795800000429153 19.501599997282028 0
      vertex 22.798000000417233 19.502400003373623 0
    endloop
  endfacet
  facet normal 0 0 -1
    outer loop
      vertex 1.0226000025868416 4.3297000005841255 0
      vertex 22.79959999769926 19.503100000321865 0
      vertex 36.91160000115633 24.39859999716282 0
    endloop
  endfacet
  facet normal -0.33893649137237875 0.9408092552777004 0
    outer loop
      vertex 14.26349999755621 16.384199999272823 0
      vertex 15.645000003278255 16.881899997591972 2.2
      vertex 15.645000003278255 16.881899997591972 0
    endloop
  endfacet
  facet normal -0.3405222385539076 0.9402364623062838 0
    outer loop
      vertex 15.645000003278255 16.881899997591972 0
      vertex 16.987199999392033 17.368000000715256 2.2
      vertex 16.987199999392033 17.368000000715256 0
    endloop
  endfacet
  facet normal -0.3420753623777901 0.9396725208571887 0
    outer loop
      vertex 16.987199999392033 17.368000000715256 0
      vertex 18.281300000846386 17.839100003242493 2.2
      vertex 18.281300000846386 17.839100003242493 0
    endloop
  endfacet
  facet normal -0.3434312581158804 0.9391778164697798 0
    outer loop
      vertex 18.281300000846386 17.839100003242493 0
      vertex 19.518200002610683 18.291400000452995 2.2
      vertex 19.518200002610683 18.291400000452995 0
    endloop
  endfacet
  facet normal -0.3449659376367041 0.938615204367812 0
    outer loop
      vertex 19.518200002610683 18.291400000452995 0
      vertex 20.689000003039837 18.721699997782707 2.2
      vertex 20.689000003039837 18.721699997782707 0
    endloop
  endfacet
  facet normal -0.3463798797032702 0.9380943337089016 0
    outer loop
      vertex 20.689000003039837 18.721699997782707 0
      vertex 21.784500002861023 19.12619999796152 2.2
      vertex 21.784500002861023 19.12619999796152 0
    endloop
  endfacet
  facet normal 0 0 -1
    outer loop
      vertex 1.0226000025868416 4.3297000005841255 0
      vertex 36.91160000115633 24.39859999716282 0
      vertex 37.827399998903275 17.358300000429153 0
    endloop
  endfacet
  facet normal -0.3405222385539076 0.9402364623062838 0
    outer loop
      vertex 15.645000003278255 16.881899997591972 0
      vertex 15.645000003278255 16.881899997591972 2.2
      vertex 16.987199999392033 17.368000000715256 2.2
    endloop
  endfacet
  facet normal -0.3420753623777901 0.9396725208571887 0
    outer loop
      vertex 16.987199999392033 17.368000000715256 0
      vertex 16.987199999392033 17.368000000715256 2.2
      vertex 18.281300000846386 17.839100003242493 2.2
    endloop
  endfacet
  facet normal -0.3434312581158804 0.9391778164697798 0
    outer loop
      vertex 18.281300000846386 17.839100003242493 0
      vertex 18.281300000846386 17.839100003242493 2.2
      vertex 19.518200002610683 18.291400000452995 2.2
    endloop
  endfacet
  facet normal -0.3449659376367041 0.938615204367812 0
    outer loop
      vertex 19.518200002610683 18.291400000452995 0
      vertex 19.518200002610683 18.291400000452995 2.2
      vertex 20.689000003039837 18.721699997782707 2.2
    endloop
  endfacet
  facet normal -0.3463798797032702 0.9380943337089016 0
    outer loop
      vertex 20.689000003039837 18.721699997782707 0
      vertex 20.689000003039837 18.721699997782707 2.2
      vertex 21.784500002861023 19.12619999796152 2.2
    endloop
  endfacet
  facet normal -0.3480026489522464 0.9374935500163294 0
    outer loop
      vertex 21.784500002861023 19.12619999796152 0
      vertex 21.784500002861023 19.12619999796152 2.2
      vertex 22.795800000429153 19.501599997282028 2.2
    endloop
  endfacet
  facet normal -0.3480026489522464 0.9374935500163294 0
    outer loop
      vertex 21.784500002861023 19.12619999796152 0
      vertex 22.795800000429153 19.501599997282028 2.2
      vertex 22.795800000429153 19.501599997282028 0
    endloop
  endfacet
  facet normal -0.4008179388170801 0.9161577265528176 0
    outer loop
      vertex 22.79959999769926 19.503100000321865 0
      vertex 22.798000000417233 19.502400003373623 0
      vertex 22.79959999769926 19.503100000321865 2.2
    endloop
  endfacet
  facet normal -0.3417453630128371 0.9397925871484751 0
    outer loop
      vertex 22.798000000417233 19.502400003373623 0
      vertex 22.795800000429153 19.501599997282028 0
      vertex 22.798000000417233 19.502400003373623 2.2
    endloop
  endfacet
  facet normal -0.4008179388170801 0.9161577265528176 0
    outer loop
      vertex 22.798000000417233 19.502400003373623 0
      vertex 22.798000000417233 19.502400003373623 2.2
      vertex 22.79959999769926 19.503100000321865 2.2
    endloop
  endfacet
  facet normal -0.3417453630128371 0.9397925871484751 0
    outer loop
      vertex 22.795800000429153 19.501599997282028 0
      vertex 22.795800000429153 19.501599997282028 2.2
      vertex 22.798000000417233 19.502400003373623 2.2
    endloop
  endfacet
  facet normal -0.3277428240480131 0.9447669772409667 0
    outer loop
      vertex 22.79959999769926 19.503100000321865 0
      vertex 22.79959999769926 19.503100000321865 2.2
      vertex 36.91160000115633 24.39859999716282 2.2
    endloop
  endfacet
  facet normal 0 0 1
    outer loop
      vertex -0.937899999320507 11.151799999177456 2.2
      vertex 37.827399998903275 17.358300000429153 2.2
      vertex 0.2782000005245209 11.544200003147125 2.2
    endloop
  endfacet
  facet normal 0 0 1
    outer loop
      vertex 0.2782000005245209 11.544200003147125 2.2
      vertex 37.827399998903275 17.358300000429153 2.2
      vertex 1.5546000003814697 11.963799998164177 2.2
    endloop
  endfacet
  facet normal 0 0 1
    outer loop
      vertex 1.5546000003814697 11.963799998164177 2.2
      vertex 37.827399998903275 17.358300000429153 2.2
      vertex 2.8822999969124794 12.407300002872944 2.2
    endloop
  endfacet
  facet normal 0 0 1
    outer loop
      vertex 2.8822999969124794 12.407300002872944 2.2
      vertex 37.827399998903275 17.358300000429153 2.2
      vertex 4.252599999308586 12.870899997651577 2.2
    endloop
  endfacet
  facet normal 0 0 1
    outer loop
      vertex 4.252599999308586 12.870899997651577 2.2
      vertex 37.827399998903275 17.358300000429153 2.2
      vertex 5.656199999153614 13.35130000114441 2.2
    endloop
  endfacet
  facet normal 0 0 1
    outer loop
      vertex 5.656199999153614 13.35130000114441 2.2
      vertex 37.827399998903275 17.358300000429153 2.2
      vertex 7.084399998188019 13.844999998807907 2.2
    endloop
  endfacet
  facet normal 0 0 1
    outer loop
      vertex 7.084399998188019 13.844999998807907 2.2
      vertex 37.827399998903275 17.358300000429153 2.2
      vertex 8.52650000154972 14.347900003194809 2.2
    endloop
  endfacet
  facet normal 0 0 1
    outer loop
      vertex 8.52650000154972 14.347900003194809 2.2
      vertex 37.827399998903275 17.358300000429153 2.2
      vertex 9.974399998784065 14.856700003147125 2.2
    endloop
  endfacet
  facet normal 0 0 1
    outer loop
      vertex 9.974399998784065 14.856700003147125 2.2
      vertex 37.827399998903275 17.358300000429153 2.2
      vertex 11.419200003147125 15.368100002408028 2.2
    endloop
  endfacet
  facet normal 0 0 1
    outer loop
      vertex 11.419200003147125 15.368100002408028 2.2
      vertex 37.827399998903275 17.358300000429153 2.2
      vertex 12.851999998092651 15.8783999979496 2.2
    endloop
  endfacet
  facet normal 0 0 1
    outer loop
      vertex 12.851999998092651 15.8783999979496 2.2
      vertex 37.827399998903275 17.358300000429153 2.2
      vertex 14.26349999755621 16.384199999272823 2.2
    endloop
  endfacet
  facet normal 0 0 1
    outer loop
      vertex 14.26349999755621 16.384199999272823 2.2
      vertex 37.827399998903275 17.358300000429153 2.2
      vertex 15.645000003278255 16.881899997591972 2.2
    endloop
  endfacet
  facet normal 0 0 1
    outer loop
      vertex 15.645000003278255 16.881899997591972 2.2
      vertex 37.827399998903275 17.358300000429153 2.2
      vertex 16.987199999392033 17.368000000715256 2.2
    endloop
  endfacet
  facet normal 0 0 1
    outer loop
      vertex 16.987199999392033 17.368000000715256 2.2
      vertex 37.827399998903275 17.358300000429153 2.2
      vertex 18.281300000846386 17.839100003242493 2.2
    endloop
  endfacet
  facet normal 0 0 1
    outer loop
      vertex 18.281300000846386 17.839100003242493 2.2
      vertex 37.827399998903275 17.358300000429153 2.2
      vertex 19.518200002610683 18.291400000452995 2.2
    endloop
  endfacet
  facet normal 0 0 1
    outer loop
      vertex 19.518200002610683 18.291400000452995 2.2
      vertex 37.827399998903275 17.358300000429153 2.2
      vertex 20.689000003039837 18.721699997782707 2.2
    endloop
  endfacet
  facet normal 0 0 1
    outer loop
      vertex 20.689000003039837 18.721699997782707 2.2
      vertex 37.827399998903275 17.358300000429153 2.2
      vertex 21.784500002861023 19.12619999796152 2.2
    endloop
  endfacet
  facet normal 0 0 1
    outer loop
      vertex 21.784500002861023 19.12619999796152 2.2
      vertex 37.827399998903275 17.358300000429153 2.2
      vertex 22.795800000429153 19.501599997282028 2.2
    endloop
  endfacet
  facet normal 0 0 1
    outer loop
      vertex 22.79959999769926 19.503100000321865 2.2
      vertex 22.798000000417233 19.502400003373623 2.2
      vertex 37.827399998903275 17.358300000429153 2.2
    endloop
  endfacet
  facet normal 0 0 1
    outer loop
      vertex 22.798000000417233 19.502400003373623 2.2
      vertex 22.795800000429153 19.501599997282028 2.2
      vertex 37.827399998903275 17.358300000429153 2.2
    endloop
  endfacet
  facet normal 0 0 -1
    outer loop
      vertex 26.134300000965595 -3.8298000022768974 0
      vertex 41.46320000290871 7.127499997615814 0
      vertex 34.481200002133846 -0.6929000020027161 0
    endloop
  endfacet
  facet normal 0.296836433398228 -0.9549283385717586 0
    outer loop
      vertex 34.481200002133846 -0.6929000020027161 0
      vertex 41.762599997222424 1.5705000013113022 0
      vertex 34.481200002133846 -0.6929000020027161 2.2
    endloop
  endfacet
  facet normal 0 0 -1
    outer loop
      vertex 34.481200002133846 -0.6929000020027161 0
      vertex 41.46320000290871 7.127499997615814 0
      vertex 41.762599997222424 1.5705000013113022 0
    endloop
  endfacet
  facet normal 0.2160800029291152 -0.976375661481867 0
    outer loop
      vertex 41.762599997222424 1.5705000013113022 0
      vertex 48.40039999783039 3.0394999980926514 0
      vertex 41.762599997222424 1.5705000013113022 2.2
    endloop
  endfacet
  facet normal 0 0 -1
    outer loop
      vertex 41.762599997222424 1.5705000013113022 0
      vertex 41.46320000290871 7.127499997615814 0
      vertex 48.40039999783039 3.0394999980926514 0
    endloop
  endfacet
  facet normal 0.296836433398228 -0.9549283385717586 7.941904996275873e-17
    outer loop
      vertex 34.481200002133846 -0.6929000020027161 2.2
      vertex 41.762599997222424 1.5705000013113022 0
      vertex 41.762599997222424 1.5705000013113022 2.2
    endloop
  endfacet
  facet normal 0 0 -1
    outer loop
      vertex 38.95899999886751 10.914099998772144 0
      vertex 37.85849999636412 11.477200001478195 0
      vertex 37.382600001990795 13.155599996447563 0
    endloop
  endfacet
  facet normal 0 0 -1
    outer loop
      vertex 38.96940000355244 10.908399999141693 0
      vertex 38.4201999977231 15.203900001943111 0
      vertex 40.50639999657869 9.997800000011921 0
    endloop
  endfacet
  facet normal 0 0 -1
    outer loop
      vertex 38.964500002563 10.911399997770786 0
      vertex 38.95899999886751 10.914099998772144 0
      vertex 38.4201999977231 15.203900001943111 0
    endloop
  endfacet
  facet normal 0 0 -1
    outer loop
      vertex 38.964500002563 10.911399997770786 0
      vertex 38.4201999977231 15.203900001943111 0
      vertex 38.96940000355244 10.908399999141693 0
    endloop
  endfacet
  facet normal 0 0 -1
    outer loop
      vertex 41.46320000290871 7.127499997615814 0
      vertex 36.91160000115633 24.39859999716282 0
      vertex 48.40039999783039 3.0394999980926514 0
    endloop
  endfacet
  facet normal 0 -1 0
    outer loop
      vertex 48.40039999783039 3.0394999980926514 0
      vertex 55.31019999831915 3.0394999980926514 0
      vertex 48.40039999783039 3.0394999980926514 2.2
    endloop
  endfacet
  facet normal 0 0 -1
    outer loop
      vertex 48.40039999783039 3.0394999980926514 0
      vertex 48.89486968555294 9.855973597983848 0
      vertex 55.31019999831915 3.0394999980926514 0
    endloop
  endfacet
  facet normal 0 0 -1
    outer loop
      vertex 55.31019999831915 3.0394999980926514 0
      vertex 51.784470342285985 11.587933579181772 0
      vertex 57.7820999994874 4.303599998354912 0
    endloop
  endfacet
  facet normal 0.4553065118217678 -0.8903347574326718 0
    outer loop
      vertex 55.31019999831915 3.0394999980926514 0
      vertex 57.7820999994874 4.303599998354912 0
      vertex 55.31019999831915 3.0394999980926514 2.2
    endloop
  endfacet
  facet normal 0.7071067811865475 -0.7071067811865475 0
    outer loop
      vertex 57.7820999994874 4.303599998354912 0
      vertex 57.80340000241995 4.32490000128746 0
      vertex 57.7820999994874 4.303599998354912 2.2
    endloop
  endfacet
  facet normal 0.7069770132358726 -0.7072365253266298 0
    outer loop
      vertex 57.80340000241995 4.32490000128746 0
      vertex 58.89350000023842 5.414599999785423 0
      vertex 57.80340000241995 4.32490000128746 2.2
    endloop
  endfacet
  facet normal 0.2160800029291152 -0.976375661481867 0
    outer loop
      vertex 48.40039999783039 3.0394999980926514 0
      vertex 48.40039999783039 3.0394999980926514 2.2
      vertex 41.762599997222424 1.5705000013113022 2.2
    endloop
  endfacet
  facet normal 0 -1 0
    outer loop
      vertex 55.31019999831915 3.0394999980926514 0
      vertex 55.31019999831915 3.0394999980926514 2.2
      vertex 48.40039999783039 3.0394999980926514 2.2
    endloop
  endfacet
  facet normal 0.4553065118217678 -0.8903347574326718 0
    outer loop
      vertex 57.7820999994874 4.303599998354912 0
      vertex 57.7820999994874 4.303599998354912 2.2
      vertex 55.31019999831915 3.0394999980926514 2.2
    endloop
  endfacet
  facet normal 0.7071067811865475 -0.7071067811865475 0
    outer loop
      vertex 57.80340000241995 4.32490000128746 0
      vertex 57.80340000241995 4.32490000128746 2.2
      vertex 57.7820999994874 4.303599998354912 2.2
    endloop
  endfacet
  facet normal 0.7069770132358726 -0.7072365253266298 0
    outer loop
      vertex 58.89350000023842 5.414599999785423 0
      vertex 58.89350000023842 5.414599999785423 2.2
      vertex 57.80340000241995 4.32490000128746 2.2
    endloop
  endfacet
  facet normal 0 0 -1
    outer loop
      vertex 48.40039999783039 3.0394999980926514 0
      vertex 45.14156691037429 10.602551938487274 0
      vertex 45.562434391342315 10.350293678258225 0
    endloop
  endfacet
  facet normal 0 0 -1
    outer loop
      vertex 48.40039999783039 3.0394999980926514 0
      vertex 45.562434391342315 10.350293678258225 0
      vertex 46.00600091364685 10.140502337443566 0
    endloop
  endfacet
  facet normal 0 0 -1
    outer loop
      vertex 48.40039999783039 3.0394999980926514 0
      vertex 46.46799468919999 9.975198321338956 0
      vertex 46.94396646539166 9.855973597983848 0
    endloop
  endfacet
  facet normal 0 0 -1
    outer loop
      vertex 48.40039999783039 3.0394999980926514 0
      vertex 46.94396646539166 9.855973597983848 0
      vertex 47.4293323738245 9.783976366639015 0
    endloop
  endfacet
  facet normal 0 0 -1
    outer loop
      vertex 48.40039999783039 3.0394999980926514 0
      vertex 46.00600091364685 10.140502337443566 0
      vertex 46.46799468919999 9.975198321338956 0
    endloop
  endfacet
  facet normal 0 0 -1
    outer loop
      vertex 48.40039999783039 3.0394999980926514 0
      vertex 47.4293323738245 9.783976366639015 0
      vertex 47.9194180754723 9.7599 0
    endloop
  endfacet
  facet normal 0 0 -1
    outer loop
      vertex 48.40039999783039 3.0394999980926514 0
      vertex 47.9194180754723 9.7599 0
      vertex 48.4095037771201 9.783976366639015 0
    endloop
  endfacet
  facet normal 0 0 -1
    outer loop
      vertex 48.40039999783039 3.0394999980926514 0
      vertex 48.4095037771201 9.783976366639015 0
      vertex 48.89486968555294 9.855973597983848 0
    endloop
  endfacet
  facet normal 0 0 -1
    outer loop
      vertex 44.38388416953956 11.224366094067262 0
      vertex 44.74745165465407 10.894847733186316 0
      vertex 48.40039999783039 3.0394999980926514 0
    endloop
  endfacet
  facet normal 0 0 -1
    outer loop
      vertex 44.38388416953956 11.224366094067262 0
      vertex 48.40039999783039 3.0394999980926514 0
      vertex 44.054365808658616 11.587933579181772 0
    endloop
  endfacet
  facet normal 0 0 -1
    outer loop
      vertex 44.74745165465407 10.894847733186316 0
      vertex 45.14156691037429 10.602551938487274 0
      vertex 48.40039999783039 3.0394999980926514 0
    endloop
  endfacet
  facet normal 0 0 -1
    outer loop
      vertex 44.054365808658616 11.587933579181772 0
      vertex 48.40039999783039 3.0394999980926514 0
      vertex 43.76207001395957 11.982048834901988 0
    endloop
  endfacet
  facet normal 0 0 -1
    outer loop
      vertex 43.76207001395957 11.982048834901988 0
      vertex 48.40039999783039 3.0394999980926514 0
      vertex 43.509811753730524 12.402916315870012 0
    endloop
  endfacet
  facet normal 0 0 -1
    outer loop
      vertex 55.31019999831915 3.0394999980926514 0
      vertex 48.89486968555294 9.855973597983848 0
      vertex 49.37084146174461 9.975198321338956 0
    endloop
  endfacet
  facet normal 0 0 -1
    outer loop
      vertex 55.31019999831915 3.0394999980926514 0
      vertex 49.37084146174461 9.975198321338956 0
      vertex 49.83283523729775 10.140502337443566 0
    endloop
  endfacet
  facet normal 0 0 -1
    outer loop
      vertex 55.31019999831915 3.0394999980926514 0
      vertex 49.83283523729775 10.140502337443566 0
      vertex 50.27640175960229 10.350293678258225 0
    endloop
  endfacet
  facet normal 0 0 -1
    outer loop
      vertex 55.31019999831915 3.0394999980926514 0
      vertex 50.27640175960229 10.350293678258225 0
      vertex 50.697269240570314 10.602551938487274 0
    endloop
  endfacet
  facet normal 0 0 -1
    outer loop
      vertex 55.31019999831915 3.0394999980926514 0
      vertex 50.697269240570314 10.602551938487274 0
      vertex 51.09138449629053 10.894847733186316 0
    endloop
  endfacet
  facet normal 0 0 -1
    outer loop
      vertex 57.7820999994874 4.303599998354912 0
      vertex 52.704119754133345 13.308476613727688 0
      vertex 57.80340000241995 4.32490000128746 0
    endloop
  endfacet
  facet normal 0 0 -1
    outer loop
      vertex 55.31019999831915 3.0394999980926514 0
      vertex 51.09138449629053 10.894847733186316 0
      vertex 51.45495198140504 11.224366094067262 0
    endloop
  endfacet
  facet normal 0 0 -1
    outer loop
      vertex 55.31019999831915 3.0394999980926514 0
      vertex 51.45495198140504 11.224366094067262 0
      vertex 51.784470342285985 11.587933579181772 0
    endloop
  endfacet
  facet normal 0 0 -1
    outer loop
      vertex 57.7820999994874 4.303599998354912 0
      vertex 51.784470342285985 11.587933579181772 0
      vertex 52.07676613698503 11.982048834901988 0
    endloop
  endfacet
  facet normal 0 0 -1
    outer loop
      vertex 57.7820999994874 4.303599998354912 0
      vertex 52.07676613698503 11.982048834901988 0
      vertex 52.32902439721408 12.402916315870012 0
    endloop
  endfacet
  facet normal 0 0 -1
    outer loop
      vertex 57.80340000241995 4.32490000128746 0
      vertex 52.704119754133345 13.308476613727688 0
      vertex 58.89350000023842 5.414599999785423 0
    endloop
  endfacet
  facet normal 0 0 -1
    outer loop
      vertex 57.7820999994874 4.303599998354912 0
      vertex 52.32902439721408 12.402916315870012 0
      vertex 52.53881573802873 12.846482838174552 0
    endloop
  endfacet
  facet normal 0 0 -1
    outer loop
      vertex 57.7820999994874 4.303599998354912 0
      vertex 52.53881573802873 12.846482838174552 0
      vertex 52.704119754133345 13.308476613727688 0
    endloop
  endfacet
  facet normal 0 0 -1
    outer loop
      vertex 58.89350000023842 5.414599999785423 0
      vertex 52.704119754133345 13.308476613727688 0
      vertex 52.823344477488455 13.784448389919358 0
    endloop
  endfacet
  facet normal 0 0 -1
    outer loop
      vertex 58.89350000023842 5.414599999785423 0
      vertex 52.823344477488455 13.784448389919358 0
      vertex 52.895341708833286 14.269814298352197 0
    endloop
  endfacet
  facet normal 0 0 -1
    outer loop
      vertex 58.89350000023842 5.414599999785423 0
      vertex 52.895341708833286 14.269814298352197 0
      vertex 52.9194180754723 14.7599 0
    endloop
  endfacet
  facet normal 0 0 -1
    outer loop
      vertex 58.89350000023842 5.414599999785423 0
      vertex 52.9194180754723 14.7599 0
      vertex 52.895341708833286 15.249985701647804 0
    endloop
  endfacet
  facet normal 0 0 -1
    outer loop
      vertex 58.89350000023842 5.414599999785423 0
      vertex 52.823344477488455 15.735351610080642 0
      vertex 52.704119754133345 16.211323386272312 0
    endloop
  endfacet
  facet normal 0 0 -1
    outer loop
      vertex 58.89350000023842 5.414599999785423 0
      vertex 52.895341708833286 15.249985701647804 0
      vertex 52.823344477488455 15.735351610080642 0
    endloop
  endfacet
  facet normal 0 0 -1
    outer loop
      vertex 58.89350000023842 5.414599999785423 0
      vertex 52.704119754133345 16.211323386272312 0
      vertex 52.53881573802873 16.673317161825448 0
    endloop
  endfacet
  facet normal 0.998300766497505 -0.05827160209307559 0
    outer loop
      vertex 58.89350000023842 5.414599999785423 0
      vertex 60 24.37099999934435 0
      vertex 58.89350000023842 5.414599999785423 2.2
    endloop
  endfacet
  facet normal 0 0 1
    outer loop
      vertex 41.762599997222424 1.5705000013113022 2.2
      vertex 48.40039999783039 3.0394999980926514 2.2
      vertex 41.46320000290871 7.127499997615814 2.2
    endloop
  endfacet
  facet normal 0 0 1
    outer loop
      vertex 38.95899999886751 10.914099998772144 2.2
      vertex 37.382600001990795 13.155599996447563 2.2
      vertex 37.85849999636412 11.477200001478195 2.2
    endloop
  endfacet
  facet normal 0 0 1
    outer loop
      vertex 38.96940000355244 10.908399999141693 2.2
      vertex 40.50639999657869 9.997800000011921 2.2
      vertex 38.4201999977231 15.203900001943111 2.2
    endloop
  endfacet
  facet normal 0 0 1
    outer loop
      vertex 38.964500002563 10.911399997770786 2.2
      vertex 38.4201999977231 15.203900001943111 2.2
      vertex 38.95899999886751 10.914099998772144 2.2
    endloop
  endfacet
  facet normal 0 0 1
    outer loop
      vertex 38.964500002563 10.911399997770786 2.2
      vertex 38.96940000355244 10.908399999141693 2.2
      vertex 38.4201999977231 15.203900001943111 2.2
    endloop
  endfacet
  facet normal 0 0 1
    outer loop
      vertex 41.46320000290871 7.127499997615814 2.2
      vertex 48.40039999783039 3.0394999980926514 2.2
      vertex 36.91160000115633 24.39859999716282 2.2
    endloop
  endfacet
  facet normal 0 0 1
    outer loop
      vertex 48.40039999783039 3.0394999980926514 2.2
      vertex 55.31019999831915 3.0394999980926514 2.2
      vertex 48.137506212705574 12.545613983154361 2.2
    endloop
  endfacet
  facet normal 0 0 1
    outer loop
      vertex 55.31019999831915 3.0394999980926514 2.2
      vertex 55.680655313514606 6.837237480224928 2.2
      vertex 55.590340071339305 6.875626329709545 2.2
    endloop
  endfacet
  facet normal 0 0 1
    outer loop
      vertex 55.31019999831915 3.0394999980926514 2.2
      vertex 55.590340071339305 6.875626329709545 2.2
      vertex 55.50422248850554 6.922682771570283 2.2
    endloop
  endfacet
  facet normal 0 0 1
    outer loop
      vertex 55.31019999831915 3.0394999980926514 2.2
      vertex 55.967937574913776 6.7773356333875805 2.2
      vertex 55.87036758137259 6.787854339954022 2.2
    endloop
  endfacet
  facet normal 0 0 1
    outer loop
      vertex 55.31019999831915 3.0394999980926514 2.2
      vertex 55.87036758137259 6.787854339954022 2.2
      vertex 55.77429842773255 6.807885928342567 2.2
    endloop
  endfacet
  facet normal 0 0 1
    outer loop
      vertex 55.31019999831915 3.0394999980926514 2.2
      vertex 55.77429842773255 6.807885928342567 2.2
      vertex 55.680655313514606 6.837237480224928 2.2
    endloop
  endfacet
  facet normal 0 0 1
    outer loop
      vertex 55.31019999831915 3.0394999980926514 2.2
      vertex 55.347849319442325 7.040906582996028 2.2
      vertex 55.27909968740793 7.110935400597638 2.2
    endloop
  endfacet
  facet normal 0 0 1
    outer loop
      vertex 55.31019999831915 3.0394999980926514 2.2
      vertex 55.27909968740793 7.110935400597638 2.2
      vertex 55.21754513428965 7.187365657629476 2.2
    endloop
  endfacet
  facet normal 0 0 1
    outer loop
      vertex 55.31019999831915 3.0394999980926514 2.2
      vertex 55.50422248850554 6.922682771570283 2.2
      vertex 55.423131924382915 6.977953617946708 2.2
    endloop
  endfacet
  facet normal 0 0 1
    outer loop
      vertex 55.31019999831915 3.0394999980926514 2.2
      vertex 55.423131924382915 6.977953617946708 2.2
      vertex 55.347849319442325 7.040906582996028 2.2
    endloop
  endfacet
  facet normal 0 0 1
    outer loop
      vertex 55.31019999831915 3.0394999980926514 2.2
      vertex 57.7820999994874 4.303599998354912 2.2
      vertex 55.967937574913776 6.7773356333875805 2.2
    endloop
  endfacet
  facet normal 0 0 1
    outer loop
      vertex 57.7820999994874 4.303599998354912 2.2
      vertex 57.80340000241995 4.32490000128746 2.2
      vertex 56.96623834141063 6.7190640312833425 2.2
    endloop
  endfacet
  facet normal 0 0 1
    outer loop
      vertex 57.80340000241995 4.32490000128746 2.2
      vertex 58.89350000023842 5.414599999785423 2.2
      vertex 57.35270716799788 6.772755574056957 2.2
    endloop
  endfacet
  facet normal 0 0 1
    outer loop
      vertex 57.7820999994874 4.303599998354912 2.2
      vertex 56.96623834141063 6.7190640312833425 2.2
      vertex 55.967937574913776 6.7773356333875805 2.2
    endloop
  endfacet
  facet normal 0 0 1
    outer loop
      vertex 57.80340000241995 4.32490000128746 2.2
      vertex 57.064369522294854 6.718159506144307 2.2
      vertex 56.96623834141063 6.7190640312833425 2.2
    endloop
  endfacet
  facet normal 0 0 1
    outer loop
      vertex 57.80340000241995 4.32490000128746 2.2
      vertex 57.16211683357431 6.726877874805825 2.2
      vertex 57.064369522294854 6.718159506144307 2.2
    endloop
  endfacet
  facet normal 0 0 1
    outer loop
      vertex 57.80340000241995 4.32490000128746 2.2
      vertex 57.25853891378961 6.745135171574326 2.2
      vertex 57.16211683357431 6.726877874805825 2.2
    endloop
  endfacet
  facet normal 0 0 1
    outer loop
      vertex 57.80340000241995 4.32490000128746 2.2
      vertex 57.35270716799788 6.772755574056957 2.2
      vertex 57.25853891378961 6.745135171574326 2.2
    endloop
  endfacet
  facet normal 0 0 1
    outer loop
      vertex 58.89350000023842 5.414599999785423 2.2
      vertex 57.443714702346846 6.8094730833058765 2.2
      vertex 57.35270716799788 6.772755574056957 2.2
    endloop
  endfacet
  facet normal 0 0 1
    outer loop
      vertex 58.89350000023842 5.414599999785423 2.2
      vertex 57.53068506355974 6.854934081088489 2.2
      vertex 57.443714702346846 6.8094730833058765 2.2
    endloop
  endfacet
  facet normal 0 0 1
    outer loop
      vertex 58.89350000023842 5.414599999785423 2.2
      vertex 57.61278068576983 6.908700755051831 2.2
      vertex 57.53068506355974 6.854934081088489 2.2
    endloop
  endfacet
  facet normal 0 0 1
    outer loop
      vertex 58.89350000023842 5.414599999785423 2.2
      vertex 57.689210942801665 6.9702553081701115 2.2
      vertex 57.61278068576983 6.908700755051831 2.2
    endloop
  endfacet
  facet normal 0 0 1
    outer loop
      vertex 48.40039999783039 3.0394999980926514 2.2
      vertex 46.683274307003686 12.909880112626837 2.2
      vertex 46.507893018208186 13.03995174126791 2.2
    endloop
  endfacet
  facet normal 0 0 1
    outer loop
      vertex 48.40039999783039 3.0394999980926514 2.2
      vertex 46.87056033603446 12.79762518682491 2.2
      vertex 46.683274307003686 12.909880112626837 2.2
    endloop
  endfacet
  facet normal 0 0 1
    outer loop
      vertex 48.40039999783039 3.0394999980926514 2.2
      vertex 47.27353466858112 12.630707752995836 2.2
      vertex 47.067947438459974 12.704268040162386 2.2
    endloop
  endfacet
  facet normal 0 0 1
    outer loop
      vertex 48.40039999783039 3.0394999980926514 2.2
      vertex 47.485342108986416 12.577652751102812 2.2
      vertex 47.27353466858112 12.630707752995836 2.2
    endloop
  endfacet
  facet normal 0 0 1
    outer loop
      vertex 48.40039999783039 3.0394999980926514 2.2
      vertex 47.067947438459974 12.704268040162386 2.2
      vertex 46.87056033603446 12.79762518682491 2.2
    endloop
  endfacet
  facet normal 0 0 1
    outer loop
      vertex 48.40039999783039 3.0394999980926514 2.2
      vertex 47.70132993823903 12.545613983154361 2.2
      vertex 47.485342108986416 12.577652751102812 2.2
    endloop
  endfacet
  facet normal 0 0 1
    outer loop
      vertex 48.40039999783039 3.0394999980926514 2.2
      vertex 47.9194180754723 12.5349 2.2
      vertex 47.70132993823903 12.545613983154361 2.2
    endloop
  endfacet
  facet normal 0 0 1
    outer loop
      vertex 48.40039999783039 3.0394999980926514 2.2
      vertex 48.137506212705574 12.545613983154361 2.2
      vertex 47.9194180754723 12.5349 2.2
    endloop
  endfacet
  facet normal 0 0 1
    outer loop
      vertex 55.31019999831915 3.0394999980926514 2.2
      vertex 48.353494041958186 12.577652751102812 2.2
      vertex 48.137506212705574 12.545613983154361 2.2
    endloop
  endfacet
  facet normal 0 0 1
    outer loop
      vertex 55.31019999831915 3.0394999980926514 2.2
      vertex 48.56530148236348 12.630707752995836 2.2
      vertex 48.353494041958186 12.577652751102812 2.2
    endloop
  endfacet
  facet normal 0 0 1
    outer loop
      vertex 55.31019999831915 3.0394999980926514 2.2
      vertex 48.77088871248463 12.704268040162386 2.2
      vertex 48.56530148236348 12.630707752995836 2.2
    endloop
  endfacet
  facet normal 0 0 1
    outer loop
      vertex 55.31019999831915 3.0394999980926514 2.2
      vertex 48.96827581491014 12.79762518682491 2.2
      vertex 48.77088871248463 12.704268040162386 2.2
    endloop
  endfacet
  facet normal 0 0 1
    outer loop
      vertex 55.31019999831915 3.0394999980926514 2.2
      vertex 49.155561843940916 12.909880112626837 2.2
      vertex 48.96827581491014 12.79762518682491 2.2
    endloop
  endfacet
  facet normal 0 0 1
    outer loop
      vertex 55.31019999831915 3.0394999980926514 2.2
      vertex 49.330943132736415 13.03995174126791 2.2
      vertex 49.155561843940916 12.909880112626837 2.2
    endloop
  endfacet
  facet normal 0 0 1
    outer loop
      vertex 48.40039999783039 3.0394999980926514 2.2
      vertex 46.069398188099136 13.523756231531385 2.2
      vertex 45.95714326229721 13.711042260562156 2.2
    endloop
  endfacet
  facet normal 0 0 1
    outer loop
      vertex 48.40039999783039 3.0394999980926514 2.2
      vertex 45.95714326229721 13.711042260562156 2.2
      vertex 45.86378611563469 13.908429362987675 2.2
    endloop
  endfacet
  facet normal 0 0 1
    outer loop
      vertex 48.40039999783039 3.0394999980926514 2.2
      vertex 45.86378611563469 13.908429362987675 2.2
      vertex 45.79022582846814 14.114016593108822 2.2
    endloop
  endfacet
  facet normal 0 0 1
    outer loop
      vertex 48.40039999783039 3.0394999980926514 2.2
      vertex 45.79022582846814 14.114016593108822 2.2
      vertex 45.73717082657511 14.325824033514115 2.2
    endloop
  endfacet
  facet normal 0 0 1
    outer loop
      vertex 48.40039999783039 3.0394999980926514 2.2
      vertex 46.507893018208186 13.03995174126791 2.2
      vertex 46.34610548733223 13.186587411859932 2.2
    endloop
  endfacet
  facet normal 0 0 1
    outer loop
      vertex 48.40039999783039 3.0394999980926514 2.2
      vertex 46.34610548733223 13.186587411859932 2.2
      vertex 46.19946981674021 13.348374942735889 2.2
    endloop
  endfacet
  facet normal 0 0 1
    outer loop
      vertex 48.40039999783039 3.0394999980926514 2.2
      vertex 46.19946981674021 13.348374942735889 2.2
      vertex 46.069398188099136 13.523756231531385 2.2
    endloop
  endfacet
  facet normal 0 0 1
    outer loop
      vertex 55.31019999831915 3.0394999980926514 2.2
      vertex 49.49273066361237 13.186587411859932 2.2
      vertex 49.330943132736415 13.03995174126791 2.2
    endloop
  endfacet
  facet normal 0 0 1
    outer loop
      vertex 55.31019999831915 3.0394999980926514 2.2
      vertex 49.63936633420439 13.348374942735889 2.2
      vertex 49.49273066361237 13.186587411859932 2.2
    endloop
  endfacet
  facet normal 0 0 1
    outer loop
      vertex 55.31019999831915 3.0394999980926514 2.2
      vertex 49.769437962845466 13.523756231531385 2.2
      vertex 49.63936633420439 13.348374942735889 2.2
    endloop
  endfacet
  facet normal 0 0 1
    outer loop
      vertex 55.31019999831915 3.0394999980926514 2.2
      vertex 49.88169288864739 13.711042260562156 2.2
      vertex 49.769437962845466 13.523756231531385 2.2
    endloop
  endfacet
  facet normal 0 0 1
    outer loop
      vertex 55.31019999831915 3.0394999980926514 2.2
      vertex 49.97505003530991 13.908429362987675 2.2
      vertex 49.88169288864739 13.711042260562156 2.2
    endloop
  endfacet
  facet normal 0 0 1
    outer loop
      vertex 55.31019999831915 3.0394999980926514 2.2
      vertex 50.04861032247646 14.114016593108822 2.2
      vertex 49.97505003530991 13.908429362987675 2.2
    endloop
  endfacet
  facet normal 0 0 1
    outer loop
      vertex 55.31019999831915 3.0394999980926514 2.2
      vertex 50.10166532436949 14.325824033514115 2.2
      vertex 50.04861032247646 14.114016593108822 2.2
    endloop
  endfacet
  facet normal 0 0 1
    outer loop
      vertex 55.31019999831915 3.0394999980926514 2.2
      vertex 50.13370409231794 14.541811862766728 2.2
      vertex 50.10166532436949 14.325824033514115 2.2
    endloop
  endfacet
  facet normal 0 0 1
    outer loop
      vertex 50.13370409231794 14.541811862766728 2.2
      vertex 55.027908410521164 7.8339080019886715 2.2
      vertex 50.1444180754723 14.7599 2.2
    endloop
  endfacet
  facet normal 0 0 1
    outer loop
      vertex 50.1444180754723 14.7599 2.2
      vertex 55.027908410521164 7.8339080019886715 2.2
      vertex 50.13370409231794 14.977988137233272 2.2
    endloop
  endfacet
  facet normal 0 0 1
    outer loop
      vertex 50.13370409231794 14.977988137233272 2.2
      vertex 55.027908410521164 7.8339080019886715 2.2
      vertex 50.10166532436949 15.193975966485885 2.2
    endloop
  endfacet
  facet normal 0 0 1
    outer loop
      vertex 50.10166532436949 15.193975966485885 2.2
      vertex 55.027908410521164 7.8339080019886715 2.2
      vertex 50.04861032247646 15.405783406891178 2.2
    endloop
  endfacet
  facet normal 0 0 1
    outer loop
      vertex 55.31019999831915 3.0394999980926514 2.2
      vertex 55.21754513428965 7.187365657629476 2.2
      vertex 50.13370409231794 14.541811862766728 2.2
    endloop
  endfacet
  facet normal 0 0 1
    outer loop
      vertex 50.13370409231794 14.541811862766728 2.2
      vertex 55.21754513428965 7.187365657629476 2.2
      vertex 55.163778460326306 7.269461279839564 2.2
    endloop
  endfacet
  facet normal 0 0 1
    outer loop
      vertex 58.89350000023842 5.414599999785423 2.2
      vertex 57.759239760403275 7.039004940204505 2.2
      vertex 57.689210942801665 6.9702553081701115 2.2
    endloop
  endfacet
  facet normal 0 0 1
    outer loop
      vertex 58.89350000023842 5.414599999785423 2.2
      vertex 57.822192725452595 7.114287545145094 2.2
      vertex 57.759239760403275 7.039004940204505 2.2
    endloop
  endfacet
  facet normal 0 0 1
    outer loop
      vertex 58.89350000023842 5.414599999785423 2.2
      vertex 57.87746357182902 7.195378109267721 2.2
      vertex 57.822192725452595 7.114287545145094 2.2
    endloop
  endfacet
  facet normal 0 0 1
    outer loop
      vertex 58.89350000023842 5.414599999785423 2.2
      vertex 57.92452001368976 7.281495692101483 2.2
      vertex 57.87746357182902 7.195378109267721 2.2
    endloop
  endfacet
  facet normal 0 0 1
    outer loop
      vertex 58.89350000023842 5.414599999785423 2.2
      vertex 57.96290886317438 7.371810934276787 2.2
      vertex 57.92452001368976 7.281495692101483 2.2
    endloop
  endfacet
  facet normal 0 0 1
    outer loop
      vertex 58.89350000023842 5.414599999785423 2.2
      vertex 57.992260415056734 7.465454048494732 2.2
      vertex 57.96290886317438 7.371810934276787 2.2
    endloop
  endfacet
  facet normal 0 0 1
    outer loop
      vertex 58.89350000023842 5.414599999785423 2.2
      vertex 58.01229200344528 7.561523202134769 2.2
      vertex 57.992260415056734 7.465454048494732 2.2
    endloop
  endfacet
  facet normal 0 0 1
    outer loop
      vertex 58.89350000023842 5.414599999785423 2.2
      vertex 58.022810710011726 7.6590931956759585 2.2
      vertex 58.01229200344528 7.561523202134769 2.2
    endloop
  endfacet
  facet normal 0 0 1
    outer loop
      vertex 50.13370409231794 14.541811862766728 2.2
      vertex 55.08159995329478 7.447439175401426 2.2
      vertex 55.053979550812144 7.541607429609698 2.2
    endloop
  endfacet
  facet normal 0 0 1
    outer loop
      vertex 50.13370409231794 14.541811862766728 2.2
      vertex 55.053979550812144 7.541607429609698 2.2
      vertex 55.03572225404365 7.638029509824994 2.2
    endloop
  endfacet
  facet normal 0 0 1
    outer loop
      vertex 50.13370409231794 14.541811862766728 2.2
      vertex 55.03572225404365 7.638029509824994 2.2
      vertex 55.02700388538213 7.735776821104451 2.2
    endloop
  endfacet
  facet normal 0 0 1
    outer loop
      vertex 50.13370409231794 14.541811862766728 2.2
      vertex 55.02700388538213 7.735776821104451 2.2
      vertex 55.027908410521164 7.8339080019886715 2.2
    endloop
  endfacet
  facet normal 0 0 1
    outer loop
      vertex 50.13370409231794 14.541811862766728 2.2
      vertex 55.163778460326306 7.269461279839564 2.2
      vertex 55.11831746254369 7.356431641052459 2.2
    endloop
  endfacet
  facet normal 0 0 1
    outer loop
      vertex 50.13370409231794 14.541811862766728 2.2
      vertex 55.11831746254369 7.356431641052459 2.2
      vertex 55.08159995329478 7.447439175401426 2.2
    endloop
  endfacet
  facet normal 0 0 1
    outer loop
      vertex 58.89350000023842 5.414599999785423 2.2
      vertex 58.78034153736681 20.637003160135055 2.2
      vertex 58.022810710011726 7.6590931956759585 2.2
    endloop
  endfacet
  facet normal 0 0 -1
    outer loop
      vertex 38.95899999886751 10.914099998772144 0
      vertex 37.382600001990795 13.155599996447563 0
      vertex 38.4201999977231 15.203900001943111 0
    endloop
  endfacet
  facet normal 0 0 -1
    outer loop
      vertex 41.46320000290871 7.127499997615814 0
      vertex 40.50639999657869 9.997800000011921 0
      vertex 36.91160000115633 24.39859999716282 0
    endloop
  endfacet
  facet normal 0 0 -1
    outer loop
      vertex 43.509811753730524 12.402916315870012 0
      vertex 48.40039999783039 3.0394999980926514 0
      vertex 36.91160000115633 24.39859999716282 0
    endloop
  endfacet
  facet normal 0 0 -1
    outer loop
      vertex 40.50639999657869 9.997800000011921 0
      vertex 38.4201999977231 15.203900001943111 0
      vertex 36.91160000115633 24.39859999716282 0
    endloop
  endfacet
  facet normal 0 0 -1
    outer loop
      vertex 43.509811753730524 12.402916315870012 0
      vertex 36.91160000115633 24.39859999716282 0
      vertex 43.30002041291587 12.846482838174552 0
    endloop
  endfacet
  facet normal 0 0 -1
    outer loop
      vertex 43.30002041291587 12.846482838174552 0
      vertex 36.91160000115633 24.39859999716282 0
      vertex 43.13471639681126 13.308476613727688 0
    endloop
  endfacet
  facet normal 0 0 -1
    outer loop
      vertex 43.01549167345615 13.784448389919358 0
      vertex 43.13471639681126 13.308476613727688 0
      vertex 36.91160000115633 24.39859999716282 0
    endloop
  endfacet
  facet normal 0 0 -1
    outer loop
      vertex 43.01549167345615 13.784448389919358 0
      vertex 36.91160000115633 24.39859999716282 0
      vertex 42.943494442111316 14.269814298352197 0
    endloop
  endfacet
  facet normal 0 0 -1
    outer loop
      vertex 38.4201999977231 15.203900001943111 0
      vertex 37.827399998903275 17.358300000429153 0
      vertex 36.91160000115633 24.39859999716282 0
    endloop
  endfacet
  facet normal 0 0 -1
    outer loop
      vertex 42.943494442111316 14.269814298352197 0
      vertex 36.91160000115633 24.39859999716282 0
      vertex 42.9194180754723 14.7599 0
    endloop
  endfacet
  facet normal 0 0 -1
    outer loop
      vertex 42.9194180754723 14.7599 0
      vertex 36.91160000115633 24.39859999716282 0
      vertex 42.943494442111316 15.249985701647804 0
    endloop
  endfacet
  facet normal 0 0 -1
    outer loop
      vertex 42.943494442111316 15.249985701647804 0
      vertex 36.91160000115633 24.39859999716282 0
      vertex 43.01549167345615 15.735351610080642 0
    endloop
  endfacet
  facet normal 0 0 -1
    outer loop
      vertex 43.01549167345615 15.735351610080642 0
      vertex 36.91160000115633 24.39859999716282 0
      vertex 43.13471639681126 16.211323386272312 0
    endloop
  endfacet
  facet normal 0 0 -1
    outer loop
      vertex 43.13471639681126 16.211323386272312 0
      vertex 36.91160000115633 24.39859999716282 0
      vertex 43.30002041291587 16.673317161825448 0
    endloop
  endfacet
  facet normal -0.3277428240480131 0.9447669772409667 -1.925743947592774e-16
    outer loop
      vertex 22.79959999769926 19.503100000321865 0
      vertex 36.91160000115633 24.39859999716282 2.2
      vertex 36.91160000115633 24.39859999716282 0
    endloop
  endfacet
  facet normal 0 0 -1
    outer loop
      vertex 43.30002041291587 16.673317161825448 0
      vertex 36.91160000115633 24.39859999716282 0
      vertex 43.509811753730524 17.116883684129988 0
    endloop
  endfacet
  facet normal 0 0 -1
    outer loop
      vertex 43.509811753730524 17.116883684129988 0
      vertex 36.91160000115633 24.39859999716282 0
      vertex 43.76207001395957 17.537751165098012 0
    endloop
  endfacet
  facet normal 0 0 -1
    outer loop
      vertex 43.76207001395957 17.537751165098012 0
      vertex 36.91160000115633 24.39859999716282 0
      vertex 44.054365808658616 17.931866420818228 0
    endloop
  endfacet
  facet normal 0 0 -1
    outer loop
      vertex 44.054365808658616 17.931866420818228 0
      vertex 36.91160000115633 24.39859999716282 0
      vertex 44.38388416953956 18.29543390593274 0
    endloop
  endfacet
  facet normal 0 0 -1
    outer loop
      vertex 44.38388416953956 18.29543390593274 0
      vertex 36.91160000115633 24.39859999716282 0
      vertex 44.74745165465407 18.624952266813686 0
    endloop
  endfacet
  facet normal 0 0 -1
    outer loop
      vertex 44.74745165465407 18.624952266813686 0
      vertex 36.91160000115633 24.39859999716282 0
      vertex 45.14156691037429 18.917248061512726 0
    endloop
  endfacet
  facet normal 0 0 -1
    outer loop
      vertex 36.91160000115633 24.39859999716282 0
      vertex 45.562434391342315 19.169506321741775 0
      vertex 45.14156691037429 18.917248061512726 0
    endloop
  endfacet
  facet normal 0 0 -1
    outer loop
      vertex 36.91160000115633 24.39859999716282 0
      vertex 46.00600091364685 19.379297662556432 0
      vertex 45.562434391342315 19.169506321741775 0
    endloop
  endfacet
  facet normal 0 0 -1
    outer loop
      vertex 36.91160000115633 24.39859999716282 0
      vertex 45.06889999657869 25.794600002467632 0
      vertex 46.00600091364685 19.379297662556432 0
    endloop
  endfacet
  facet normal -0.16868275982057684 0.9856703944723679 0
    outer loop
      vertex 36.91160000115633 24.39859999716282 0
      vertex 45.06889999657869 25.794600002467632 2.2
      vertex 45.06889999657869 25.794600002467632 0
    endloop
  endfacet
  facet normal -0.16868275982057684 0.9856703944723679 0
    outer loop
      vertex 36.91160000115633 24.39859999716282 0
      vertex 36.91160000115633 24.39859999716282 2.2
      vertex 45.06889999657869 25.794600002467632 2.2
    endloop
  endfacet
  facet normal 0 0 -1
    outer loop
      vertex 58.89350000023842 5.414599999785423 0
      vertex 52.53881573802873 16.673317161825448 0
      vertex 52.32902439721408 17.116883684129988 0
    endloop
  endfacet
  facet normal 0 0 -1
    outer loop
      vertex 58.89350000023842 5.414599999785423 0
      vertex 52.32902439721408 17.116883684129988 0
      vertex 52.27660000324249 25.79730000346899 0
    endloop
  endfacet
  facet normal 0 0 -1
    outer loop
      vertex 58.89350000023842 5.414599999785423 0
      vertex 52.27660000324249 25.79730000346899 0
      vertex 57.702399998903275 24.783500000834465 0
    endloop
  endfacet
  facet normal 0 0 -1
    outer loop
      vertex 58.89350000023842 5.414599999785423 0
      vertex 57.702399998903275 24.783500000834465 0
      vertex 60 24.37099999934435 0
    endloop
  endfacet
  facet normal 0.998300766497505 -0.05827160209307559 0
    outer loop
      vertex 60 24.37099999934435 0
      vertex 60 24.37099999934435 2.2
      vertex 58.89350000023842 5.414599999785423 2.2
    endloop
  endfacet
  facet normal 0 0 -1
    outer loop
      vertex 46.00600091364685 19.379297662556432 0
      vertex 45.084799997508526 25.79730000346899 0
      vertex 46.46799468919999 19.544601678661046 0
    endloop
  endfacet
  facet normal 0 0 -1
    outer loop
      vertex 46.46799468919999 19.544601678661046 0
      vertex 45.084799997508526 25.79730000346899 0
      vertex 46.94396646539166 19.663826402016152 0
    endloop
  endfacet
  facet normal 0 0 -1
    outer loop
      vertex 46.94396646539166 19.663826402016152 0
      vertex 45.084799997508526 25.79730000346899 0
      vertex 47.4293323738245 19.735823633360987 0
    endloop
  endfacet
  facet normal 0 0 -1
    outer loop
      vertex 47.4293323738245 19.735823633360987 0
      vertex 45.084799997508526 25.79730000346899 0
      vertex 47.9194180754723 19.759900000000002 0
    endloop
  endfacet
  facet normal 0 0 -1
    outer loop
      vertex 48.4095037771201 19.735823633360987 0
      vertex 47.9194180754723 19.759900000000002 0
      vertex 45.084799997508526 25.79730000346899 0
    endloop
  endfacet
  facet normal 0 0 -1
    outer loop
      vertex 48.4095037771201 19.735823633360987 0
      vertex 45.084799997508526 25.79730000346899 0
      vertex 48.89486968555294 19.663826402016152 0
    endloop
  endfacet
  facet normal 0 0 -1
    outer loop
      vertex 52.32902439721408 17.116883684129988 0
      vertex 52.07676613698503 17.537751165098012 0
      vertex 52.27660000324249 25.79730000346899 0
    endloop
  endfacet
  facet normal 0 0 -1
    outer loop
      vertex 52.07676613698503 17.537751165098012 0
      vertex 51.784470342285985 17.931866420818228 0
      vertex 52.27660000324249 25.79730000346899 0
    endloop
  endfacet
  facet normal 0 0 -1
    outer loop
      vertex 51.45495198140504 18.29543390593274 0
      vertex 52.27660000324249 25.79730000346899 0
      vertex 51.784470342285985 17.931866420818228 0
    endloop
  endfacet
  facet normal 0 0 -1
    outer loop
      vertex 51.45495198140504 18.29543390593274 0
      vertex 51.09138449629053 18.624952266813686 0
      vertex 52.27660000324249 25.79730000346899 0
    endloop
  endfacet
  facet normal 0 0 -1
    outer loop
      vertex 48.89486968555294 19.663826402016152 0
      vertex 52.27660000324249 25.79730000346899 0
      vertex 49.37084146174461 19.544601678661046 0
    endloop
  endfacet
  facet normal 0 0 -1
    outer loop
      vertex 49.37084146174461 19.544601678661046 0
      vertex 52.27660000324249 25.79730000346899 0
      vertex 49.83283523729775 19.379297662556432 0
    endloop
  endfacet
  facet normal 0 0 -1
    outer loop
      vertex 50.27640175960229 19.169506321741775 0
      vertex 52.27660000324249 25.79730000346899 0
      vertex 50.697269240570314 18.917248061512726 0
    endloop
  endfacet
  facet normal 0 0 -1
    outer loop
      vertex 51.09138449629053 18.624952266813686 0
      vertex 50.697269240570314 18.917248061512726 0
      vertex 52.27660000324249 25.79730000346899 0
    endloop
  endfacet
  facet normal 0 0 -1
    outer loop
      vertex 50.27640175960229 19.169506321741775 0
      vertex 49.83283523729775 19.379297662556432 0
      vertex 52.27660000324249 25.79730000346899 0
    endloop
  endfacet
  facet normal 0 0 -1
    outer loop
      vertex 46.00600091364685 19.379297662556432 0
      vertex 45.06889999657869 25.794600002467632 0
      vertex 45.084799997508526 25.79730000346899 0
    endloop
  endfacet
  facet normal 0 0 -1
    outer loop
      vertex 48.89486968555294 19.663826402016152 0
      vertex 45.084799997508526 25.79730000346899 0
      vertex 52.27660000324249 25.79730000346899 0
    endloop
  endfacet
  facet normal -0.16741475048937637 0.9858865560086413 0
    outer loop
      vertex 45.084799997508526 25.79730000346899 0
      vertex 45.06889999657869 25.794600002467632 0
      vertex 45.084799997508526 25.79730000346899 2.2
    endloop
  endfacet
  facet normal 0 1 0
    outer loop
      vertex 45.084799997508526 25.79730000346899 0
      vertex 52.27660000324249 25.79730000346899 2.2
      vertex 52.27660000324249 25.79730000346899 0
    endloop
  endfacet
  facet normal 0.1836693788420517 0.9829880768736592 -1.8285296793265887e-17
    outer loop
      vertex 52.27660000324249 25.79730000346899 0
      vertex 57.702399998903275 24.783500000834465 2.2
      vertex 57.702399998903275 24.783500000834465 0
    endloop
  endfacet
  facet normal 0.17670982146725153 0.9842629928007107 0
    outer loop
      vertex 57.702399998903275 24.783500000834465 0
      vertex 60 24.37099999934435 2.2
      vertex 60 24.37099999934435 0
    endloop
  endfacet
  facet normal -0.16741475048937637 0.9858865560086413 0
    outer loop
      vertex 45.06889999657869 25.794600002467632 0
      vertex 45.06889999657869 25.794600002467632 2.2
      vertex 45.084799997508526 25.79730000346899 2.2
    endloop
  endfacet
  facet normal 0 1 0
    outer loop
      vertex 45.084799997508526 25.79730000346899 0
      vertex 45.084799997508526 25.79730000346899 2.2
      vertex 52.27660000324249 25.79730000346899 2.2
    endloop
  endfacet
  facet normal 0.1836693788420517 0.9829880768736592 0
    outer loop
      vertex 52.27660000324249 25.79730000346899 0
      vertex 52.27660000324249 25.79730000346899 2.2
      vertex 57.702399998903275 24.783500000834465 2.2
    endloop
  endfacet
  facet normal 0.17670982146725153 0.9842629928007107 0
    outer loop
      vertex 57.702399998903275 24.783500000834465 0
      vertex 57.702399998903275 24.783500000834465 2.2
      vertex 60 24.37099999934435 2.2
    endloop
  endfacet
  facet normal 0 0 1
    outer loop
      vertex 38.95899999886751 10.914099998772144 2.2
      vertex 38.4201999977231 15.203900001943111 2.2
      vertex 37.382600001990795 13.155599996447563 2.2
    endloop
  endfacet
  facet normal 0 0 1
    outer loop
      vertex 41.46320000290871 7.127499997615814 2.2
      vertex 36.91160000115633 24.39859999716282 2.2
      vertex 40.50639999657869 9.997800000011921 2.2
    endloop
  endfacet
  facet normal 0 0 1
    outer loop
      vertex 48.40039999783039 3.0394999980926514 2.2
      vertex 45.73717082657511 14.325824033514115 2.2
      vertex 36.91160000115633 24.39859999716282 2.2
    endloop
  endfacet
  facet normal 0 0 1
    outer loop
      vertex 40.50639999657869 9.997800000011921 2.2
      vertex 36.91160000115633 24.39859999716282 2.2
      vertex 38.4201999977231 15.203900001943111 2.2
    endloop
  endfacet
  facet normal 0 0 1
    outer loop
      vertex 38.4201999977231 15.203900001943111 2.2
      vertex 36.91160000115633 24.39859999716282 2.2
      vertex 37.827399998903275 17.358300000429153 2.2
    endloop
  endfacet
  facet normal 0 0 1
    outer loop
      vertex 36.91160000115633 24.39859999716282 2.2
      vertex 45.73717082657511 14.325824033514115 2.2
      vertex 45.70513205862666 14.541811862766728 2.2
    endloop
  endfacet
  facet normal 0 0 1
    outer loop
      vertex 36.91160000115633 24.39859999716282 2.2
      vertex 45.70513205862666 14.541811862766728 2.2
      vertex 45.6944180754723 14.7599 2.2
    endloop
  endfacet
  facet normal 0 0 1
    outer loop
      vertex 36.91160000115633 24.39859999716282 2.2
      vertex 45.6944180754723 14.7599 2.2
      vertex 45.70513205862666 14.977988137233272 2.2
    endloop
  endfacet
  facet normal 0 0 1
    outer loop
      vertex 36.91160000115633 24.39859999716282 2.2
      vertex 45.70513205862666 14.977988137233272 2.2
      vertex 45.73717082657511 15.193975966485885 2.2
    endloop
  endfacet
  facet normal 0 0 1
    outer loop
      vertex 36.91160000115633 24.39859999716282 2.2
      vertex 45.73717082657511 15.193975966485885 2.2
      vertex 45.79022582846814 15.405783406891178 2.2
    endloop
  endfacet
  facet normal 0 0 1
    outer loop
      vertex 36.91160000115633 24.39859999716282 2.2
      vertex 45.79022582846814 15.405783406891178 2.2
      vertex 45.86378611563469 15.611370637012325 2.2
    endloop
  endfacet
  facet normal 0 0 1
    outer loop
      vertex 36.91160000115633 24.39859999716282 2.2
      vertex 45.86378611563469 15.611370637012325 2.2
      vertex 45.95714326229721 15.808757739437844 2.2
    endloop
  endfacet
  facet normal 0 0 1
    outer loop
      vertex 36.91160000115633 24.39859999716282 2.2
      vertex 45.95714326229721 15.808757739437844 2.2
      vertex 46.069398188099136 15.996043768468615 2.2
    endloop
  endfacet
  facet normal 0 0 1
    outer loop
      vertex 36.91160000115633 24.39859999716282 2.2
      vertex 46.069398188099136 15.996043768468615 2.2
      vertex 46.19946981674021 16.171425057264113 2.2
    endloop
  endfacet
  facet normal 0 0 1
    outer loop
      vertex 36.91160000115633 24.39859999716282 2.2
      vertex 46.19946981674021 16.171425057264113 2.2
      vertex 46.34610548733223 16.333212588140068 2.2
    endloop
  endfacet
  facet normal 0 0 1
    outer loop
      vertex 36.91160000115633 24.39859999716282 2.2
      vertex 46.34610548733223 16.333212588140068 2.2
      vertex 46.507893018208186 16.47984825873209 2.2
    endloop
  endfacet
  facet normal 0 0 1
    outer loop
      vertex 22.79959999769926 19.503100000321865 2.2
      vertex 37.827399998903275 17.358300000429153 2.2
      vertex 36.91160000115633 24.39859999716282 2.2
    endloop
  endfacet
  facet normal 0 0 1
    outer loop
      vertex 36.91160000115633 24.39859999716282 2.2
      vertex 46.507893018208186 16.47984825873209 2.2
      vertex 45.06889999657869 25.794600002467632 2.2
    endloop
  endfacet
  facet normal 0 0 1
    outer loop
      vertex 49.88169288864739 15.808757739437844 2.2
      vertex 55.027908410521164 7.8339080019886715 2.2
      vertex 49.769437962845466 15.996043768468615 2.2
    endloop
  endfacet
  facet normal 0 0 1
    outer loop
      vertex 50.04861032247646 15.405783406891178 2.2
      vertex 55.027908410521164 7.8339080019886715 2.2
      vertex 49.97505003530991 15.611370637012325 2.2
    endloop
  endfacet
  facet normal 0 0 1
    outer loop
      vertex 49.97505003530991 15.611370637012325 2.2
      vertex 55.027908410521164 7.8339080019886715 2.2
      vertex 49.88169288864739 15.808757739437844 2.2
    endloop
  endfacet
  facet normal 0 0 1
    outer loop
      vertex 49.769437962845466 15.996043768468615 2.2
      vertex 45.084799997508526 25.79730000346899 2.2
      vertex 49.63936633420439 16.171425057264113 2.2
    endloop
  endfacet
  facet normal 0 0 1
    outer loop
      vertex 49.769437962845466 15.996043768468615 2.2
      vertex 55.027908410521164 7.8339080019886715 2.2
      vertex 45.084799997508526 25.79730000346899 2.2
    endloop
  endfacet
  facet normal 0 0 1
    outer loop
      vertex 52.27660000324249 25.79730000346899 2.2
      vertex 55.027908410521164 7.8339080019886715 2.2
      vertex 55.78543923787625 20.81181796644777 2.2
    endloop
  endfacet
  facet normal 0 0 1
    outer loop
      vertex 58.89350000023842 5.414599999785423 2.2
      vertex 60 24.37099999934435 2.2
      vertex 58.78034153736681 20.637003160135055 2.2
    endloop
  endfacet
  facet normal 0 0 1
    outer loop
      vertex 46.507893018208186 16.47984825873209 2.2
      vertex 46.683274307003686 16.609919887373163 2.2
      vertex 45.084799997508526 25.79730000346899 2.2
    endloop
  endfacet
  facet normal 0 0 1
    outer loop
      vertex 46.683274307003686 16.609919887373163 2.2
      vertex 46.87056033603446 16.72217481317509 2.2
      vertex 45.084799997508526 25.79730000346899 2.2
    endloop
  endfacet
  facet normal 0 0 1
    outer loop
      vertex 46.87056033603446 16.72217481317509 2.2
      vertex 47.067947438459974 16.815531959837614 2.2
      vertex 45.084799997508526 25.79730000346899 2.2
    endloop
  endfacet
  facet normal 0 0 1
    outer loop
      vertex 47.067947438459974 16.815531959837614 2.2
      vertex 47.27353466858112 16.889092247004164 2.2
      vertex 45.084799997508526 25.79730000346899 2.2
    endloop
  endfacet
  facet normal 0 0 1
    outer loop
      vertex 47.27353466858112 16.889092247004164 2.2
      vertex 47.485342108986416 16.942147248897186 2.2
      vertex 45.084799997508526 25.79730000346899 2.2
    endloop
  endfacet
  facet normal 0 0 1
    outer loop
      vertex 47.485342108986416 16.942147248897186 2.2
      vertex 47.70132993823903 16.97418601684564 2.2
      vertex 45.084799997508526 25.79730000346899 2.2
    endloop
  endfacet
  facet normal 0 0 1
    outer loop
      vertex 48.96827581491014 16.72217481317509 2.2
      vertex 49.155561843940916 16.609919887373163 2.2
      vertex 45.084799997508526 25.79730000346899 2.2
    endloop
  endfacet
  facet normal 0 0 1
    outer loop
      vertex 47.70132993823903 16.97418601684564 2.2
      vertex 47.9194180754723 16.9849 2.2
      vertex 45.084799997508526 25.79730000346899 2.2
    endloop
  endfacet
  facet normal 0 0 1
    outer loop
      vertex 47.9194180754723 16.9849 2.2
      vertex 48.137506212705574 16.97418601684564 2.2
      vertex 45.084799997508526 25.79730000346899 2.2
    endloop
  endfacet
  facet normal 0 0 1
    outer loop
      vertex 48.137506212705574 16.97418601684564 2.2
      vertex 48.353494041958186 16.942147248897186 2.2
      vertex 45.084799997508526 25.79730000346899 2.2
    endloop
  endfacet
  facet normal 0 0 1
    outer loop
      vertex 48.56530148236348 16.889092247004164 2.2
      vertex 45.084799997508526 25.79730000346899 2.2
      vertex 48.353494041958186 16.942147248897186 2.2
    endloop
  endfacet
  facet normal 0 0 1
    outer loop
      vertex 48.56530148236348 16.889092247004164 2.2
      vertex 48.77088871248463 16.815531959837614 2.2
      vertex 45.084799997508526 25.79730000346899 2.2
    endloop
  endfacet
  facet normal 0 0 1
    outer loop
      vertex 48.96827581491014 16.72217481317509 2.2
      vertex 45.084799997508526 25.79730000346899 2.2
      vertex 48.77088871248463 16.815531959837614 2.2
    endloop
  endfacet
  facet normal 0 0 1
    outer loop
      vertex 49.330943132736415 16.47984825873209 2.2
      vertex 49.49273066361237 16.333212588140068 2.2
      vertex 45.084799997508526 25.79730000346899 2.2
    endloop
  endfacet
  facet normal 0 0 1
    outer loop
      vertex 49.63936633420439 16.171425057264113 2.2
      vertex 45.084799997508526 25.79730000346899 2.2
      vertex 49.49273066361237 16.333212588140068 2.2
    endloop
  endfacet
  facet normal 0 0 1
    outer loop
      vertex 49.330943132736415 16.47984825873209 2.2
      vertex 45.084799997508526 25.79730000346899 2.2
      vertex 49.155561843940916 16.609919887373163 2.2
    endloop
  endfacet
  facet normal 0 0 1
    outer loop
      vertex 45.084799997508526 25.79730000346899 2.2
      vertex 55.027908410521164 7.8339080019886715 2.2
      vertex 52.27660000324249 25.79730000346899 2.2
    endloop
  endfacet
  facet normal 0 0 1
    outer loop
      vertex 46.507893018208186 16.47984825873209 2.2
      vertex 45.084799997508526 25.79730000346899 2.2
      vertex 45.06889999657869 25.794600002467632 2.2
    endloop
  endfacet
  facet normal 0 0 1
    outer loop
      vertex 52.27660000324249 25.79730000346899 2.2
      vertex 55.78543923787625 20.81181796644777 2.2
      vertex 55.79595794444269 20.90938795998896 2.2
    endloop
  endfacet
  facet normal 0 0 1
    outer loop
      vertex 52.27660000324249 25.79730000346899 2.2
      vertex 55.79595794444269 20.90938795998896 2.2
      vertex 55.81598953283124 21.005457113628996 2.2
    endloop
  endfacet
  facet normal 0 0 1
    outer loop
      vertex 60 24.37099999934435 2.2
      vertex 58.529150260480044 21.359975761526087 2.2
      vertex 58.59070481359832 21.28354550449425 2.2
    endloop
  endfacet
  facet normal 0 0 1
    outer loop
      vertex 60 24.37099999934435 2.2
      vertex 57.93788236651538 21.683056822169704 2.2
      vertex 58.03395152015542 21.66302523378116 2.2
    endloop
  endfacet
  facet normal 0 0 1
    outer loop
      vertex 60 24.37099999934435 2.2
      vertex 58.03395152015542 21.66302523378116 2.2
      vertex 58.12759463437337 21.6336736818988 2.2
    endloop
  endfacet
  facet normal 0 0 1
    outer loop
      vertex 60 24.37099999934435 2.2
      vertex 58.12759463437337 21.6336736818988 2.2
      vertex 58.21790987654867 21.595284832414183 2.2
    endloop
  endfacet
  facet normal 0 0 1
    outer loop
      vertex 60 24.37099999934435 2.2
      vertex 58.30402745938243 21.548228390553444 2.2
      vertex 58.38511802350506 21.492957544177017 2.2
    endloop
  endfacet
  facet normal 0 0 1
    outer loop
      vertex 60 24.37099999934435 2.2
      vertex 58.46040062844565 21.430004579127697 2.2
      vertex 58.529150260480044 21.359975761526087 2.2
    endloop
  endfacet
  facet normal 0 0 1
    outer loop
      vertex 60 24.37099999934435 2.2
      vertex 58.38511802350506 21.492957544177017 2.2
      vertex 58.46040062844565 21.430004579127697 2.2
    endloop
  endfacet
  facet normal 0 0 1
    outer loop
      vertex 60 24.37099999934435 2.2
      vertex 58.21790987654867 21.595284832414183 2.2
      vertex 58.30402745938243 21.548228390553444 2.2
    endloop
  endfacet
  facet normal 0 0 1
    outer loop
      vertex 60 24.37099999934435 2.2
      vertex 58.78124606250584 20.735134341019275 2.2
      vertex 58.78034153736681 20.637003160135055 2.2
    endloop
  endfacet
  facet normal 0 0 1
    outer loop
      vertex 60 24.37099999934435 2.2
      vertex 58.75427039707583 20.92930373251403 2.2
      vertex 58.772527693844324 20.83288165229873 2.2
    endloop
  endfacet
  facet normal 0 0 1
    outer loop
      vertex 60 24.37099999934435 2.2
      vertex 58.772527693844324 20.83288165229873 2.2
      vertex 58.78124606250584 20.735134341019275 2.2
    endloop
  endfacet
  facet normal 0 0 1
    outer loop
      vertex 60 24.37099999934435 2.2
      vertex 58.726649994593195 21.0234719867223 2.2
      vertex 58.75427039707583 20.92930373251403 2.2
    endloop
  endfacet
  facet normal 0 0 1
    outer loop
      vertex 60 24.37099999934435 2.2
      vertex 58.68993248534428 21.114479521071267 2.2
      vertex 58.726649994593195 21.0234719867223 2.2
    endloop
  endfacet
  facet normal 0 0 1
    outer loop
      vertex 60 24.37099999934435 2.2
      vertex 58.64447148756167 21.201449882284162 2.2
      vertex 58.68993248534428 21.114479521071267 2.2
    endloop
  endfacet
  facet normal 0 0 1
    outer loop
      vertex 60 24.37099999934435 2.2
      vertex 58.59070481359832 21.28354550449425 2.2
      vertex 58.64447148756167 21.201449882284162 2.2
    endloop
  endfacet
  facet normal 0 0 1
    outer loop
      vertex 52.27660000324249 25.79730000346899 2.2
      vertex 55.81598953283124 21.005457113628996 2.2
      vertex 55.845341084713596 21.09910022784694 2.2
    endloop
  endfacet
  facet normal 0 0 1
    outer loop
      vertex 52.27660000324249 25.79730000346899 2.2
      vertex 55.845341084713596 21.09910022784694 2.2
      vertex 55.883729934198215 21.189415470022244 2.2
    endloop
  endfacet
  facet normal 0 0 1
    outer loop
      vertex 52.27660000324249 25.79730000346899 2.2
      vertex 55.883729934198215 21.189415470022244 2.2
      vertex 55.930786376058954 21.275533052856005 2.2
    endloop
  endfacet
  facet normal 0 0 1
    outer loop
      vertex 52.27660000324249 25.79730000346899 2.2
      vertex 55.930786376058954 21.275533052856005 2.2
      vertex 55.98605722243538 21.35662361697863 2.2
    endloop
  endfacet
  facet normal 0 0 1
    outer loop
      vertex 52.27660000324249 25.79730000346899 2.2
      vertex 55.98605722243538 21.35662361697863 2.2
      vertex 56.0490101874847 21.43190622191922 2.2
    endloop
  endfacet
  facet normal 0 0 1
    outer loop
      vertex 52.27660000324249 25.79730000346899 2.2
      vertex 56.0490101874847 21.43190622191922 2.2
      vertex 56.11903900508631 21.500655853953617 2.2
    endloop
  endfacet
  facet normal 0 0 1
    outer loop
      vertex 52.27660000324249 25.79730000346899 2.2
      vertex 56.11903900508631 21.500655853953617 2.2
      vertex 56.195469262118145 21.562210407071895 2.2
    endloop
  endfacet
  facet normal 0 0 1
    outer loop
      vertex 52.27660000324249 25.79730000346899 2.2
      vertex 56.195469262118145 21.562210407071895 2.2
      vertex 56.277564884328235 21.61597708103524 2.2
    endloop
  endfacet
  facet normal 0 0 1
    outer loop
      vertex 52.27660000324249 25.79730000346899 2.2
      vertex 56.277564884328235 21.61597708103524 2.2
      vertex 56.36453524554113 21.661438078817852 2.2
    endloop
  endfacet
  facet normal 0 0 1
    outer loop
      vertex 52.27660000324249 25.79730000346899 2.2
      vertex 56.36453524554113 21.661438078817852 2.2
      vertex 56.455542779890095 21.69815558806677 2.2
    endloop
  endfacet
  facet normal 0 0 1
    outer loop
      vertex 52.27660000324249 25.79730000346899 2.2
      vertex 56.455542779890095 21.69815558806677 2.2
      vertex 56.549711034098365 21.7257759905494 2.2
    endloop
  endfacet
  facet normal 0 0 1
    outer loop
      vertex 52.27660000324249 25.79730000346899 2.2
      vertex 56.549711034098365 21.7257759905494 2.2
      vertex 56.64613311431366 21.7440332873179 2.2
    endloop
  endfacet
  facet normal 0 0 1
    outer loop
      vertex 52.27660000324249 25.79730000346899 2.2
      vertex 56.74388042559312 21.75275165597942 2.2
      vertex 56.84201160647734 21.751847130840385 2.2
    endloop
  endfacet
  facet normal 0 0 1
    outer loop
      vertex 52.27660000324249 25.79730000346899 2.2
      vertex 56.64613311431366 21.7440332873179 2.2
      vertex 56.74388042559312 21.75275165597942 2.2
    endloop
  endfacet
  facet normal 0 0 1
    outer loop
      vertex 52.27660000324249 25.79730000346899 2.2
      vertex 56.84201160647734 21.751847130840385 2.2
      vertex 57.702399998903275 24.783500000834465 2.2
    endloop
  endfacet
  facet normal 0 0 1
    outer loop
      vertex 57.702399998903275 24.783500000834465 2.2
      vertex 56.84201160647734 21.751847130840385 2.2
      vertex 57.840312372974196 21.693575528736147 2.2
    endloop
  endfacet
  facet normal 0 0 1
    outer loop
      vertex 60 24.37099999934435 2.2
      vertex 57.840312372974196 21.693575528736147 2.2
      vertex 57.93788236651538 21.683056822169704 2.2
    endloop
  endfacet
  facet normal 0 0 1
    outer loop
      vertex 57.702399998903275 24.783500000834465 2.2
      vertex 57.840312372974196 21.693575528736147 2.2
      vertex 60 24.37099999934435 2.2
    endloop
  endfacet
  facet normal 0.81959393709161 0.5729448300514405 0
    outer loop
      vertex -1.7071999981999397 -1.433899998664856 0
      vertex -1.7071999981999397 -1.433899998664856 2.2
      vertex 0.7378999963402748 -4.931599996984005 0
    endloop
  endfacet
  facet normal 0.81959393709161 0.5729448300514405 -1.18250702440768e-17
    outer loop
      vertex -1.7071999981999397 -1.433899998664856 2.2
      vertex 0.7378999963402748 -4.931599996984005 2.2
      vertex 0.7378999963402748 -4.931599996984005 0
    endloop
  endfacet
  facet normal 0.9896801430072025 -0.1432941538836922 0
    outer loop
      vertex -1.7071999981999397 -1.433899998664856 0
      vertex -1.1116999983787537 2.678999997675419 2.2
      vertex -1.7071999981999397 -1.433899998664856 2.2
    endloop
  endfacet
  facet normal 0.9896801430072025 -0.1432941538836922 -1.8214846460227355e-17
    outer loop
      vertex -1.7071999981999397 -1.433899998664856 0
      vertex -1.1116999983787537 2.678999997675419 0
      vertex -1.1116999983787537 2.678999997675419 2.2
    endloop
  endfacet
  facet normal 0.6117557730817436 -0.7910466952722565 0
    outer loop
      vertex -1.1116999983787537 2.678999997675419 0
      vertex 0.998599998652935 4.310999996960163 2.2
      vertex -1.1116999983787537 2.678999997675419 2.2
    endloop
  endfacet
  facet normal 0.06532764153905228 0.9978638680957163 0
    outer loop
      vertex 0.7378999963402748 -4.931599996984005 0
      vertex 0.7378999963402748 -4.931599996984005 2.2
      vertex 5.457800000905991 -5.240599997341633 0
    endloop
  endfacet
  facet normal 0.06532764153905228 0.9978638680957163 0
    outer loop
      vertex 5.457800000905991 -5.240599997341633 0
      vertex 0.7378999963402748 -4.931599996984005 2.2
      vertex 5.457800000905991 -5.240599997341633 2.2
    endloop
  endfacet
  facet normal -0.32487406524015705 0.9457572847905187 0
    outer loop
      vertex 5.457800000905991 -5.240599997341633 0
      vertex 5.457800000905991 -5.240599997341633 2.2
      vertex 41.46320000290871 7.127499997615814 0
    endloop
  endfacet
  facet normal 0.6117557730817436 -0.7910466952722565 -3.7833408256482867e-17
    outer loop
      vertex -1.1116999983787537 2.678999997675419 0
      vertex 0.998599998652935 4.310999996960163 0
      vertex 0.998599998652935 4.310999996960163 2.2
    endloop
  endfacet
  facet normal 0.6146230289098952 -0.7888209760989031 0
    outer loop
      vertex 0.998599998652935 4.310999996960163 0
      vertex 1.0226000025868416 4.3297000005841255 0
      vertex 1.0226000025868416 4.3297000005841255 2.2
    endloop
  endfacet
  facet normal 0.6146230289098952 -0.7888209760989031 0
    outer loop
      vertex 0.998599998652935 4.310999996960163 0
      vertex 1.0226000025868416 4.3297000005841255 2.2
      vertex 0.998599998652935 4.310999996960163 2.2
    endloop
  endfacet
  facet normal 0.33370072666821465 -0.9426790678810606 0
    outer loop
      vertex 1.0226000025868416 4.3297000005841255 0
      vertex 37.827399998903275 17.358300000429153 2.2
      vertex 1.0226000025868416 4.3297000005841255 2.2
    endloop
  endfacet
  facet normal -0.32487406524015705 0.9457572847905187 -1.0074260957440738e-16
    outer loop
      vertex 5.457800000905991 -5.240599997341633 2.2
      vertex 41.46320000290871 7.127499997615814 2.2
      vertex 41.46320000290871 7.127499997615814 0
    endloop
  endfacet
  facet normal 0.33370072666821465 -0.9426790678810606 -3.0374896929593046e-17
    outer loop
      vertex 1.0226000025868416 4.3297000005841255 0
      vertex 37.827399998903275 17.358300000429153 0
      vertex 37.827399998903275 17.358300000429153 2.2
    endloop
  endfacet
  facet normal -0.9486799922905134 -0.316237683124057 0
    outer loop
      vertex 41.46320000290871 7.127499997615814 0
      vertex 41.46320000290871 7.127499997615814 2.2
      vertex 40.50639999657869 9.997800000011921 0
    endloop
  endfacet
  facet normal -0.4555100969858532 -0.890230617056018 0
    outer loop
      vertex 38.95899999886751 10.914099998772144 0
      vertex 38.95899999886751 10.914099998772144 2.2
      vertex 37.85849999636412 11.477200001478195 0
    endloop
  endfacet
  facet normal -0.5221536093959018 -0.8528514572859871 0
    outer loop
      vertex 38.964500002563 10.911399997770786 0
      vertex 38.96940000355244 10.908399999141693 0
      vertex 38.96940000355244 10.908399999141693 2.2
    endloop
  endfacet
  facet normal -0.4406730837431816 -0.897667663038095 0
    outer loop
      vertex 38.964500002563 10.911399997770786 0
      vertex 38.964500002563 10.911399997770786 2.2
      vertex 38.95899999886751 10.914099998772144 0
    endloop
  endfacet
  facet normal -0.5097133963186572 -0.8603442645902275 -1.4123942981991564e-17
    outer loop
      vertex 38.96940000355244 10.908399999141693 0
      vertex 40.50639999657869 9.997800000011921 0
      vertex 40.50639999657869 9.997800000011921 2.2
    endloop
  endfacet
  facet normal -0.962073588485527 -0.2727900480929993 0
    outer loop
      vertex 37.85849999636412 11.477200001478195 0
      vertex 37.85849999636412 11.477200001478195 2.2
      vertex 37.382600001990795 13.155599996447563 0
    endloop
  endfacet
  facet normal -0.9486799922905134 -0.316237683124057 0
    outer loop
      vertex 40.50639999657869 9.997800000011921 0
      vertex 41.46320000290871 7.127499997615814 2.2
      vertex 40.50639999657869 9.997800000011921 2.2
    endloop
  endfacet
  facet normal -0.5221536093959018 -0.8528514572859871 0
    outer loop
      vertex 38.964500002563 10.911399997770786 0
      vertex 38.96940000355244 10.908399999141693 2.2
      vertex 38.964500002563 10.911399997770786 2.2
    endloop
  endfacet
  facet normal -0.4406730837431816 -0.897667663038095 0
    outer loop
      vertex 38.95899999886751 10.914099998772144 0
      vertex 38.964500002563 10.911399997770786 2.2
      vertex 38.95899999886751 10.914099998772144 2.2
    endloop
  endfacet
  facet normal -0.5097133963186572 -0.8603442645902275 0
    outer loop
      vertex 38.96940000355244 10.908399999141693 0
      vertex 40.50639999657869 9.997800000011921 2.2
      vertex 38.96940000355244 10.908399999141693 2.2
    endloop
  endfacet
  facet normal -0.4555100969858532 -0.890230617056018 0
    outer loop
      vertex 37.85849999636412 11.477200001478195 0
      vertex 38.95899999886751 10.914099998772144 2.2
      vertex 37.85849999636412 11.477200001478195 2.2
    endloop
  endfacet
  facet normal -0.962073588485527 -0.2727900480929993 0
    outer loop
      vertex 37.382600001990795 13.155599996447563 0
      vertex 37.85849999636412 11.477200001478195 2.2
      vertex 37.382600001990795 13.155599996447563 2.2
    endloop
  endfacet
  facet normal -0.8920718283586867 0.45189363023701695 0
    outer loop
      vertex 37.382600001990795 13.155599996447563 0
      vertex 37.382600001990795 13.155599996447563 2.2
      vertex 38.4201999977231 15.203900001943111 0
    endloop
  endfacet
  facet normal -0.9641664801123307 -0.2652979431277188 0
    outer loop
      vertex 38.4201999977231 15.203900001943111 0
      vertex 38.4201999977231 15.203900001943111 2.2
      vertex 37.827399998903275 17.358300000429153 0
    endloop
  endfacet
  facet normal -0.8920718283586867 0.45189363023701695 0
    outer loop
      vertex 38.4201999977231 15.203900001943111 0
      vertex 37.382600001990795 13.155599996447563 2.2
      vertex 38.4201999977231 15.203900001943111 2.2
    endloop
  endfacet
  facet normal -0.9641664801123307 -0.2652979431277188 0
    outer loop
      vertex 37.827399998903275 17.358300000429153 0
      vertex 38.4201999977231 15.203900001943111 2.2
      vertex 37.827399998903275 17.358300000429153 2.2
    endloop
  endfacet
  facet normal 0.5141027441932193 0.8577286100002733 -1.116166938966094e-17
    outer loop
      vertex 46.87056033603446 12.79762518682491 1.5
      vertex 46.683274307003686 12.909880112626837 1.5
      vertex 46.683274307003686 12.909880112626837 2.2
    endloop
  endfacet
  facet normal 0.33688985339221483 0.9415440651830227 -5.182085762129218e-18
    outer loop
      vertex 47.27353466858112 12.630707752995836 1.5
      vertex 47.067947438459974 12.704268040162386 1.5
      vertex 47.067947438459974 12.704268040162386 2.2
    endloop
  endfacet
  facet normal 0.4275550934302894 0.9039892931234399 0
    outer loop
      vertex 46.87056033603446 12.79762518682491 1.5
      vertex 46.87056033603446 12.79762518682491 2.2
      vertex 47.067947438459974 12.704268040162386 1.5
    endloop
  endfacet
  facet normal 0.146730474455368 0.98917650996478 0
    outer loop
      vertex 47.485342108986416 12.577652751102812 1.5
      vertex 47.485342108986416 12.577652751102812 2.2
      vertex 47.70132993823903 12.545613983154361 1.5
    endloop
  endfacet
  facet normal 0.2429801799032629 0.9700312531945442 0
    outer loop
      vertex 47.27353466858112 12.630707752995836 1.5
      vertex 47.27353466858112 12.630707752995836 2.2
      vertex 47.485342108986416 12.577652751102812 1.5
    endloop
  endfacet
  facet normal 0.04906767432741152 0.9987954562051727 0
    outer loop
      vertex 47.70132993823903 12.545613983154361 1.5
      vertex 47.70132993823903 12.545613983154361 2.2
      vertex 47.9194180754723 12.5349 1.5
    endloop
  endfacet
  facet normal -0.04906767432741152 0.9987954562051727 0
    outer loop
      vertex 47.9194180754723 12.5349 1.5
      vertex 47.9194180754723 12.5349 2.2
      vertex 48.137506212705574 12.545613983154361 1.5
    endloop
  endfacet
  facet normal -0.146730474455368 0.98917650996478 0
    outer loop
      vertex 48.137506212705574 12.545613983154361 1.5
      vertex 48.137506212705574 12.545613983154361 2.2
      vertex 48.353494041958186 12.577652751102812 1.5
    endloop
  endfacet
  facet normal -0.2429801799032629 0.9700312531945442 0
    outer loop
      vertex 48.353494041958186 12.577652751102812 1.5
      vertex 48.353494041958186 12.577652751102812 2.2
      vertex 48.56530148236348 12.630707752995836 1.5
    endloop
  endfacet
  facet normal -0.33688985339221483 0.9415440651830227 0
    outer loop
      vertex 48.56530148236348 12.630707752995836 1.5
      vertex 48.56530148236348 12.630707752995836 2.2
      vertex 48.77088871248463 12.704268040162386 1.5
    endloop
  endfacet
  facet normal -0.4275550934302894 0.9039892931234399 0
    outer loop
      vertex 48.77088871248463 12.704268040162386 1.5
      vertex 48.77088871248463 12.704268040162386 2.2
      vertex 48.96827581491014 12.79762518682491 1.5
    endloop
  endfacet
  facet normal -0.5141027441932193 0.8577286100002733 0
    outer loop
      vertex 48.96827581491014 12.79762518682491 1.5
      vertex 48.96827581491014 12.79762518682491 2.2
      vertex 49.155561843940916 12.909880112626837 1.5
    endloop
  endfacet
  facet normal 0.5141027441932193 0.8577286100002733 0
    outer loop
      vertex 46.87056033603446 12.79762518682491 1.5
      vertex 46.683274307003686 12.909880112626837 2.2
      vertex 46.87056033603446 12.79762518682491 2.2
    endloop
  endfacet
  facet normal 0.33688985339221483 0.9415440651830227 0
    outer loop
      vertex 47.27353466858112 12.630707752995836 1.5
      vertex 47.067947438459974 12.704268040162386 2.2
      vertex 47.27353466858112 12.630707752995836 2.2
    endloop
  endfacet
  facet normal 0.4275550934302894 0.9039892931234399 0
    outer loop
      vertex 47.067947438459974 12.704268040162386 1.5
      vertex 46.87056033603446 12.79762518682491 2.2
      vertex 47.067947438459974 12.704268040162386 2.2
    endloop
  endfacet
  facet normal 0.2429801799032629 0.9700312531945442 0
    outer loop
      vertex 47.485342108986416 12.577652751102812 1.5
      vertex 47.27353466858112 12.630707752995836 2.2
      vertex 47.485342108986416 12.577652751102812 2.2
    endloop
  endfacet
  facet normal 0.146730474455368 0.98917650996478 0
    outer loop
      vertex 47.70132993823903 12.545613983154361 1.5
      vertex 47.485342108986416 12.577652751102812 2.2
      vertex 47.70132993823903 12.545613983154361 2.2
    endloop
  endfacet
  facet normal 0.04906767432741152 0.9987954562051727 0
    outer loop
      vertex 47.9194180754723 12.5349 1.5
      vertex 47.70132993823903 12.545613983154361 2.2
      vertex 47.9194180754723 12.5349 2.2
    endloop
  endfacet
  facet normal -0.04906767432741152 0.9987954562051727 0
    outer loop
      vertex 48.137506212705574 12.545613983154361 1.5
      vertex 47.9194180754723 12.5349 2.2
      vertex 48.137506212705574 12.545613983154361 2.2
    endloop
  endfacet
  facet normal -0.146730474455368 0.98917650996478 0
    outer loop
      vertex 48.353494041958186 12.577652751102812 1.5
      vertex 48.137506212705574 12.545613983154361 2.2
      vertex 48.353494041958186 12.577652751102812 2.2
    endloop
  endfacet
  facet normal -0.2429801799032629 0.9700312531945442 0
    outer loop
      vertex 48.56530148236348 12.630707752995836 1.5
      vertex 48.353494041958186 12.577652751102812 2.2
      vertex 48.56530148236348 12.630707752995836 2.2
    endloop
  endfacet
  facet normal -0.33688985339221483 0.9415440651830227 0
    outer loop
      vertex 48.77088871248463 12.704268040162386 1.5
      vertex 48.56530148236348 12.630707752995836 2.2
      vertex 48.77088871248463 12.704268040162386 2.2
    endloop
  endfacet
  facet normal -0.4275550934302894 0.9039892931234399 0
    outer loop
      vertex 48.96827581491014 12.79762518682491 1.5
      vertex 48.77088871248463 12.704268040162386 2.2
      vertex 48.96827581491014 12.79762518682491 2.2
    endloop
  endfacet
  facet normal -0.5141027441932193 0.8577286100002733 1.116166938966094e-17
    outer loop
      vertex 48.96827581491014 12.79762518682491 2.2
      vertex 49.155561843940916 12.909880112626837 2.2
      vertex 49.155561843940916 12.909880112626837 1.5
    endloop
  endfacet
  facet normal 0.6715589548470257 0.7409511253549526 0
    outer loop
      vertex 46.34610548733223 13.186587411859932 1.5
      vertex 46.34610548733223 13.186587411859932 2.2
      vertex 46.507893018208186 13.03995174126791 1.5
    endloop
  endfacet
  facet normal 0.7409511253549642 0.6715589548470127 -8.456758424623343e-18
    outer loop
      vertex 46.34610548733223 13.186587411859932 1.5
      vertex 46.19946981674021 13.348374942735889 1.5
      vertex 46.19946981674021 13.348374942735889 2.2
    endloop
  endfacet
  facet normal 0.5956993044924243 0.8032075314806516 0
    outer loop
      vertex 46.507893018208186 13.03995174126791 1.5
      vertex 46.507893018208186 13.03995174126791 2.2
      vertex 46.683274307003686 12.909880112626837 1.5
    endloop
  endfacet
  facet normal 0.8032075314806382 0.5956993044924426 -7.939602233496825e-18
    outer loop
      vertex 46.19946981674021 13.348374942735889 1.5
      vertex 46.069398188099136 13.523756231531385 1.5
      vertex 46.069398188099136 13.523756231531385 2.2
    endloop
  endfacet
  facet normal 0.8577286100002712 0.514102744193223 -3.9049423337805533e-19
    outer loop
      vertex 46.069398188099136 13.523756231531385 1.5
      vertex 45.95714326229721 13.711042260562156 1.5
      vertex 45.95714326229721 13.711042260562156 2.2
    endloop
  endfacet
  facet normal 0.903989293123449 0.4275550934302697 0
    outer loop
      vertex 45.86378611563469 13.908429362987675 1.5
      vertex 45.86378611563469 13.908429362987675 2.2
      vertex 45.95714326229721 13.711042260562156 1.5
    endloop
  endfacet
  facet normal 0.9415440651830227 0.33688985339221483 -5.182085762129218e-18
    outer loop
      vertex 45.86378611563469 13.908429362987675 1.5
      vertex 45.79022582846814 14.114016593108822 1.5
      vertex 45.79022582846814 14.114016593108822 2.2
    endloop
  endfacet
  facet normal 0.970031253194538 0.2429801799032878 -2.5168189911227718e-18
    outer loop
      vertex 45.79022582846814 14.114016593108822 1.5
      vertex 45.73717082657511 14.325824033514115 1.5
      vertex 45.73717082657511 14.325824033514115 2.2
    endloop
  endfacet
  facet normal 0.9891765099647813 0.14673047445535886 -1.6000427597787694e-19
    outer loop
      vertex 45.73717082657511 14.325824033514115 1.5
      vertex 45.70513205862666 14.541811862766728 1.5
      vertex 45.70513205862666 14.541811862766728 2.2
    endloop
  endfacet
  facet normal 0.9987954562051727 0.04906767432741192 1.102471759731534e-18
    outer loop
      vertex 45.70513205862666 14.541811862766728 1.5
      vertex 45.6944180754723 14.7599 1.5
      vertex 45.6944180754723 14.7599 2.2
    endloop
  endfacet
  facet normal 0.9987954562051727 -0.04906767432741192 -1.102471759731534e-18
    outer loop
      vertex 45.6944180754723 14.7599 1.5
      vertex 45.70513205862666 14.977988137233272 1.5
      vertex 45.70513205862666 14.977988137233272 2.2
    endloop
  endfacet
  facet normal 0.9891765099647813 -0.14673047445535886 1.6000427597787694e-19
    outer loop
      vertex 45.70513205862666 14.977988137233272 1.5
      vertex 45.73717082657511 15.193975966485885 1.5
      vertex 45.73717082657511 15.193975966485885 2.2
    endloop
  endfacet
  facet normal 0.970031253194538 -0.2429801799032878 2.5168189911227718e-18
    outer loop
      vertex 45.73717082657511 15.193975966485885 1.5
      vertex 45.79022582846814 15.405783406891178 1.5
      vertex 45.79022582846814 15.405783406891178 2.2
    endloop
  endfacet
  facet normal 0.9415440651830227 -0.33688985339221483 5.182085762129218e-18
    outer loop
      vertex 45.79022582846814 15.405783406891178 1.5
      vertex 45.86378611563469 15.611370637012325 1.5
      vertex 45.86378611563469 15.611370637012325 2.2
    endloop
  endfacet
  facet normal 0.903989293123449 -0.4275550934302697 -9.791497414078017e-18
    outer loop
      vertex 45.86378611563469 15.611370637012325 1.5
      vertex 45.95714326229721 15.808757739437844 1.5
      vertex 45.95714326229721 15.808757739437844 2.2
    endloop
  endfacet
  facet normal 0.8577286100002712 -0.514102744193223 3.9049423337805533e-19
    outer loop
      vertex 45.95714326229721 15.808757739437844 1.5
      vertex 46.069398188099136 15.996043768468615 1.5
      vertex 46.069398188099136 15.996043768468615 2.2
    endloop
  endfacet
  facet normal 0.803207531480641 -0.5956993044924386 -1.2154977545970378e-18
    outer loop
      vertex 46.069398188099136 15.996043768468615 1.5
      vertex 46.19946981674021 16.171425057264113 1.5
      vertex 46.19946981674021 16.171425057264113 2.2
    endloop
  endfacet
  facet normal -0.5956993044924243 0.8032075314806516 0
    outer loop
      vertex 49.155561843940916 12.909880112626837 1.5
      vertex 49.155561843940916 12.909880112626837 2.2
      vertex 49.330943132736415 13.03995174126791 1.5
    endloop
  endfacet
  facet normal -0.6715589548470257 0.7409511253549526 0
    outer loop
      vertex 49.330943132736415 13.03995174126791 1.5
      vertex 49.330943132736415 13.03995174126791 2.2
      vertex 49.49273066361237 13.186587411859932 1.5
    endloop
  endfacet
  facet normal -0.7409511253549642 0.6715589548470127 0
    outer loop
      vertex 49.49273066361237 13.186587411859932 1.5
      vertex 49.49273066361237 13.186587411859932 2.2
      vertex 49.63936633420439 13.348374942735889 1.5
    endloop
  endfacet
  facet normal -0.8032075314806382 0.5956993044924426 0
    outer loop
      vertex 49.63936633420439 13.348374942735889 1.5
      vertex 49.63936633420439 13.348374942735889 2.2
      vertex 49.769437962845466 13.523756231531385 1.5
    endloop
  endfacet
  facet normal -0.8577286100002712 0.514102744193223 0
    outer loop
      vertex 49.769437962845466 13.523756231531385 1.5
      vertex 49.769437962845466 13.523756231531385 2.2
      vertex 49.88169288864739 13.711042260562156 1.5
    endloop
  endfacet
  facet normal -0.903989293123449 0.4275550934302697 0
    outer loop
      vertex 49.88169288864739 13.711042260562156 1.5
      vertex 49.88169288864739 13.711042260562156 2.2
      vertex 49.97505003530991 13.908429362987675 1.5
    endloop
  endfacet
  facet normal -0.9415440651830227 0.33688985339221483 0
    outer loop
      vertex 49.97505003530991 13.908429362987675 1.5
      vertex 49.97505003530991 13.908429362987675 2.2
      vertex 50.04861032247646 14.114016593108822 1.5
    endloop
  endfacet
  facet normal -0.970031253194538 0.2429801799032878 0
    outer loop
      vertex 50.04861032247646 14.114016593108822 1.5
      vertex 50.04861032247646 14.114016593108822 2.2
      vertex 50.10166532436949 14.325824033514115 1.5
    endloop
  endfacet
  facet normal -0.9891765099647813 0.14673047445535886 0
    outer loop
      vertex 50.10166532436949 14.325824033514115 1.5
      vertex 50.10166532436949 14.325824033514115 2.2
      vertex 50.13370409231794 14.541811862766728 1.5
    endloop
  endfacet
  facet normal -0.9987954562051727 0.04906767432741192 0
    outer loop
      vertex 50.13370409231794 14.541811862766728 1.5
      vertex 50.13370409231794 14.541811862766728 2.2
      vertex 50.1444180754723 14.7599 1.5
    endloop
  endfacet
  facet normal -0.9987954562051727 -0.04906767432741192 0
    outer loop
      vertex 50.1444180754723 14.7599 1.5
      vertex 50.1444180754723 14.7599 2.2
      vertex 50.13370409231794 14.977988137233272 1.5
    endloop
  endfacet
  facet normal -0.9891765099647813 -0.14673047445535886 0
    outer loop
      vertex 50.13370409231794 14.977988137233272 1.5
      vertex 50.13370409231794 14.977988137233272 2.2
      vertex 50.10166532436949 15.193975966485885 1.5
    endloop
  endfacet
  facet normal -0.970031253194538 -0.2429801799032878 0
    outer loop
      vertex 50.10166532436949 15.193975966485885 1.5
      vertex 50.10166532436949 15.193975966485885 2.2
      vertex 50.04861032247646 15.405783406891178 1.5
    endloop
  endfacet
  facet normal -0.9415440651830227 -0.33688985339221483 0
    outer loop
      vertex 50.04861032247646 15.405783406891178 1.5
      vertex 50.04861032247646 15.405783406891178 2.2
      vertex 49.97505003530991 15.611370637012325 1.5
    endloop
  endfacet
  facet normal -0.903989293123449 -0.4275550934302697 0
    outer loop
      vertex 49.97505003530991 15.611370637012325 1.5
      vertex 49.97505003530991 15.611370637012325 2.2
      vertex 49.88169288864739 15.808757739437844 1.5
    endloop
  endfacet
  facet normal -0.8577286100002712 -0.514102744193223 0
    outer loop
      vertex 49.88169288864739 15.808757739437844 1.5
      vertex 49.88169288864739 15.808757739437844 2.2
      vertex 49.769437962845466 15.996043768468615 1.5
    endloop
  endfacet
  facet normal -0.803207531480641 -0.5956993044924386 0
    outer loop
      vertex 49.769437962845466 15.996043768468615 1.5
      vertex 49.769437962845466 15.996043768468615 2.2
      vertex 49.63936633420439 16.171425057264113 1.5
    endloop
  endfacet
  facet normal 0.7409511253549607 -0.6715589548470167 6.698417993085361e-18
    outer loop
      vertex 46.19946981674021 16.171425057264113 1.5
      vertex 46.34610548733223 16.333212588140068 1.5
      vertex 46.34610548733223 16.333212588140068 2.2
    endloop
  endfacet
  facet normal 0.6715589548470257 -0.7409511253549526 -7.824547595016773e-19
    outer loop
      vertex 46.34610548733223 16.333212588140068 1.5
      vertex 46.507893018208186 16.47984825873209 1.5
      vertex 46.507893018208186 16.47984825873209 2.2
    endloop
  endfacet
  facet normal 0.5956993044924243 -0.8032075314806516 -1.0739890638147833e-18
    outer loop
      vertex 46.507893018208186 16.47984825873209 1.5
      vertex 46.683274307003686 16.609919887373163 1.5
      vertex 46.683274307003686 16.609919887373163 2.2
    endloop
  endfacet
  facet normal 0.5141027441932193 -0.8577286100002733 1.116166938966094e-17
    outer loop
      vertex 46.683274307003686 16.609919887373163 1.5
      vertex 46.87056033603446 16.72217481317509 1.5
      vertex 46.87056033603446 16.72217481317509 2.2
    endloop
  endfacet
  facet normal 0.4275550934302894 -0.9039892931234399 2.1634916730635914e-18
    outer loop
      vertex 46.87056033603446 16.72217481317509 1.5
      vertex 47.067947438459974 16.815531959837614 1.5
      vertex 47.067947438459974 16.815531959837614 2.2
    endloop
  endfacet
  facet normal 0.33688985339221483 -0.9415440651830227 5.182085762129218e-18
    outer loop
      vertex 47.067947438459974 16.815531959837614 1.5
      vertex 47.27353466858112 16.889092247004164 1.5
      vertex 47.27353466858112 16.889092247004164 2.2
    endloop
  endfacet
  facet normal 0.24298017990325524 -0.9700312531945462 -1.497910057534768e-19
    outer loop
      vertex 47.27353466858112 16.889092247004164 1.5
      vertex 47.485342108986416 16.942147248897186 1.5
      vertex 47.485342108986416 16.942147248897186 2.2
    endloop
  endfacet
  facet normal -0.24298017990325524 -0.9700312531945462 0
    outer loop
      vertex 48.56530148236348 16.889092247004164 1.5
      vertex 48.56530148236348 16.889092247004164 2.2
      vertex 48.353494041958186 16.942147248897186 1.5
    endloop
  endfacet
  facet normal -0.33688985339221483 -0.9415440651830227 -5.182085762129218e-18
    outer loop
      vertex 48.56530148236348 16.889092247004164 1.5
      vertex 48.77088871248463 16.815531959837614 1.5
      vertex 48.77088871248463 16.815531959837614 2.2
    endloop
  endfacet
  facet normal 0.146730474455376 -0.9891765099647789 5.615033964725389e-19
    outer loop
      vertex 47.485342108986416 16.942147248897186 1.5
      vertex 47.70132993823903 16.97418601684564 1.5
      vertex 47.70132993823903 16.97418601684564 2.2
    endloop
  endfacet
  facet normal 0.04906767432741152 -0.9987954562051727 1.407115502980252e-18
    outer loop
      vertex 47.70132993823903 16.97418601684564 1.5
      vertex 47.9194180754723 16.9849 1.5
      vertex 47.9194180754723 16.9849 2.2
    endloop
  endfacet
  facet normal -0.04906767432741152 -0.9987954562051727 -1.407115502980252e-18
    outer loop
      vertex 47.9194180754723 16.9849 1.5
      vertex 48.137506212705574 16.97418601684564 1.5
      vertex 48.137506212705574 16.97418601684564 2.2
    endloop
  endfacet
  facet normal -0.146730474455376 -0.9891765099647789 -5.615033964725389e-19
    outer loop
      vertex 48.137506212705574 16.97418601684564 1.5
      vertex 48.353494041958186 16.942147248897186 1.5
      vertex 48.353494041958186 16.942147248897186 2.2
    endloop
  endfacet
  facet normal -0.7409511253549607 -0.6715589548470167 0
    outer loop
      vertex 49.63936633420439 16.171425057264113 1.5
      vertex 49.63936633420439 16.171425057264113 2.2
      vertex 49.49273066361237 16.333212588140068 1.5
    endloop
  endfacet
  facet normal -0.6715589548470257 -0.7409511253549526 7.824547595016773e-19
    outer loop
      vertex 49.330943132736415 16.47984825873209 1.5
      vertex 49.49273066361237 16.333212588140068 1.5
      vertex 49.49273066361237 16.333212588140068 2.2
    endloop
  endfacet
  facet normal -0.5956993044924243 -0.8032075314806516 0
    outer loop
      vertex 49.330943132736415 16.47984825873209 1.5
      vertex 49.330943132736415 16.47984825873209 2.2
      vertex 49.155561843940916 16.609919887373163 1.5
    endloop
  endfacet
  facet normal -0.5141027441932193 -0.8577286100002733 -1.116166938966094e-17
    outer loop
      vertex 48.96827581491014 16.72217481317509 1.5
      vertex 49.155561843940916 16.609919887373163 1.5
      vertex 49.155561843940916 16.609919887373163 2.2
    endloop
  endfacet
  facet normal -0.4275550934302894 -0.9039892931234399 0
    outer loop
      vertex 48.96827581491014 16.72217481317509 1.5
      vertex 48.96827581491014 16.72217481317509 2.2
      vertex 48.77088871248463 16.815531959837614 1.5
    endloop
  endfacet
  facet normal 0.7409511253549642 0.6715589548470127 0
    outer loop
      vertex 46.34610548733223 13.186587411859932 1.5
      vertex 46.19946981674021 13.348374942735889 2.2
      vertex 46.34610548733223 13.186587411859932 2.2
    endloop
  endfacet
  facet normal 0.5956993044924243 0.8032075314806516 0
    outer loop
      vertex 46.683274307003686 12.909880112626837 1.5
      vertex 46.507893018208186 13.03995174126791 2.2
      vertex 46.683274307003686 12.909880112626837 2.2
    endloop
  endfacet
  facet normal 0.6715589548470257 0.7409511253549526 0
    outer loop
      vertex 46.507893018208186 13.03995174126791 1.5
      vertex 46.34610548733223 13.186587411859932 2.2
      vertex 46.507893018208186 13.03995174126791 2.2
    endloop
  endfacet
  facet normal 0.8032075314806382 0.5956993044924426 0
    outer loop
      vertex 46.19946981674021 13.348374942735889 1.5
      vertex 46.069398188099136 13.523756231531385 2.2
      vertex 46.19946981674021 13.348374942735889 2.2
    endloop
  endfacet
  facet normal 0.8577286100002712 0.514102744193223 0
    outer loop
      vertex 46.069398188099136 13.523756231531385 1.5
      vertex 45.95714326229721 13.711042260562156 2.2
      vertex 46.069398188099136 13.523756231531385 2.2
    endloop
  endfacet
  facet normal 0.903989293123449 0.4275550934302697 0
    outer loop
      vertex 45.95714326229721 13.711042260562156 1.5
      vertex 45.86378611563469 13.908429362987675 2.2
      vertex 45.95714326229721 13.711042260562156 2.2
    endloop
  endfacet
  facet normal 0.9415440651830227 0.33688985339221483 0
    outer loop
      vertex 45.86378611563469 13.908429362987675 1.5
      vertex 45.79022582846814 14.114016593108822 2.2
      vertex 45.86378611563469 13.908429362987675 2.2
    endloop
  endfacet
  facet normal 0.970031253194538 0.2429801799032878 0
    outer loop
      vertex 45.79022582846814 14.114016593108822 1.5
      vertex 45.73717082657511 14.325824033514115 2.2
      vertex 45.79022582846814 14.114016593108822 2.2
    endloop
  endfacet
  facet normal 0.9891765099647813 0.14673047445535886 0
    outer loop
      vertex 45.73717082657511 14.325824033514115 1.5
      vertex 45.70513205862666 14.541811862766728 2.2
      vertex 45.73717082657511 14.325824033514115 2.2
    endloop
  endfacet
  facet normal 0.9987954562051727 0.04906767432741192 0
    outer loop
      vertex 45.70513205862666 14.541811862766728 1.5
      vertex 45.6944180754723 14.7599 2.2
      vertex 45.70513205862666 14.541811862766728 2.2
    endloop
  endfacet
  facet normal 0.9987954562051727 -0.04906767432741192 0
    outer loop
      vertex 45.6944180754723 14.7599 1.5
      vertex 45.70513205862666 14.977988137233272 2.2
      vertex 45.6944180754723 14.7599 2.2
    endloop
  endfacet
  facet normal 0.9891765099647813 -0.14673047445535886 0
    outer loop
      vertex 45.70513205862666 14.977988137233272 1.5
      vertex 45.73717082657511 15.193975966485885 2.2
      vertex 45.70513205862666 14.977988137233272 2.2
    endloop
  endfacet
  facet normal 0.970031253194538 -0.2429801799032878 0
    outer loop
      vertex 45.73717082657511 15.193975966485885 1.5
      vertex 45.79022582846814 15.405783406891178 2.2
      vertex 45.73717082657511 15.193975966485885 2.2
    endloop
  endfacet
  facet normal 0.9415440651830227 -0.33688985339221483 0
    outer loop
      vertex 45.79022582846814 15.405783406891178 1.5
      vertex 45.86378611563469 15.611370637012325 2.2
      vertex 45.79022582846814 15.405783406891178 2.2
    endloop
  endfacet
  facet normal 0.903989293123449 -0.4275550934302697 0
    outer loop
      vertex 45.86378611563469 15.611370637012325 1.5
      vertex 45.95714326229721 15.808757739437844 2.2
      vertex 45.86378611563469 15.611370637012325 2.2
    endloop
  endfacet
  facet normal 0.8577286100002712 -0.514102744193223 0
    outer loop
      vertex 45.95714326229721 15.808757739437844 1.5
      vertex 46.069398188099136 15.996043768468615 2.2
      vertex 45.95714326229721 15.808757739437844 2.2
    endloop
  endfacet
  facet normal 0.803207531480641 -0.5956993044924386 0
    outer loop
      vertex 46.069398188099136 15.996043768468615 1.5
      vertex 46.19946981674021 16.171425057264113 2.2
      vertex 46.069398188099136 15.996043768468615 2.2
    endloop
  endfacet
  facet normal -0.5956993044924243 0.8032075314806516 0
    outer loop
      vertex 49.330943132736415 13.03995174126791 1.5
      vertex 49.155561843940916 12.909880112626837 2.2
      vertex 49.330943132736415 13.03995174126791 2.2
    endloop
  endfacet
  facet normal -0.6715589548470257 0.7409511253549526 0
    outer loop
      vertex 49.49273066361237 13.186587411859932 1.5
      vertex 49.330943132736415 13.03995174126791 2.2
      vertex 49.49273066361237 13.186587411859932 2.2
    endloop
  endfacet
  facet normal -0.7409511253549642 0.6715589548470127 0
    outer loop
      vertex 49.63936633420439 13.348374942735889 1.5
      vertex 49.49273066361237 13.186587411859932 2.2
      vertex 49.63936633420439 13.348374942735889 2.2
    endloop
  endfacet
  facet normal -0.8032075314806382 0.5956993044924426 0
    outer loop
      vertex 49.769437962845466 13.523756231531385 1.5
      vertex 49.63936633420439 13.348374942735889 2.2
      vertex 49.769437962845466 13.523756231531385 2.2
    endloop
  endfacet
  facet normal -0.8577286100002712 0.514102744193223 0
    outer loop
      vertex 49.88169288864739 13.711042260562156 1.5
      vertex 49.769437962845466 13.523756231531385 2.2
      vertex 49.88169288864739 13.711042260562156 2.2
    endloop
  endfacet
  facet normal -0.903989293123449 0.4275550934302697 0
    outer loop
      vertex 49.97505003530991 13.908429362987675 1.5
      vertex 49.88169288864739 13.711042260562156 2.2
      vertex 49.97505003530991 13.908429362987675 2.2
    endloop
  endfacet
  facet normal -0.9415440651830227 0.33688985339221483 0
    outer loop
      vertex 50.04861032247646 14.114016593108822 1.5
      vertex 49.97505003530991 13.908429362987675 2.2
      vertex 50.04861032247646 14.114016593108822 2.2
    endloop
  endfacet
  facet normal -0.970031253194538 0.2429801799032878 0
    outer loop
      vertex 50.10166532436949 14.325824033514115 1.5
      vertex 50.04861032247646 14.114016593108822 2.2
      vertex 50.10166532436949 14.325824033514115 2.2
    endloop
  endfacet
  facet normal -0.9891765099647813 0.14673047445535886 0
    outer loop
      vertex 50.13370409231794 14.541811862766728 1.5
      vertex 50.10166532436949 14.325824033514115 2.2
      vertex 50.13370409231794 14.541811862766728 2.2
    endloop
  endfacet
  facet normal -0.9987954562051727 0.04906767432741192 0
    outer loop
      vertex 50.1444180754723 14.7599 1.5
      vertex 50.13370409231794 14.541811862766728 2.2
      vertex 50.1444180754723 14.7599 2.2
    endloop
  endfacet
  facet normal -0.9987954562051727 -0.04906767432741192 0
    outer loop
      vertex 50.13370409231794 14.977988137233272 1.5
      vertex 50.1444180754723 14.7599 2.2
      vertex 50.13370409231794 14.977988137233272 2.2
    endloop
  endfacet
  facet normal -0.9891765099647813 -0.14673047445535886 0
    outer loop
      vertex 50.10166532436949 15.193975966485885 1.5
      vertex 50.13370409231794 14.977988137233272 2.2
      vertex 50.10166532436949 15.193975966485885 2.2
    endloop
  endfacet
  facet normal -0.803207531480641 -0.5956993044924386 0
    outer loop
      vertex 49.63936633420439 16.171425057264113 1.5
      vertex 49.769437962845466 15.996043768468615 2.2
      vertex 49.63936633420439 16.171425057264113 2.2
    endloop
  endfacet
  facet normal -0.970031253194538 -0.2429801799032878 0
    outer loop
      vertex 50.04861032247646 15.405783406891178 1.5
      vertex 50.10166532436949 15.193975966485885 2.2
      vertex 50.04861032247646 15.405783406891178 2.2
    endloop
  endfacet
  facet normal -0.9415440651830227 -0.33688985339221483 0
    outer loop
      vertex 49.97505003530991 15.611370637012325 1.5
      vertex 50.04861032247646 15.405783406891178 2.2
      vertex 49.97505003530991 15.611370637012325 2.2
    endloop
  endfacet
  facet normal -0.903989293123449 -0.4275550934302697 0
    outer loop
      vertex 49.88169288864739 15.808757739437844 1.5
      vertex 49.97505003530991 15.611370637012325 2.2
      vertex 49.88169288864739 15.808757739437844 2.2
    endloop
  endfacet
  facet normal -0.8577286100002712 -0.514102744193223 0
    outer loop
      vertex 49.769437962845466 15.996043768468615 1.5
      vertex 49.88169288864739 15.808757739437844 2.2
      vertex 49.769437962845466 15.996043768468615 2.2
    endloop
  endfacet
  facet normal 0.7409511253549607 -0.6715589548470167 0
    outer loop
      vertex 46.19946981674021 16.171425057264113 1.5
      vertex 46.34610548733223 16.333212588140068 2.2
      vertex 46.19946981674021 16.171425057264113 2.2
    endloop
  endfacet
  facet normal 0.6715589548470257 -0.7409511253549526 0
    outer loop
      vertex 46.34610548733223 16.333212588140068 1.5
      vertex 46.507893018208186 16.47984825873209 2.2
      vertex 46.34610548733223 16.333212588140068 2.2
    endloop
  endfacet
  facet normal 0.5956993044924243 -0.8032075314806516 0
    outer loop
      vertex 46.507893018208186 16.47984825873209 1.5
      vertex 46.683274307003686 16.609919887373163 2.2
      vertex 46.507893018208186 16.47984825873209 2.2
    endloop
  endfacet
  facet normal 0.5141027441932193 -0.8577286100002733 0
    outer loop
      vertex 46.683274307003686 16.609919887373163 1.5
      vertex 46.87056033603446 16.72217481317509 2.2
      vertex 46.683274307003686 16.609919887373163 2.2
    endloop
  endfacet
  facet normal 0.4275550934302894 -0.9039892931234399 0
    outer loop
      vertex 46.87056033603446 16.72217481317509 1.5
      vertex 47.067947438459974 16.815531959837614 2.2
      vertex 46.87056033603446 16.72217481317509 2.2
    endloop
  endfacet
  facet normal 0.33688985339221483 -0.9415440651830227 0
    outer loop
      vertex 47.067947438459974 16.815531959837614 1.5
      vertex 47.27353466858112 16.889092247004164 2.2
      vertex 47.067947438459974 16.815531959837614 2.2
    endloop
  endfacet
  facet normal 0.24298017990325524 -0.9700312531945462 0
    outer loop
      vertex 47.27353466858112 16.889092247004164 1.5
      vertex 47.485342108986416 16.942147248897186 2.2
      vertex 47.27353466858112 16.889092247004164 2.2
    endloop
  endfacet
  facet normal -0.24298017990325524 -0.9700312531945462 0
    outer loop
      vertex 48.353494041958186 16.942147248897186 1.5
      vertex 48.56530148236348 16.889092247004164 2.2
      vertex 48.353494041958186 16.942147248897186 2.2
    endloop
  endfacet
  facet normal -0.33688985339221483 -0.9415440651830227 0
    outer loop
      vertex 48.56530148236348 16.889092247004164 1.5
      vertex 48.77088871248463 16.815531959837614 2.2
      vertex 48.56530148236348 16.889092247004164 2.2
    endloop
  endfacet
  facet normal 0.146730474455376 -0.9891765099647789 0
    outer loop
      vertex 47.485342108986416 16.942147248897186 1.5
      vertex 47.70132993823903 16.97418601684564 2.2
      vertex 47.485342108986416 16.942147248897186 2.2
    endloop
  endfacet
  facet normal 0.04906767432741152 -0.9987954562051727 0
    outer loop
      vertex 47.70132993823903 16.97418601684564 1.5
      vertex 47.9194180754723 16.9849 2.2
      vertex 47.70132993823903 16.97418601684564 2.2
    endloop
  endfacet
  facet normal -0.04906767432741152 -0.9987954562051727 0
    outer loop
      vertex 47.9194180754723 16.9849 1.5
      vertex 48.137506212705574 16.97418601684564 2.2
      vertex 47.9194180754723 16.9849 2.2
    endloop
  endfacet
  facet normal -0.146730474455376 -0.9891765099647789 0
    outer loop
      vertex 48.137506212705574 16.97418601684564 1.5
      vertex 48.353494041958186 16.942147248897186 2.2
      vertex 48.137506212705574 16.97418601684564 2.2
    endloop
  endfacet
  facet normal -0.7409511253549607 -0.6715589548470167 0
    outer loop
      vertex 49.49273066361237 16.333212588140068 1.5
      vertex 49.63936633420439 16.171425057264113 2.2
      vertex 49.49273066361237 16.333212588140068 2.2
    endloop
  endfacet
  facet normal -0.6715589548470257 -0.7409511253549526 0
    outer loop
      vertex 49.330943132736415 16.47984825873209 1.5
      vertex 49.49273066361237 16.333212588140068 2.2
      vertex 49.330943132736415 16.47984825873209 2.2
    endloop
  endfacet
  facet normal -0.5956993044924243 -0.8032075314806516 0
    outer loop
      vertex 49.155561843940916 16.609919887373163 1.5
      vertex 49.330943132736415 16.47984825873209 2.2
      vertex 49.155561843940916 16.609919887373163 2.2
    endloop
  endfacet
  facet normal -0.5141027441932193 -0.8577286100002733 0
    outer loop
      vertex 48.96827581491014 16.72217481317509 1.5
      vertex 49.155561843940916 16.609919887373163 2.2
      vertex 48.96827581491014 16.72217481317509 2.2
    endloop
  endfacet
  facet normal -0.4275550934302894 -0.9039892931234399 0
    outer loop
      vertex 48.77088871248463 16.815531959837614 1.5
      vertex 48.96827581491014 16.72217481317509 2.2
      vertex 48.77088871248463 16.815531959837614 2.2
    endloop
  endfacet
  facet normal 0.5956993044924345 0.8032075314806442 0
    outer loop
      vertex 44.74745165465407 10.894847733186316 0
      vertex 44.74745165465407 10.894847733186316 1.5
      vertex 45.14156691037429 10.602551938487274 0
    endloop
  endfacet
  facet normal 0.6715589548470197 0.7409511253549579 0
    outer loop
      vertex 44.38388416953956 11.224366094067262 0
      vertex 44.38388416953956 11.224366094067262 1.5
      vertex 44.74745165465407 10.894847733186316 0
    endloop
  endfacet
  facet normal 0.8032075314806423 0.5956993044924368 3.2309946113312343e-18
    outer loop
      vertex 44.054365808658616 11.587933579181772 0
      vertex 43.76207001395957 11.982048834901988 0
      vertex 43.76207001395957 11.982048834901988 1.5
    endloop
  endfacet
  facet normal 0.7409511253549597 0.6715589548470179 -2.3413624826296622e-18
    outer loop
      vertex 44.38388416953956 11.224366094067262 0
      vertex 44.054365808658616 11.587933579181772 0
      vertex 44.054365808658616 11.587933579181772 1.5
    endloop
  endfacet
  facet normal 0.8577286100002732 0.5141027441932199 6.916133859701155e-18
    outer loop
      vertex 43.76207001395957 11.982048834901988 0
      vertex 43.509811753730524 12.402916315870012 0
      vertex 43.509811753730524 12.402916315870012 1.5
    endloop
  endfacet
  facet normal 0.9039892931234471 0.42755509343027387 7.832193653141637e-18
    outer loop
      vertex 43.509811753730524 12.402916315870012 0
      vertex 43.30002041291587 12.846482838174552 0
      vertex 43.30002041291587 12.846482838174552 1.5
    endloop
  endfacet
  facet normal 0.6715589548470197 0.7409511253549579 0
    outer loop
      vertex 44.74745165465407 10.894847733186316 0
      vertex 44.38388416953956 11.224366094067262 1.5
      vertex 44.74745165465407 10.894847733186316 1.5
    endloop
  endfacet
  facet normal 0.8032075314806423 0.5956993044924368 0
    outer loop
      vertex 44.054365808658616 11.587933579181772 0
      vertex 43.76207001395957 11.982048834901988 1.5
      vertex 44.054365808658616 11.587933579181772 1.5
    endloop
  endfacet
  facet normal 0.7409511253549597 0.6715589548470179 0
    outer loop
      vertex 44.38388416953956 11.224366094067262 0
      vertex 44.054365808658616 11.587933579181772 1.5
      vertex 44.38388416953956 11.224366094067262 1.5
    endloop
  endfacet
  facet normal 0.8577286100002732 0.5141027441932199 0
    outer loop
      vertex 43.76207001395957 11.982048834901988 0
      vertex 43.509811753730524 12.402916315870012 1.5
      vertex 43.76207001395957 11.982048834901988 1.5
    endloop
  endfacet
  facet normal 0.9039892931234471 0.42755509343027387 0
    outer loop
      vertex 43.509811753730524 12.402916315870012 0
      vertex 43.30002041291587 12.846482838174552 1.5
      vertex 43.509811753730524 12.402916315870012 1.5
    endloop
  endfacet
  facet normal 0.4275550934302856 0.9039892931234417 0
    outer loop
      vertex 45.562434391342315 10.350293678258225 0
      vertex 45.562434391342315 10.350293678258225 1.5
      vertex 46.00600091364685 10.140502337443566 0
    endloop
  endfacet
  facet normal 0.24298017990326456 0.9700312531945438 0
    outer loop
      vertex 46.46799468919999 9.975198321338956 0
      vertex 46.46799468919999 9.975198321338956 1.5
      vertex 46.94396646539166 9.855973597983848 0
    endloop
  endfacet
  facet normal 0.3368898533922174 0.9415440651830217 2.9582834911057372e-18
    outer loop
      vertex 46.46799468919999 9.975198321338956 0
      vertex 46.00600091364685 10.140502337443566 0
      vertex 46.00600091364685 10.140502337443566 1.5
    endloop
  endfacet
  facet normal 0.5141027441932168 0.8577286100002751 -3.984392289138313e-18
    outer loop
      vertex 45.562434391342315 10.350293678258225 0
      vertex 45.14156691037429 10.602551938487274 0
      vertex 45.14156691037429 10.602551938487274 1.5
    endloop
  endfacet
  facet normal 0.14673047445536236 0.989176509964781 0
    outer loop
      vertex 46.94396646539166 9.855973597983848 0
      vertex 46.94396646539166 9.855973597983848 1.5
      vertex 47.4293323738245 9.783976366639015 0
    endloop
  endfacet
  facet normal 0.04906767432741744 0.9987954562051725 0
    outer loop
      vertex 47.4293323738245 9.783976366639015 0
      vertex 47.4293323738245 9.783976366639015 1.5
      vertex 47.9194180754723 9.7599 0
    endloop
  endfacet
  facet normal -0.04906767432741744 0.9987954562051725 0
    outer loop
      vertex 47.9194180754723 9.7599 0
      vertex 47.9194180754723 9.7599 1.5
      vertex 48.4095037771201 9.783976366639015 0
    endloop
  endfacet
  facet normal -0.14673047445536236 0.989176509964781 0
    outer loop
      vertex 48.4095037771201 9.783976366639015 0
      vertex 48.4095037771201 9.783976366639015 1.5
      vertex 48.89486968555294 9.855973597983848 0
    endloop
  endfacet
  facet normal -0.24298017990326456 0.9700312531945438 0
    outer loop
      vertex 48.89486968555294 9.855973597983848 0
      vertex 48.89486968555294 9.855973597983848 1.5
      vertex 49.37084146174461 9.975198321338956 0
    endloop
  endfacet
  facet normal -0.3368898533922174 0.9415440651830217 0
    outer loop
      vertex 49.37084146174461 9.975198321338956 0
      vertex 49.37084146174461 9.975198321338956 1.5
      vertex 49.83283523729775 10.140502337443566 0
    endloop
  endfacet
  facet normal -0.4275550934302856 0.9039892931234417 0
    outer loop
      vertex 49.83283523729775 10.140502337443566 0
      vertex 49.83283523729775 10.140502337443566 1.5
      vertex 50.27640175960229 10.350293678258225 0
    endloop
  endfacet
  facet normal -0.5141027441932168 0.8577286100002751 0
    outer loop
      vertex 50.27640175960229 10.350293678258225 0
      vertex 50.27640175960229 10.350293678258225 1.5
      vertex 50.697269240570314 10.602551938487274 0
    endloop
  endfacet
  facet normal -0.5956993044924345 0.8032075314806442 0
    outer loop
      vertex 50.697269240570314 10.602551938487274 0
      vertex 50.697269240570314 10.602551938487274 1.5
      vertex 51.09138449629053 10.894847733186316 0
    endloop
  endfacet
  facet normal -0.6715589548470197 0.7409511253549579 0
    outer loop
      vertex 51.09138449629053 10.894847733186316 0
      vertex 51.09138449629053 10.894847733186316 1.5
      vertex 51.45495198140504 11.224366094067262 0
    endloop
  endfacet
  facet normal -0.7409511253549597 0.6715589548470179 0
    outer loop
      vertex 51.45495198140504 11.224366094067262 0
      vertex 51.45495198140504 11.224366094067262 1.5
      vertex 51.784470342285985 11.587933579181772 0
    endloop
  endfacet
  facet normal -0.8032075314806423 0.5956993044924368 0
    outer loop
      vertex 51.784470342285985 11.587933579181772 0
      vertex 51.784470342285985 11.587933579181772 1.5
      vertex 52.07676613698503 11.982048834901988 0
    endloop
  endfacet
  facet normal -0.8577286100002732 0.5141027441932199 0
    outer loop
      vertex 52.07676613698503 11.982048834901988 0
      vertex 52.07676613698503 11.982048834901988 1.5
      vertex 52.32902439721408 12.402916315870012 0
    endloop
  endfacet
  facet normal -0.9039892931234471 0.42755509343027387 0
    outer loop
      vertex 52.32902439721408 12.402916315870012 0
      vertex 52.32902439721408 12.402916315870012 1.5
      vertex 52.53881573802873 12.846482838174552 0
    endloop
  endfacet
  facet normal 0.5141027441932168 0.8577286100002751 0
    outer loop
      vertex 45.562434391342315 10.350293678258225 0
      vertex 45.14156691037429 10.602551938487274 1.5
      vertex 45.562434391342315 10.350293678258225 1.5
    endloop
  endfacet
  facet normal 0.4275550934302856 0.9039892931234417 0
    outer loop
      vertex 46.00600091364685 10.140502337443566 0
      vertex 45.562434391342315 10.350293678258225 1.5
      vertex 46.00600091364685 10.140502337443566 1.5
    endloop
  endfacet
  facet normal 0.3368898533922174 0.9415440651830217 0
    outer loop
      vertex 46.46799468919999 9.975198321338956 0
      vertex 46.00600091364685 10.140502337443566 1.5
      vertex 46.46799468919999 9.975198321338956 1.5
    endloop
  endfacet
  facet normal 0.24298017990326456 0.9700312531945438 0
    outer loop
      vertex 46.94396646539166 9.855973597983848 0
      vertex 46.46799468919999 9.975198321338956 1.5
      vertex 46.94396646539166 9.855973597983848 1.5
    endloop
  endfacet
  facet normal 0.5956993044924345 0.8032075314806442 0
    outer loop
      vertex 45.14156691037429 10.602551938487274 0
      vertex 44.74745165465407 10.894847733186316 1.5
      vertex 45.14156691037429 10.602551938487274 1.5
    endloop
  endfacet
  facet normal 0.14673047445536236 0.989176509964781 0
    outer loop
      vertex 47.4293323738245 9.783976366639015 0
      vertex 46.94396646539166 9.855973597983848 1.5
      vertex 47.4293323738245 9.783976366639015 1.5
    endloop
  endfacet
  facet normal 0.04906767432741744 0.9987954562051725 0
    outer loop
      vertex 47.9194180754723 9.7599 0
      vertex 47.4293323738245 9.783976366639015 1.5
      vertex 47.9194180754723 9.7599 1.5
    endloop
  endfacet
  facet normal -0.04906767432741744 0.9987954562051725 0
    outer loop
      vertex 48.4095037771201 9.783976366639015 0
      vertex 47.9194180754723 9.7599 1.5
      vertex 48.4095037771201 9.783976366639015 1.5
    endloop
  endfacet
  facet normal -0.14673047445536236 0.989176509964781 0
    outer loop
      vertex 48.89486968555294 9.855973597983848 0
      vertex 48.4095037771201 9.783976366639015 1.5
      vertex 48.89486968555294 9.855973597983848 1.5
    endloop
  endfacet
  facet normal -0.24298017990326456 0.9700312531945438 0
    outer loop
      vertex 49.37084146174461 9.975198321338956 0
      vertex 48.89486968555294 9.855973597983848 1.5
      vertex 49.37084146174461 9.975198321338956 1.5
    endloop
  endfacet
  facet normal -0.3368898533922174 0.9415440651830217 0
    outer loop
      vertex 49.83283523729775 10.140502337443566 0
      vertex 49.37084146174461 9.975198321338956 1.5
      vertex 49.83283523729775 10.140502337443566 1.5
    endloop
  endfacet
  facet normal -0.4275550934302856 0.9039892931234417 0
    outer loop
      vertex 50.27640175960229 10.350293678258225 0
      vertex 49.83283523729775 10.140502337443566 1.5
      vertex 50.27640175960229 10.350293678258225 1.5
    endloop
  endfacet
  facet normal -0.5141027441932168 0.8577286100002751 0
    outer loop
      vertex 50.697269240570314 10.602551938487274 0
      vertex 50.27640175960229 10.350293678258225 1.5
      vertex 50.697269240570314 10.602551938487274 1.5
    endloop
  endfacet
  facet normal -0.5956993044924345 0.8032075314806442 0
    outer loop
      vertex 51.09138449629053 10.894847733186316 0
      vertex 50.697269240570314 10.602551938487274 1.5
      vertex 51.09138449629053 10.894847733186316 1.5
    endloop
  endfacet
  facet normal -0.6715589548470197 0.7409511253549579 0
    outer loop
      vertex 51.45495198140504 11.224366094067262 0
      vertex 51.09138449629053 10.894847733186316 1.5
      vertex 51.45495198140504 11.224366094067262 1.5
    endloop
  endfacet
  facet normal -0.7409511253549597 0.6715589548470179 0
    outer loop
      vertex 51.784470342285985 11.587933579181772 0
      vertex 51.45495198140504 11.224366094067262 1.5
      vertex 51.784470342285985 11.587933579181772 1.5
    endloop
  endfacet
  facet normal -0.8032075314806423 0.5956993044924368 0
    outer loop
      vertex 52.07676613698503 11.982048834901988 0
      vertex 51.784470342285985 11.587933579181772 1.5
      vertex 52.07676613698503 11.982048834901988 1.5
    endloop
  endfacet
  facet normal -0.8577286100002732 0.5141027441932199 0
    outer loop
      vertex 52.32902439721408 12.402916315870012 0
      vertex 52.07676613698503 11.982048834901988 1.5
      vertex 52.32902439721408 12.402916315870012 1.5
    endloop
  endfacet
  facet normal -0.9039892931234471 0.42755509343027387 0
    outer loop
      vertex 52.53881573802873 12.846482838174552 0
      vertex 52.32902439721408 12.402916315870012 1.5
      vertex 52.53881573802873 12.846482838174552 1.5
    endloop
  endfacet
  facet normal 0 0 -1
    outer loop
      vertex 46.46799468919999 9.975198321338956 1.5
      vertex 46.00600091364685 10.140502337443566 1.5
      vertex 46.19946981674021 13.348374942735889 1.5
    endloop
  endfacet
  facet normal 0 0 -1
    outer loop
      vertex 46.46799468919999 9.975198321338956 1.5
      vertex 46.683274307003686 12.909880112626837 1.5
      vertex 46.94396646539166 9.855973597983848 1.5
    endloop
  endfacet
  facet normal 0 0 -1
    outer loop
      vertex 46.94396646539166 9.855973597983848 1.5
      vertex 47.27353466858112 12.630707752995836 1.5
      vertex 47.4293323738245 9.783976366639015 1.5
    endloop
  endfacet
  facet normal 0 0 -1
    outer loop
      vertex 47.4293323738245 9.783976366639015 1.5
      vertex 47.70132993823903 12.545613983154361 1.5
      vertex 47.9194180754723 9.7599 1.5
    endloop
  endfacet
  facet normal 0 0 -1
    outer loop
      vertex 47.9194180754723 9.7599 1.5
      vertex 48.137506212705574 12.545613983154361 1.5
      vertex 48.4095037771201 9.783976366639015 1.5
    endloop
  endfacet
  facet normal 0 0 -1
    outer loop
      vertex 48.4095037771201 9.783976366639015 1.5
      vertex 48.353494041958186 12.577652751102812 1.5
      vertex 48.89486968555294 9.855973597983848 1.5
    endloop
  endfacet
  facet normal 0 0 -1
    outer loop
      vertex 45.562434391342315 10.350293678258225 1.5
      vertex 45.79022582846814 14.114016593108822 1.5
      vertex 46.00600091364685 10.140502337443566 1.5
    endloop
  endfacet
  facet normal 0 0 -1
    outer loop
      vertex 46.94396646539166 9.855973597983848 1.5
      vertex 46.683274307003686 12.909880112626837 1.5
      vertex 46.87056033603446 12.79762518682491 1.5
    endloop
  endfacet
  facet normal 0 0 -1
    outer loop
      vertex 46.46799468919999 9.975198321338956 1.5
      vertex 46.507893018208186 13.03995174126791 1.5
      vertex 46.683274307003686 12.909880112626837 1.5
    endloop
  endfacet
  facet normal 0 0 -1
    outer loop
      vertex 46.46799468919999 9.975198321338956 1.5
      vertex 46.34610548733223 13.186587411859932 1.5
      vertex 46.507893018208186 13.03995174126791 1.5
    endloop
  endfacet
  facet normal 0 0 -1
    outer loop
      vertex 46.00600091364685 10.140502337443566 1.5
      vertex 45.79022582846814 14.114016593108822 1.5
      vertex 45.86378611563469 13.908429362987675 1.5
    endloop
  endfacet
  facet normal 0 0 -1
    outer loop
      vertex 46.46799468919999 9.975198321338956 1.5
      vertex 46.19946981674021 13.348374942735889 1.5
      vertex 46.34610548733223 13.186587411859932 1.5
    endloop
  endfacet
  facet normal 0 0 -1
    outer loop
      vertex 46.00600091364685 10.140502337443566 1.5
      vertex 46.069398188099136 13.523756231531385 1.5
      vertex 46.19946981674021 13.348374942735889 1.5
    endloop
  endfacet
  facet normal 0 0 -1
    outer loop
      vertex 46.00600091364685 10.140502337443566 1.5
      vertex 45.95714326229721 13.711042260562156 1.5
      vertex 46.069398188099136 13.523756231531385 1.5
    endloop
  endfacet
  facet normal 0 0 -1
    outer loop
      vertex 46.00600091364685 10.140502337443566 1.5
      vertex 45.86378611563469 13.908429362987675 1.5
      vertex 45.95714326229721 13.711042260562156 1.5
    endloop
  endfacet
  facet normal 0 0 -1
    outer loop
      vertex 47.4293323738245 9.783976366639015 1.5
      vertex 47.27353466858112 12.630707752995836 1.5
      vertex 47.485342108986416 12.577652751102812 1.5
    endloop
  endfacet
  facet normal 0 0 -1
    outer loop
      vertex 47.4293323738245 9.783976366639015 1.5
      vertex 47.485342108986416 12.577652751102812 1.5
      vertex 47.70132993823903 12.545613983154361 1.5
    endloop
  endfacet
  facet normal 0 0 -1
    outer loop
      vertex 46.94396646539166 9.855973597983848 1.5
      vertex 46.87056033603446 12.79762518682491 1.5
      vertex 47.067947438459974 12.704268040162386 1.5
    endloop
  endfacet
  facet normal 0 0 -1
    outer loop
      vertex 46.94396646539166 9.855973597983848 1.5
      vertex 47.067947438459974 12.704268040162386 1.5
      vertex 47.27353466858112 12.630707752995836 1.5
    endloop
  endfacet
  facet normal 0 0 -1
    outer loop
      vertex 47.9194180754723 9.7599 1.5
      vertex 47.70132993823903 12.545613983154361 1.5
      vertex 47.9194180754723 12.5349 1.5
    endloop
  endfacet
  facet normal 0 0 -1
    outer loop
      vertex 47.9194180754723 9.7599 1.5
      vertex 47.9194180754723 12.5349 1.5
      vertex 48.137506212705574 12.545613983154361 1.5
    endloop
  endfacet
  facet normal 0 0 -1
    outer loop
      vertex 48.4095037771201 9.783976366639015 1.5
      vertex 48.137506212705574 12.545613983154361 1.5
      vertex 48.353494041958186 12.577652751102812 1.5
    endloop
  endfacet
  facet normal 0 0 -1
    outer loop
      vertex 48.353494041958186 12.577652751102812 1.5
      vertex 48.56530148236348 12.630707752995836 1.5
      vertex 48.89486968555294 9.855973597983848 1.5
    endloop
  endfacet
  facet normal 0 0 -1
    outer loop
      vertex 48.56530148236348 12.630707752995836 1.5
      vertex 48.77088871248463 12.704268040162386 1.5
      vertex 48.89486968555294 9.855973597983848 1.5
    endloop
  endfacet
  facet normal 0 0 -1
    outer loop
      vertex 48.89486968555294 9.855973597983848 1.5
      vertex 48.77088871248463 12.704268040162386 1.5
      vertex 49.37084146174461 9.975198321338956 1.5
    endloop
  endfacet
  facet normal 0 0 -1
    outer loop
      vertex 49.37084146174461 9.975198321338956 1.5
      vertex 49.330943132736415 13.03995174126791 1.5
      vertex 49.83283523729775 10.140502337443566 1.5
    endloop
  endfacet
  facet normal 0 0 -1
    outer loop
      vertex 49.37084146174461 9.975198321338956 1.5
      vertex 48.77088871248463 12.704268040162386 1.5
      vertex 48.96827581491014 12.79762518682491 1.5
    endloop
  endfacet
  facet normal 0 0 -1
    outer loop
      vertex 49.37084146174461 9.975198321338956 1.5
      vertex 48.96827581491014 12.79762518682491 1.5
      vertex 49.155561843940916 12.909880112626837 1.5
    endloop
  endfacet
  facet normal 0 0 -1
    outer loop
      vertex 49.37084146174461 9.975198321338956 1.5
      vertex 49.155561843940916 12.909880112626837 1.5
      vertex 49.330943132736415 13.03995174126791 1.5
    endloop
  endfacet
  facet normal 0 0 -1
    outer loop
      vertex 49.83283523729775 10.140502337443566 1.5
      vertex 49.769437962845466 13.523756231531385 1.5
      vertex 50.27640175960229 10.350293678258225 1.5
    endloop
  endfacet
  facet normal 0 0 -1
    outer loop
      vertex 49.83283523729775 10.140502337443566 1.5
      vertex 49.330943132736415 13.03995174126791 1.5
      vertex 49.49273066361237 13.186587411859932 1.5
    endloop
  endfacet
  facet normal 0 0 -1
    outer loop
      vertex 49.83283523729775 10.140502337443566 1.5
      vertex 49.49273066361237 13.186587411859932 1.5
      vertex 49.63936633420439 13.348374942735889 1.5
    endloop
  endfacet
  facet normal 0 0 -1
    outer loop
      vertex 49.83283523729775 10.140502337443566 1.5
      vertex 49.63936633420439 13.348374942735889 1.5
      vertex 49.769437962845466 13.523756231531385 1.5
    endloop
  endfacet
  facet normal 0 0 -1
    outer loop
      vertex 50.27640175960229 10.350293678258225 1.5
      vertex 49.769437962845466 13.523756231531385 1.5
      vertex 49.88169288864739 13.711042260562156 1.5
    endloop
  endfacet
  facet normal 0 0 -1
    outer loop
      vertex 50.27640175960229 10.350293678258225 1.5
      vertex 49.88169288864739 13.711042260562156 1.5
      vertex 49.97505003530991 13.908429362987675 1.5
    endloop
  endfacet
  facet normal 0 0 -1
    outer loop
      vertex 50.27640175960229 10.350293678258225 1.5
      vertex 49.97505003530991 13.908429362987675 1.5
      vertex 50.04861032247646 14.114016593108822 1.5
    endloop
  endfacet
  facet normal 0.9700312531945429 0.24298017990326795 0
    outer loop
      vertex 43.01549167345615 13.784448389919358 0
      vertex 43.01549167345615 13.784448389919358 1.5
      vertex 43.13471639681126 13.308476613727688 0
    endloop
  endfacet
  facet normal 0.9891765099647813 0.14673047445535933 3.128554927212944e-18
    outer loop
      vertex 43.01549167345615 13.784448389919358 0
      vertex 42.943494442111316 14.269814298352197 0
      vertex 42.943494442111316 14.269814298352197 1.5
    endloop
  endfacet
  facet normal 0.9415440651830187 0.33688985339222616 3.8524317602882376e-18
    outer loop
      vertex 43.30002041291587 12.846482838174552 0
      vertex 43.13471639681126 13.308476613727688 0
      vertex 43.13471639681126 13.308476613727688 1.5
    endloop
  endfacet
  facet normal 0.9987954562051725 0.049067674327417085 -7.670485290027424e-19
    outer loop
      vertex 42.943494442111316 14.269814298352197 0
      vertex 42.9194180754723 14.7599 0
      vertex 42.9194180754723 14.7599 1.5
    endloop
  endfacet
  facet normal 0.9987954562051725 -0.049067674327417085 7.670485290027424e-19
    outer loop
      vertex 42.9194180754723 14.7599 0
      vertex 42.943494442111316 15.249985701647804 0
      vertex 42.943494442111316 15.249985701647804 1.5
    endloop
  endfacet
  facet normal 0.9891765099647813 -0.14673047445535933 -3.128554927212944e-18
    outer loop
      vertex 42.943494442111316 15.249985701647804 0
      vertex 43.01549167345615 15.735351610080642 0
      vertex 43.01549167345615 15.735351610080642 1.5
    endloop
  endfacet
  facet normal 0.9700312531945429 -0.24298017990326795 -6.577084042365849e-19
    outer loop
      vertex 43.01549167345615 15.735351610080642 0
      vertex 43.13471639681126 16.211323386272312 0
      vertex 43.13471639681126 16.211323386272312 1.5
    endloop
  endfacet
  facet normal 0.9415440651830187 -0.33688985339222616 -3.8524317602882376e-18
    outer loop
      vertex 43.13471639681126 16.211323386272312 0
      vertex 43.30002041291587 16.673317161825448 0
      vertex 43.30002041291587 16.673317161825448 1.5
    endloop
  endfacet
  facet normal 0.9039892931234471 -0.42755509343027387 -7.832193653141637e-18
    outer loop
      vertex 43.30002041291587 16.673317161825448 0
      vertex 43.509811753730524 17.116883684129988 0
      vertex 43.509811753730524 17.116883684129988 1.5
    endloop
  endfacet
  facet normal 0.8577286100002732 -0.5141027441932199 -6.916133859701155e-18
    outer loop
      vertex 43.509811753730524 17.116883684129988 0
      vertex 43.76207001395957 17.537751165098012 0
      vertex 43.76207001395957 17.537751165098012 1.5
    endloop
  endfacet
  facet normal 0.8032075314806423 -0.5956993044924368 -3.2309946113312343e-18
    outer loop
      vertex 43.76207001395957 17.537751165098012 0
      vertex 44.054365808658616 17.931866420818228 0
      vertex 44.054365808658616 17.931866420818228 1.5
    endloop
  endfacet
  facet normal 0.7409511253549611 -0.671558954847016 5.7042093596543696e-18
    outer loop
      vertex 44.054365808658616 17.931866420818228 0
      vertex 44.38388416953956 18.29543390593274 0
      vertex 44.38388416953956 18.29543390593274 1.5
    endloop
  endfacet
  facet normal 0.6715589548470197 -0.7409511253549579 -1.021484394395064e-18
    outer loop
      vertex 44.38388416953956 18.29543390593274 0
      vertex 44.74745165465407 18.624952266813686 0
      vertex 44.74745165465407 18.624952266813686 1.5
    endloop
  endfacet
  facet normal 0.9700312531945429 0.24298017990326795 0
    outer loop
      vertex 43.13471639681126 13.308476613727688 0
      vertex 43.01549167345615 13.784448389919358 1.5
      vertex 43.13471639681126 13.308476613727688 1.5
    endloop
  endfacet
  facet normal 0.9891765099647813 0.14673047445535933 0
    outer loop
      vertex 43.01549167345615 13.784448389919358 0
      vertex 42.943494442111316 14.269814298352197 1.5
      vertex 43.01549167345615 13.784448389919358 1.5
    endloop
  endfacet
  facet normal 0.9987954562051725 0.049067674327417085 0
    outer loop
      vertex 42.943494442111316 14.269814298352197 0
      vertex 42.9194180754723 14.7599 1.5
      vertex 42.943494442111316 14.269814298352197 1.5
    endloop
  endfacet
  facet normal 0.9415440651830187 0.33688985339222616 0
    outer loop
      vertex 43.30002041291587 12.846482838174552 0
      vertex 43.13471639681126 13.308476613727688 1.5
      vertex 43.30002041291587 12.846482838174552 1.5
    endloop
  endfacet
  facet normal 0.9987954562051725 -0.049067674327417085 0
    outer loop
      vertex 42.9194180754723 14.7599 0
      vertex 42.943494442111316 15.249985701647804 1.5
      vertex 42.9194180754723 14.7599 1.5
    endloop
  endfacet
  facet normal 0.9891765099647813 -0.14673047445535933 0
    outer loop
      vertex 42.943494442111316 15.249985701647804 0
      vertex 43.01549167345615 15.735351610080642 1.5
      vertex 42.943494442111316 15.249985701647804 1.5
    endloop
  endfacet
  facet normal 0.9700312531945429 -0.24298017990326795 0
    outer loop
      vertex 43.01549167345615 15.735351610080642 0
      vertex 43.13471639681126 16.211323386272312 1.5
      vertex 43.01549167345615 15.735351610080642 1.5
    endloop
  endfacet
  facet normal 0 0 -1
    outer loop
      vertex 43.01549167345615 13.784448389919358 1.5
      vertex 43.01549167345615 15.735351610080642 1.5
      vertex 43.13471639681126 13.308476613727688 1.5
    endloop
  endfacet
  facet normal 0 0 -1
    outer loop
      vertex 43.01549167345615 13.784448389919358 1.5
      vertex 42.943494442111316 14.269814298352197 1.5
      vertex 42.943494442111316 15.249985701647804 1.5
    endloop
  endfacet
  facet normal 0 0 -1
    outer loop
      vertex 44.054365808658616 11.587933579181772 1.5
      vertex 43.76207001395957 11.982048834901988 1.5
      vertex 43.76207001395957 17.537751165098012 1.5
    endloop
  endfacet
  facet normal 0 0 -1
    outer loop
      vertex 44.38388416953956 11.224366094067262 1.5
      vertex 44.38388416953956 18.29543390593274 1.5
      vertex 44.74745165465407 10.894847733186316 1.5
    endloop
  endfacet
  facet normal 0 0 -1
    outer loop
      vertex 44.38388416953956 11.224366094067262 1.5
      vertex 44.054365808658616 11.587933579181772 1.5
      vertex 44.054365808658616 17.931866420818228 1.5
    endloop
  endfacet
  facet normal 0 0 -1
    outer loop
      vertex 44.74745165465407 10.894847733186316 1.5
      vertex 44.74745165465407 18.624952266813686 1.5
      vertex 45.14156691037429 10.602551938487274 1.5
    endloop
  endfacet
  facet normal 0 0 -1
    outer loop
      vertex 43.509811753730524 12.402916315870012 1.5
      vertex 43.30002041291587 12.846482838174552 1.5
      vertex 43.30002041291587 16.673317161825448 1.5
    endloop
  endfacet
  facet normal 0 0 -1
    outer loop
      vertex 43.76207001395957 11.982048834901988 1.5
      vertex 43.509811753730524 12.402916315870012 1.5
      vertex 43.509811753730524 17.116883684129988 1.5
    endloop
  endfacet
  facet normal 0 0 -1
    outer loop
      vertex 43.30002041291587 12.846482838174552 1.5
      vertex 43.13471639681126 13.308476613727688 1.5
      vertex 43.13471639681126 16.211323386272312 1.5
    endloop
  endfacet
  facet normal 0 0 -1
    outer loop
      vertex 42.943494442111316 14.269814298352197 1.5
      vertex 42.9194180754723 14.7599 1.5
      vertex 42.943494442111316 15.249985701647804 1.5
    endloop
  endfacet
  facet normal 0 0 -1
    outer loop
      vertex 43.01549167345615 13.784448389919358 1.5
      vertex 42.943494442111316 15.249985701647804 1.5
      vertex 43.01549167345615 15.735351610080642 1.5
    endloop
  endfacet
  facet normal 0 0 -1
    outer loop
      vertex 43.13471639681126 13.308476613727688 1.5
      vertex 43.01549167345615 15.735351610080642 1.5
      vertex 43.13471639681126 16.211323386272312 1.5
    endloop
  endfacet
  facet normal 0 0 -1
    outer loop
      vertex 43.30002041291587 12.846482838174552 1.5
      vertex 43.13471639681126 16.211323386272312 1.5
      vertex 43.30002041291587 16.673317161825448 1.5
    endloop
  endfacet
  facet normal 0 0 -1
    outer loop
      vertex 43.509811753730524 12.402916315870012 1.5
      vertex 43.30002041291587 16.673317161825448 1.5
      vertex 43.509811753730524 17.116883684129988 1.5
    endloop
  endfacet
  facet normal 0 0 -1
    outer loop
      vertex 43.76207001395957 11.982048834901988 1.5
      vertex 43.509811753730524 17.116883684129988 1.5
      vertex 43.76207001395957 17.537751165098012 1.5
    endloop
  endfacet
  facet normal 0 0 -1
    outer loop
      vertex 44.054365808658616 11.587933579181772 1.5
      vertex 43.76207001395957 17.537751165098012 1.5
      vertex 44.054365808658616 17.931866420818228 1.5
    endloop
  endfacet
  facet normal 0 0 -1
    outer loop
      vertex 44.38388416953956 11.224366094067262 1.5
      vertex 44.054365808658616 17.931866420818228 1.5
      vertex 44.38388416953956 18.29543390593274 1.5
    endloop
  endfacet
  facet normal 0 0 -1
    outer loop
      vertex 44.74745165465407 10.894847733186316 1.5
      vertex 44.38388416953956 18.29543390593274 1.5
      vertex 44.74745165465407 18.624952266813686 1.5
    endloop
  endfacet
  facet normal 0.9415440651830187 -0.33688985339222616 0
    outer loop
      vertex 43.13471639681126 16.211323386272312 0
      vertex 43.30002041291587 16.673317161825448 1.5
      vertex 43.13471639681126 16.211323386272312 1.5
    endloop
  endfacet
  facet normal 0.9039892931234471 -0.42755509343027387 0
    outer loop
      vertex 43.30002041291587 16.673317161825448 0
      vertex 43.509811753730524 17.116883684129988 1.5
      vertex 43.30002041291587 16.673317161825448 1.5
    endloop
  endfacet
  facet normal 0.8577286100002732 -0.5141027441932199 0
    outer loop
      vertex 43.509811753730524 17.116883684129988 0
      vertex 43.76207001395957 17.537751165098012 1.5
      vertex 43.509811753730524 17.116883684129988 1.5
    endloop
  endfacet
  facet normal 0.8032075314806423 -0.5956993044924368 0
    outer loop
      vertex 43.76207001395957 17.537751165098012 0
      vertex 44.054365808658616 17.931866420818228 1.5
      vertex 43.76207001395957 17.537751165098012 1.5
    endloop
  endfacet
  facet normal 0.7409511253549611 -0.671558954847016 0
    outer loop
      vertex 44.054365808658616 17.931866420818228 0
      vertex 44.38388416953956 18.29543390593274 1.5
      vertex 44.054365808658616 17.931866420818228 1.5
    endloop
  endfacet
  facet normal 0.6715589548470197 -0.7409511253549579 0
    outer loop
      vertex 44.38388416953956 18.29543390593274 0
      vertex 44.74745165465407 18.624952266813686 1.5
      vertex 44.38388416953956 18.29543390593274 1.5
    endloop
  endfacet
  facet normal 0.5956993044924321 -0.8032075314806458 0
    outer loop
      vertex 44.74745165465407 18.624952266813686 0
      vertex 45.14156691037429 18.917248061512726 1.5
      vertex 44.74745165465407 18.624952266813686 1.5
    endloop
  endfacet
  facet normal 0.5956993044924321 -0.8032075314806458 -1.2230079027023621e-18
    outer loop
      vertex 44.74745165465407 18.624952266813686 0
      vertex 45.14156691037429 18.917248061512726 0
      vertex 45.14156691037429 18.917248061512726 1.5
    endloop
  endfacet
  facet normal 0.5141027441932168 -0.8577286100002751 3.984392289138313e-18
    outer loop
      vertex 45.14156691037429 18.917248061512726 0
      vertex 45.562434391342315 19.169506321741775 0
      vertex 45.562434391342315 19.169506321741775 1.5
    endloop
  endfacet
  facet normal 0.4275550934302827 -0.9039892931234432 8.127810624131605e-18
    outer loop
      vertex 45.562434391342315 19.169506321741775 0
      vertex 46.00600091364685 19.379297662556432 0
      vertex 46.00600091364685 19.379297662556432 1.5
    endloop
  endfacet
  facet normal -0.9039892931234471 -0.42755509343027387 7.832193653141637e-18
    outer loop
      vertex 52.32902439721408 17.116883684129988 0
      vertex 52.53881573802873 16.673317161825448 0
      vertex 52.53881573802873 16.673317161825448 1.5
    endloop
  endfacet
  facet normal -0.8577286100002732 -0.5141027441932199 0
    outer loop
      vertex 52.32902439721408 17.116883684129988 0
      vertex 52.32902439721408 17.116883684129988 1.5
      vertex 52.07676613698503 17.537751165098012 0
    endloop
  endfacet
  facet normal -0.8032075314806423 -0.5956993044924368 0
    outer loop
      vertex 52.07676613698503 17.537751165098012 0
      vertex 52.07676613698503 17.537751165098012 1.5
      vertex 51.784470342285985 17.931866420818228 0
    endloop
  endfacet
  facet normal -0.4275550934302827 -0.9039892931234432 0
    outer loop
      vertex 50.27640175960229 19.169506321741775 0
      vertex 50.27640175960229 19.169506321741775 1.5
      vertex 49.83283523729775 19.379297662556432 0
    endloop
  endfacet
  facet normal -0.5141027441932168 -0.8577286100002751 -3.984392289138313e-18
    outer loop
      vertex 50.27640175960229 19.169506321741775 0
      vertex 50.697269240570314 18.917248061512726 0
      vertex 50.697269240570314 18.917248061512726 1.5
    endloop
  endfacet
  facet normal -0.6715589548470197 -0.7409511253549579 0
    outer loop
      vertex 51.45495198140504 18.29543390593274 0
      vertex 51.45495198140504 18.29543390593274 1.5
      vertex 51.09138449629053 18.624952266813686 0
    endloop
  endfacet
  facet normal -0.7409511253549611 -0.671558954847016 -5.7042093596543696e-18
    outer loop
      vertex 51.45495198140504 18.29543390593274 0
      vertex 51.784470342285985 17.931866420818228 0
      vertex 51.784470342285985 17.931866420818228 1.5
    endloop
  endfacet
  facet normal -0.5956993044924321 -0.8032075314806458 0
    outer loop
      vertex 51.09138449629053 18.624952266813686 0
      vertex 51.09138449629053 18.624952266813686 1.5
      vertex 50.697269240570314 18.917248061512726 0
    endloop
  endfacet
  facet normal -0.9415440651830187 0.33688985339222616 0
    outer loop
      vertex 52.53881573802873 12.846482838174552 0
      vertex 52.53881573802873 12.846482838174552 1.5
      vertex 52.704119754133345 13.308476613727688 0
    endloop
  endfacet
  facet normal -0.9700312531945429 0.24298017990326795 0
    outer loop
      vertex 52.704119754133345 13.308476613727688 0
      vertex 52.704119754133345 13.308476613727688 1.5
      vertex 52.823344477488455 13.784448389919358 0
    endloop
  endfacet
  facet normal -0.9891765099647813 0.14673047445535933 0
    outer loop
      vertex 52.823344477488455 13.784448389919358 0
      vertex 52.823344477488455 13.784448389919358 1.5
      vertex 52.895341708833286 14.269814298352197 0
    endloop
  endfacet
  facet normal -0.9987954562051725 0.049067674327417085 0
    outer loop
      vertex 52.895341708833286 14.269814298352197 0
      vertex 52.895341708833286 14.269814298352197 1.5
      vertex 52.9194180754723 14.7599 0
    endloop
  endfacet
  facet normal -0.9987954562051725 -0.049067674327417085 0
    outer loop
      vertex 52.9194180754723 14.7599 0
      vertex 52.9194180754723 14.7599 1.5
      vertex 52.895341708833286 15.249985701647804 0
    endloop
  endfacet
  facet normal -0.9891765099647813 -0.14673047445535933 0
    outer loop
      vertex 52.895341708833286 15.249985701647804 0
      vertex 52.895341708833286 15.249985701647804 1.5
      vertex 52.823344477488455 15.735351610080642 0
    endloop
  endfacet
  facet normal -0.9700312531945429 -0.24298017990326795 0
    outer loop
      vertex 52.823344477488455 15.735351610080642 0
      vertex 52.823344477488455 15.735351610080642 1.5
      vertex 52.704119754133345 16.211323386272312 0
    endloop
  endfacet
  facet normal -0.9415440651830187 -0.33688985339222616 0
    outer loop
      vertex 52.704119754133345 16.211323386272312 0
      vertex 52.704119754133345 16.211323386272312 1.5
      vertex 52.53881573802873 16.673317161825448 0
    endloop
  endfacet
  facet normal 0 0 -1
    outer loop
      vertex 45.562434391342315 10.350293678258225 1.5
      vertex 45.14156691037429 10.602551938487274 1.5
      vertex 45.14156691037429 18.917248061512726 1.5
    endloop
  endfacet
  facet normal 0 0 -1
    outer loop
      vertex 45.562434391342315 10.350293678258225 1.5
      vertex 45.73717082657511 14.325824033514115 1.5
      vertex 45.79022582846814 14.114016593108822 1.5
    endloop
  endfacet
  facet normal 0 0 -1
    outer loop
      vertex 45.562434391342315 10.350293678258225 1.5
      vertex 45.70513205862666 14.541811862766728 1.5
      vertex 45.73717082657511 14.325824033514115 1.5
    endloop
  endfacet
  facet normal 0 0 -1
    outer loop
      vertex 45.562434391342315 10.350293678258225 1.5
      vertex 45.6944180754723 14.7599 1.5
      vertex 45.70513205862666 14.541811862766728 1.5
    endloop
  endfacet
  facet normal 0 0 -1
    outer loop
      vertex 45.562434391342315 10.350293678258225 1.5
      vertex 45.562434391342315 19.169506321741775 1.5
      vertex 45.6944180754723 14.7599 1.5
    endloop
  endfacet
  facet normal 0 0 -1
    outer loop
      vertex 45.14156691037429 10.602551938487274 1.5
      vertex 44.74745165465407 18.624952266813686 1.5
      vertex 45.14156691037429 18.917248061512726 1.5
    endloop
  endfacet
  facet normal 0 0 -1
    outer loop
      vertex 50.27640175960229 10.350293678258225 1.5
      vertex 50.04861032247646 14.114016593108822 1.5
      vertex 50.10166532436949 14.325824033514115 1.5
    endloop
  endfacet
  facet normal 0 0 -1
    outer loop
      vertex 50.27640175960229 10.350293678258225 1.5
      vertex 50.10166532436949 14.325824033514115 1.5
      vertex 50.13370409231794 14.541811862766728 1.5
    endloop
  endfacet
  facet normal 0 0 -1
    outer loop
      vertex 50.27640175960229 10.350293678258225 1.5
      vertex 50.13370409231794 14.541811862766728 1.5
      vertex 50.1444180754723 14.7599 1.5
    endloop
  endfacet
  facet normal 0 0 -1
    outer loop
      vertex 50.27640175960229 10.350293678258225 1.5
      vertex 50.27640175960229 19.169506321741775 1.5
      vertex 50.697269240570314 10.602551938487274 1.5
    endloop
  endfacet
  facet normal 0 0 -1
    outer loop
      vertex 50.697269240570314 10.602551938487274 1.5
      vertex 50.697269240570314 18.917248061512726 1.5
      vertex 51.09138449629053 10.894847733186316 1.5
    endloop
  endfacet
  facet normal 0 0 -1
    outer loop
      vertex 51.09138449629053 10.894847733186316 1.5
      vertex 51.09138449629053 18.624952266813686 1.5
      vertex 51.45495198140504 11.224366094067262 1.5
    endloop
  endfacet
  facet normal 0 0 -1
    outer loop
      vertex 51.45495198140504 11.224366094067262 1.5
      vertex 51.45495198140504 18.29543390593274 1.5
      vertex 51.784470342285985 11.587933579181772 1.5
    endloop
  endfacet
  facet normal 0 0 -1
    outer loop
      vertex 51.784470342285985 11.587933579181772 1.5
      vertex 51.784470342285985 17.931866420818228 1.5
      vertex 52.07676613698503 11.982048834901988 1.5
    endloop
  endfacet
  facet normal 0 0 -1
    outer loop
      vertex 52.07676613698503 11.982048834901988 1.5
      vertex 52.07676613698503 17.537751165098012 1.5
      vertex 52.32902439721408 12.402916315870012 1.5
    endloop
  endfacet
  facet normal 0 0 -1
    outer loop
      vertex 52.32902439721408 12.402916315870012 1.5
      vertex 52.32902439721408 17.116883684129988 1.5
      vertex 52.53881573802873 12.846482838174552 1.5
    endloop
  endfacet
  facet normal 0 0 -1
    outer loop
      vertex 50.27640175960229 10.350293678258225 1.5
      vertex 50.1444180754723 14.7599 1.5
      vertex 50.27640175960229 19.169506321741775 1.5
    endloop
  endfacet
  facet normal 0 0 -1
    outer loop
      vertex 51.45495198140504 11.224366094067262 1.5
      vertex 51.09138449629053 18.624952266813686 1.5
      vertex 51.45495198140504 18.29543390593274 1.5
    endloop
  endfacet
  facet normal 0 0 -1
    outer loop
      vertex 52.32902439721408 12.402916315870012 1.5
      vertex 52.07676613698503 17.537751165098012 1.5
      vertex 52.32902439721408 17.116883684129988 1.5
    endloop
  endfacet
  facet normal 0 0 -1
    outer loop
      vertex 52.53881573802873 12.846482838174552 1.5
      vertex 52.32902439721408 17.116883684129988 1.5
      vertex 52.53881573802873 16.673317161825448 1.5
    endloop
  endfacet
  facet normal 0 0 -1
    outer loop
      vertex 52.07676613698503 11.982048834901988 1.5
      vertex 51.784470342285985 17.931866420818228 1.5
      vertex 52.07676613698503 17.537751165098012 1.5
    endloop
  endfacet
  facet normal 0 0 -1
    outer loop
      vertex 51.784470342285985 11.587933579181772 1.5
      vertex 51.45495198140504 18.29543390593274 1.5
      vertex 51.784470342285985 17.931866420818228 1.5
    endloop
  endfacet
  facet normal 0.5141027441932168 -0.8577286100002751 0
    outer loop
      vertex 45.14156691037429 18.917248061512726 0
      vertex 45.562434391342315 19.169506321741775 1.5
      vertex 45.14156691037429 18.917248061512726 1.5
    endloop
  endfacet
  facet normal 0.4275550934302827 -0.9039892931234432 0
    outer loop
      vertex 45.562434391342315 19.169506321741775 0
      vertex 46.00600091364685 19.379297662556432 1.5
      vertex 45.562434391342315 19.169506321741775 1.5
    endloop
  endfacet
  facet normal -0.9039892931234471 -0.42755509343027387 0
    outer loop
      vertex 52.32902439721408 17.116883684129988 0
      vertex 52.53881573802873 16.673317161825448 1.5
      vertex 52.32902439721408 17.116883684129988 1.5
    endloop
  endfacet
  facet normal -0.8577286100002732 -0.5141027441932199 0
    outer loop
      vertex 52.07676613698503 17.537751165098012 0
      vertex 52.32902439721408 17.116883684129988 1.5
      vertex 52.07676613698503 17.537751165098012 1.5
    endloop
  endfacet
  facet normal -0.4275550934302827 -0.9039892931234432 0
    outer loop
      vertex 49.83283523729775 19.379297662556432 0
      vertex 50.27640175960229 19.169506321741775 1.5
      vertex 49.83283523729775 19.379297662556432 1.5
    endloop
  endfacet
  facet normal -0.5141027441932168 -0.8577286100002751 0
    outer loop
      vertex 50.27640175960229 19.169506321741775 0
      vertex 50.697269240570314 18.917248061512726 1.5
      vertex 50.27640175960229 19.169506321741775 1.5
    endloop
  endfacet
  facet normal -0.6715589548470197 -0.7409511253549579 0
    outer loop
      vertex 51.09138449629053 18.624952266813686 0
      vertex 51.45495198140504 18.29543390593274 1.5
      vertex 51.09138449629053 18.624952266813686 1.5
    endloop
  endfacet
  facet normal -0.8032075314806423 -0.5956993044924368 0
    outer loop
      vertex 51.784470342285985 17.931866420818228 0
      vertex 52.07676613698503 17.537751165098012 1.5
      vertex 51.784470342285985 17.931866420818228 1.5
    endloop
  endfacet
  facet normal -0.7409511253549611 -0.671558954847016 0
    outer loop
      vertex 51.45495198140504 18.29543390593274 0
      vertex 51.784470342285985 17.931866420818228 1.5
      vertex 51.45495198140504 18.29543390593274 1.5
    endloop
  endfacet
  facet normal -0.5956993044924321 -0.8032075314806458 0
    outer loop
      vertex 50.697269240570314 18.917248061512726 0
      vertex 51.09138449629053 18.624952266813686 1.5
      vertex 50.697269240570314 18.917248061512726 1.5
    endloop
  endfacet
  facet normal 0 0 -1
    outer loop
      vertex 45.562434391342315 10.350293678258225 1.5
      vertex 45.14156691037429 18.917248061512726 1.5
      vertex 45.562434391342315 19.169506321741775 1.5
    endloop
  endfacet
  facet normal 0 0 -1
    outer loop
      vertex 45.6944180754723 14.7599 1.5
      vertex 45.562434391342315 19.169506321741775 1.5
      vertex 45.70513205862666 14.977988137233272 1.5
    endloop
  endfacet
  facet normal 0 0 -1
    outer loop
      vertex 45.70513205862666 14.977988137233272 1.5
      vertex 45.562434391342315 19.169506321741775 1.5
      vertex 45.73717082657511 15.193975966485885 1.5
    endloop
  endfacet
  facet normal 0 0 -1
    outer loop
      vertex 45.73717082657511 15.193975966485885 1.5
      vertex 45.562434391342315 19.169506321741775 1.5
      vertex 45.79022582846814 15.405783406891178 1.5
    endloop
  endfacet
  facet normal 0 0 -1
    outer loop
      vertex 45.79022582846814 15.405783406891178 1.5
      vertex 45.562434391342315 19.169506321741775 1.5
      vertex 45.86378611563469 15.611370637012325 1.5
    endloop
  endfacet
  facet normal 0 0 -1
    outer loop
      vertex 45.86378611563469 15.611370637012325 1.5
      vertex 45.562434391342315 19.169506321741775 1.5
      vertex 45.95714326229721 15.808757739437844 1.5
    endloop
  endfacet
  facet normal 0 0 -1
    outer loop
      vertex 45.95714326229721 15.808757739437844 1.5
      vertex 45.562434391342315 19.169506321741775 1.5
      vertex 46.069398188099136 15.996043768468615 1.5
    endloop
  endfacet
  facet normal 0 0 -1
    outer loop
      vertex 46.069398188099136 15.996043768468615 1.5
      vertex 46.00600091364685 19.379297662556432 1.5
      vertex 46.19946981674021 16.171425057264113 1.5
    endloop
  endfacet
  facet normal 0 0 -1
    outer loop
      vertex 46.19946981674021 16.171425057264113 1.5
      vertex 46.00600091364685 19.379297662556432 1.5
      vertex 46.34610548733223 16.333212588140068 1.5
    endloop
  endfacet
  facet normal 0 0 -1
    outer loop
      vertex 46.34610548733223 16.333212588140068 1.5
      vertex 46.00600091364685 19.379297662556432 1.5
      vertex 46.507893018208186 16.47984825873209 1.5
    endloop
  endfacet
  facet normal 0 0 -1
    outer loop
      vertex 46.507893018208186 16.47984825873209 1.5
      vertex 46.46799468919999 19.544601678661046 1.5
      vertex 46.683274307003686 16.609919887373163 1.5
    endloop
  endfacet
  facet normal 0 0 -1
    outer loop
      vertex 46.683274307003686 16.609919887373163 1.5
      vertex 46.46799468919999 19.544601678661046 1.5
      vertex 46.87056033603446 16.72217481317509 1.5
    endloop
  endfacet
  facet normal 0 0 -1
    outer loop
      vertex 46.87056033603446 16.72217481317509 1.5
      vertex 46.46799468919999 19.544601678661046 1.5
      vertex 47.067947438459974 16.815531959837614 1.5
    endloop
  endfacet
  facet normal 0 0 -1
    outer loop
      vertex 46.069398188099136 15.996043768468615 1.5
      vertex 45.562434391342315 19.169506321741775 1.5
      vertex 46.00600091364685 19.379297662556432 1.5
    endloop
  endfacet
  facet normal 0 0 -1
    outer loop
      vertex 46.507893018208186 16.47984825873209 1.5
      vertex 46.00600091364685 19.379297662556432 1.5
      vertex 46.46799468919999 19.544601678661046 1.5
    endloop
  endfacet
  facet normal 0 0 -1
    outer loop
      vertex 47.067947438459974 16.815531959837614 1.5
      vertex 46.46799468919999 19.544601678661046 1.5
      vertex 46.94396646539166 19.663826402016152 1.5
    endloop
  endfacet
  facet normal 0 0 -1
    outer loop
      vertex 47.067947438459974 16.815531959837614 1.5
      vertex 46.94396646539166 19.663826402016152 1.5
      vertex 47.27353466858112 16.889092247004164 1.5
    endloop
  endfacet
  facet normal 0 0 -1
    outer loop
      vertex 47.27353466858112 16.889092247004164 1.5
      vertex 46.94396646539166 19.663826402016152 1.5
      vertex 47.485342108986416 16.942147248897186 1.5
    endloop
  endfacet
  facet normal 0 0 -1
    outer loop
      vertex 47.485342108986416 16.942147248897186 1.5
      vertex 47.4293323738245 19.735823633360987 1.5
      vertex 47.70132993823903 16.97418601684564 1.5
    endloop
  endfacet
  facet normal 0 0 -1
    outer loop
      vertex 47.70132993823903 16.97418601684564 1.5
      vertex 47.9194180754723 19.759900000000002 1.5
      vertex 47.9194180754723 16.9849 1.5
    endloop
  endfacet
  facet normal 0 0 -1
    outer loop
      vertex 47.9194180754723 16.9849 1.5
      vertex 47.9194180754723 19.759900000000002 1.5
      vertex 48.137506212705574 16.97418601684564 1.5
    endloop
  endfacet
  facet normal 0 0 -1
    outer loop
      vertex 48.137506212705574 16.97418601684564 1.5
      vertex 48.4095037771201 19.735823633360987 1.5
      vertex 48.353494041958186 16.942147248897186 1.5
    endloop
  endfacet
  facet normal 0 0 -1
    outer loop
      vertex 48.56530148236348 16.889092247004164 1.5
      vertex 48.353494041958186 16.942147248897186 1.5
      vertex 48.4095037771201 19.735823633360987 1.5
    endloop
  endfacet
  facet normal 0 0 -1
    outer loop
      vertex 48.56530148236348 16.889092247004164 1.5
      vertex 48.89486968555294 19.663826402016152 1.5
      vertex 48.77088871248463 16.815531959837614 1.5
    endloop
  endfacet
  facet normal 0 0 -1
    outer loop
      vertex 47.485342108986416 16.942147248897186 1.5
      vertex 46.94396646539166 19.663826402016152 1.5
      vertex 47.4293323738245 19.735823633360987 1.5
    endloop
  endfacet
  facet normal 0 0 -1
    outer loop
      vertex 47.70132993823903 16.97418601684564 1.5
      vertex 47.4293323738245 19.735823633360987 1.5
      vertex 47.9194180754723 19.759900000000002 1.5
    endloop
  endfacet
  facet normal 0 0 -1
    outer loop
      vertex 48.137506212705574 16.97418601684564 1.5
      vertex 47.9194180754723 19.759900000000002 1.5
      vertex 48.4095037771201 19.735823633360987 1.5
    endloop
  endfacet
  facet normal 0 0 -1
    outer loop
      vertex 48.56530148236348 16.889092247004164 1.5
      vertex 48.4095037771201 19.735823633360987 1.5
      vertex 48.89486968555294 19.663826402016152 1.5
    endloop
  endfacet
  facet normal 0 0 -1
    outer loop
      vertex 50.1444180754723 14.7599 1.5
      vertex 50.13370409231794 14.977988137233272 1.5
      vertex 50.27640175960229 19.169506321741775 1.5
    endloop
  endfacet
  facet normal 0 0 -1
    outer loop
      vertex 50.697269240570314 10.602551938487274 1.5
      vertex 50.27640175960229 19.169506321741775 1.5
      vertex 50.697269240570314 18.917248061512726 1.5
    endloop
  endfacet
  facet normal 0 0 -1
    outer loop
      vertex 50.13370409231794 14.977988137233272 1.5
      vertex 50.10166532436949 15.193975966485885 1.5
      vertex 50.27640175960229 19.169506321741775 1.5
    endloop
  endfacet
  facet normal 0 0 -1
    outer loop
      vertex 50.10166532436949 15.193975966485885 1.5
      vertex 50.04861032247646 15.405783406891178 1.5
      vertex 50.27640175960229 19.169506321741775 1.5
    endloop
  endfacet
  facet normal 0 0 -1
    outer loop
      vertex 50.04861032247646 15.405783406891178 1.5
      vertex 49.97505003530991 15.611370637012325 1.5
      vertex 49.83283523729775 19.379297662556432 1.5
    endloop
  endfacet
  facet normal 0 0 -1
    outer loop
      vertex 48.96827581491014 16.72217481317509 1.5
      vertex 48.77088871248463 16.815531959837614 1.5
      vertex 48.89486968555294 19.663826402016152 1.5
    endloop
  endfacet
  facet normal 0 0 -1
    outer loop
      vertex 48.96827581491014 16.72217481317509 1.5
      vertex 48.89486968555294 19.663826402016152 1.5
      vertex 49.155561843940916 16.609919887373163 1.5
    endloop
  endfacet
  facet normal 0 0 -1
    outer loop
      vertex 49.330943132736415 16.47984825873209 1.5
      vertex 49.37084146174461 19.544601678661046 1.5
      vertex 49.49273066361237 16.333212588140068 1.5
    endloop
  endfacet
  facet normal 0 0 -1
    outer loop
      vertex 49.63936633420439 16.171425057264113 1.5
      vertex 49.49273066361237 16.333212588140068 1.5
      vertex 49.37084146174461 19.544601678661046 1.5
    endloop
  endfacet
  facet normal 0 0 -1
    outer loop
      vertex 49.330943132736415 16.47984825873209 1.5
      vertex 49.155561843940916 16.609919887373163 1.5
      vertex 49.37084146174461 19.544601678661046 1.5
    endloop
  endfacet
  facet normal 0 0 -1
    outer loop
      vertex 49.97505003530991 15.611370637012325 1.5
      vertex 49.88169288864739 15.808757739437844 1.5
      vertex 49.83283523729775 19.379297662556432 1.5
    endloop
  endfacet
  facet normal 0 0 -1
    outer loop
      vertex 49.88169288864739 15.808757739437844 1.5
      vertex 49.769437962845466 15.996043768468615 1.5
      vertex 49.83283523729775 19.379297662556432 1.5
    endloop
  endfacet
  facet normal 0 0 -1
    outer loop
      vertex 49.769437962845466 15.996043768468615 1.5
      vertex 49.63936633420439 16.171425057264113 1.5
      vertex 49.83283523729775 19.379297662556432 1.5
    endloop
  endfacet
  facet normal 0 0 -1
    outer loop
      vertex 51.09138449629053 10.894847733186316 1.5
      vertex 50.697269240570314 18.917248061512726 1.5
      vertex 51.09138449629053 18.624952266813686 1.5
    endloop
  endfacet
  facet normal 0 0 -1
    outer loop
      vertex 49.63936633420439 16.171425057264113 1.5
      vertex 49.37084146174461 19.544601678661046 1.5
      vertex 49.83283523729775 19.379297662556432 1.5
    endloop
  endfacet
  facet normal 0 0 -1
    outer loop
      vertex 50.04861032247646 15.405783406891178 1.5
      vertex 49.83283523729775 19.379297662556432 1.5
      vertex 50.27640175960229 19.169506321741775 1.5
    endloop
  endfacet
  facet normal 0 0 -1
    outer loop
      vertex 49.155561843940916 16.609919887373163 1.5
      vertex 48.89486968555294 19.663826402016152 1.5
      vertex 49.37084146174461 19.544601678661046 1.5
    endloop
  endfacet
  facet normal -0.9415440651830187 0.33688985339222616 0
    outer loop
      vertex 52.704119754133345 13.308476613727688 0
      vertex 52.53881573802873 12.846482838174552 1.5
      vertex 52.704119754133345 13.308476613727688 1.5
    endloop
  endfacet
  facet normal -0.9700312531945429 0.24298017990326795 0
    outer loop
      vertex 52.823344477488455 13.784448389919358 0
      vertex 52.704119754133345 13.308476613727688 1.5
      vertex 52.823344477488455 13.784448389919358 1.5
    endloop
  endfacet
  facet normal -0.9891765099647813 0.14673047445535933 0
    outer loop
      vertex 52.895341708833286 14.269814298352197 0
      vertex 52.823344477488455 13.784448389919358 1.5
      vertex 52.895341708833286 14.269814298352197 1.5
    endloop
  endfacet
  facet normal -0.9987954562051725 0.049067674327417085 0
    outer loop
      vertex 52.9194180754723 14.7599 0
      vertex 52.895341708833286 14.269814298352197 1.5
      vertex 52.9194180754723 14.7599 1.5
    endloop
  endfacet
  facet normal -0.9987954562051725 -0.049067674327417085 0
    outer loop
      vertex 52.895341708833286 15.249985701647804 0
      vertex 52.9194180754723 14.7599 1.5
      vertex 52.895341708833286 15.249985701647804 1.5
    endloop
  endfacet
  facet normal -0.9891765099647813 -0.14673047445535933 0
    outer loop
      vertex 52.823344477488455 15.735351610080642 0
      vertex 52.895341708833286 15.249985701647804 1.5
      vertex 52.823344477488455 15.735351610080642 1.5
    endloop
  endfacet
  facet normal -0.9700312531945429 -0.24298017990326795 0
    outer loop
      vertex 52.704119754133345 16.211323386272312 0
      vertex 52.823344477488455 15.735351610080642 1.5
      vertex 52.704119754133345 16.211323386272312 1.5
    endloop
  endfacet
  facet normal 0 0 -1
    outer loop
      vertex 52.53881573802873 12.846482838174552 1.5
      vertex 52.53881573802873 16.673317161825448 1.5
      vertex 52.704119754133345 13.308476613727688 1.5
    endloop
  endfacet
  facet normal 0 0 -1
    outer loop
      vertex 52.704119754133345 13.308476613727688 1.5
      vertex 52.704119754133345 16.211323386272312 1.5
      vertex 52.823344477488455 13.784448389919358 1.5
    endloop
  endfacet
  facet normal 0 0 -1
    outer loop
      vertex 52.823344477488455 13.784448389919358 1.5
      vertex 52.823344477488455 15.735351610080642 1.5
      vertex 52.895341708833286 14.269814298352197 1.5
    endloop
  endfacet
  facet normal 0 0 -1
    outer loop
      vertex 52.895341708833286 14.269814298352197 1.5
      vertex 52.895341708833286 15.249985701647804 1.5
      vertex 52.9194180754723 14.7599 1.5
    endloop
  endfacet
  facet normal 0 0 -1
    outer loop
      vertex 52.895341708833286 14.269814298352197 1.5
      vertex 52.823344477488455 15.735351610080642 1.5
      vertex 52.895341708833286 15.249985701647804 1.5
    endloop
  endfacet
  facet normal 0 0 -1
    outer loop
      vertex 52.823344477488455 13.784448389919358 1.5
      vertex 52.704119754133345 16.211323386272312 1.5
      vertex 52.823344477488455 15.735351610080642 1.5
    endloop
  endfacet
  facet normal 0 0 -1
    outer loop
      vertex 52.704119754133345 13.308476613727688 1.5
      vertex 52.53881573802873 16.673317161825448 1.5
      vertex 52.704119754133345 16.211323386272312 1.5
    endloop
  endfacet
  facet normal -0.9415440651830187 -0.33688985339222616 0
    outer loop
      vertex 52.53881573802873 16.673317161825448 0
      vertex 52.704119754133345 16.211323386272312 1.5
      vertex 52.53881573802873 16.673317161825448 1.5
    endloop
  endfacet
  facet normal 0.33688985339222377 -0.9415440651830195 2.140313711852446e-18
    outer loop
      vertex 46.00600091364685 19.379297662556432 0
      vertex 46.46799468919999 19.544601678661046 0
      vertex 46.46799468919999 19.544601678661046 1.5
    endloop
  endfacet
  facet normal 0.24298017990326115 -0.9700312531945446 2.1936903126208093e-18
    outer loop
      vertex 46.46799468919999 19.544601678661046 0
      vertex 46.94396646539166 19.663826402016152 0
      vertex 46.94396646539166 19.663826402016152 1.5
    endloop
  endfacet
  facet normal 0.14673047445536588 -0.9891765099647803 -3.707070102444224e-18
    outer loop
      vertex 46.94396646539166 19.663826402016152 0
      vertex 47.4293323738245 19.735823633360987 0
      vertex 47.4293323738245 19.735823633360987 1.5
    endloop
  endfacet
  facet normal 0.04906767432741744 -0.9987954562051725 4.017925615356111e-20
    outer loop
      vertex 47.4293323738245 19.735823633360987 0
      vertex 47.9194180754723 19.759900000000002 0
      vertex 47.9194180754723 19.759900000000002 1.5
    endloop
  endfacet
  facet normal -0.04906767432741744 -0.9987954562051725 0
    outer loop
      vertex 48.4095037771201 19.735823633360987 0
      vertex 48.4095037771201 19.735823633360987 1.5
      vertex 47.9194180754723 19.759900000000002 0
    endloop
  endfacet
  facet normal -0.14673047445536588 -0.9891765099647803 3.707070102444224e-18
    outer loop
      vertex 48.4095037771201 19.735823633360987 0
      vertex 48.89486968555294 19.663826402016152 0
      vertex 48.89486968555294 19.663826402016152 1.5
    endloop
  endfacet
  facet normal -0.24298017990326115 -0.9700312531945446 -2.1936903126208093e-18
    outer loop
      vertex 48.89486968555294 19.663826402016152 0
      vertex 49.37084146174461 19.544601678661046 0
      vertex 49.37084146174461 19.544601678661046 1.5
    endloop
  endfacet
  facet normal -0.33688985339222377 -0.9415440651830195 -2.140313711852446e-18
    outer loop
      vertex 49.37084146174461 19.544601678661046 0
      vertex 49.83283523729775 19.379297662556432 0
      vertex 49.83283523729775 19.379297662556432 1.5
    endloop
  endfacet
  facet normal 0.33688985339222377 -0.9415440651830195 0
    outer loop
      vertex 46.00600091364685 19.379297662556432 0
      vertex 46.46799468919999 19.544601678661046 1.5
      vertex 46.00600091364685 19.379297662556432 1.5
    endloop
  endfacet
  facet normal 0.24298017990326115 -0.9700312531945446 0
    outer loop
      vertex 46.46799468919999 19.544601678661046 0
      vertex 46.94396646539166 19.663826402016152 1.5
      vertex 46.46799468919999 19.544601678661046 1.5
    endloop
  endfacet
  facet normal 0.14673047445536588 -0.9891765099647803 0
    outer loop
      vertex 46.94396646539166 19.663826402016152 0
      vertex 47.4293323738245 19.735823633360987 1.5
      vertex 46.94396646539166 19.663826402016152 1.5
    endloop
  endfacet
  facet normal 0.04906767432741744 -0.9987954562051725 0
    outer loop
      vertex 47.4293323738245 19.735823633360987 0
      vertex 47.9194180754723 19.759900000000002 1.5
      vertex 47.4293323738245 19.735823633360987 1.5
    endloop
  endfacet
  facet normal -0.14673047445536588 -0.9891765099647803 0
    outer loop
      vertex 48.4095037771201 19.735823633360987 0
      vertex 48.89486968555294 19.663826402016152 1.5
      vertex 48.4095037771201 19.735823633360987 1.5
    endloop
  endfacet
  facet normal -0.04906767432741744 -0.9987954562051725 0
    outer loop
      vertex 47.9194180754723 19.759900000000002 0
      vertex 48.4095037771201 19.735823633360987 1.5
      vertex 47.9194180754723 19.759900000000002 1.5
    endloop
  endfacet
  facet normal -0.24298017990326115 -0.9700312531945446 0
    outer loop
      vertex 48.89486968555294 19.663826402016152 0
      vertex 49.37084146174461 19.544601678661046 1.5
      vertex 48.89486968555294 19.663826402016152 1.5
    endloop
  endfacet
  facet normal -0.33688985339222377 -0.9415440651830195 0
    outer loop
      vertex 49.37084146174461 19.544601678661046 0
      vertex 49.83283523729775 19.379297662556432 1.5
      vertex 49.37084146174461 19.544601678661046 1.5
    endloop
  endfacet
  facet normal 0 0 -1
    outer loop
      vertex -3.9634556158183907 -20.505663201008076 4.7
      vertex -3.7683652938022623 -19.524877920604844 4.7
      vertex -3.720772661601971 -20.54166181668049 4.7
    endloop
  endfacet
  facet normal 0 0 -1
    outer loop
      vertex -4.654221652843064 -20.258503160870887 4.7
      vertex -4.864655393327075 -20.132374030756363 4.7
      vertex -4.722934229231887 -18.8870553495294 4.7
    endloop
  endfacet
  facet normal 0 0 -1
    outer loop
      vertex -5.061713021187184 -19.98622613340684 4.7
      vertex -4.911140314376383 -18.489127015881692 4.7
      vertex -4.864655393327075 -20.132374030756363 4.7
    endloop
  endfacet
  facet normal 0 0 -1
    outer loop
      vertex -4.201441503914226 -20.44605083933052 4.7
      vertex -4.432438391690795 -20.363398831278218 4.7
      vertex -4.309085160307474 -19.30090441845382 4.7
    endloop
  endfacet
  facet normal 0 0 -1
    outer loop
      vertex -4.654221652843064 -20.258503160870887 4.7
      vertex -4.536389982557891 -19.114360171779822 4.7
      vertex -4.432438391690795 -20.363398831278218 4.7
    endloop
  endfacet
  facet normal 0 0 -1
    outer loop
      vertex -4.201441503914226 -20.44605083933052 4.7
      vertex -4.049754959325704 -19.43951929876693 4.7
      vertex -3.9634556158183907 -20.505663201008076 4.7
    endloop
  endfacet
  facet normal 0 0 -1
    outer loop
      vertex -4.201441503914226 -20.44605083933052 4.7
      vertex -4.182824916017067 -19.37658189652253 4.7
      vertex -4.049754959325704 -19.43951929876693 4.7
    endloop
  endfacet
  facet normal 0 0 -1
    outer loop
      vertex -3.9634556158183907 -20.505663201008076 4.7
      vertex -4.049754959325704 -19.43951929876693 4.7
      vertex -3.9111568266597634 -19.48911050359831 4.7
    endloop
  endfacet
  facet normal 0 0 -1
    outer loop
      vertex -3.9634556158183907 -20.505663201008076 4.7
      vertex -3.9111568266597634 -19.48911050359831 4.7
      vertex -3.7683652938022623 -19.524877920604844 4.7
    endloop
  endfacet
  facet normal 0 0 -1
    outer loop
      vertex -4.432438391690795 -20.363398831278218 4.7
      vertex -4.536389982557891 -19.114360171779822 4.7
      vertex -4.427319737023538 -19.213215680044105 4.7
    endloop
  endfacet
  facet normal 0 0 -1
    outer loop
      vertex -4.201441503914226 -20.44605083933052 4.7
      vertex -4.309085160307474 -19.30090441845382 4.7
      vertex -4.182824916017067 -19.37658189652253 4.7
    endloop
  endfacet
  facet normal 0 0 -1
    outer loop
      vertex -4.432438391690795 -20.363398831278218 4.7
      vertex -4.427319737023538 -19.213215680044105 4.7
      vertex -4.309085160307474 -19.30090441845382 4.7
    endloop
  endfacet
  facet normal 0 0 -1
    outer loop
      vertex -4.654221652843064 -20.258503160870887 4.7
      vertex -4.635245490822175 -19.005289926245467 4.7
      vertex -4.536389982557891 -19.114360171779822 4.7
    endloop
  endfacet
  facet normal 0 0 -1
    outer loop
      vertex -4.654221652843064 -20.258503160870887 4.7
      vertex -4.722934229231887 -18.8870553495294 4.7
      vertex -4.635245490822175 -19.005289926245467 4.7
    endloop
  endfacet
  facet normal 0 0 -1
    outer loop
      vertex -3.720772661601971 -20.54166181668049 4.7
      vertex -3.47572981077807 -19.5537 4.7
      vertex -3.47572981077807 -20.5537 4.7
    endloop
  endfacet
  facet normal 0 0 -1
    outer loop
      vertex -3.47572981077807 -20.5537 4.7
      vertex -3.47572981077807 -19.5537 4.7
      vertex -3.2306869599541685 -20.54166181668049 4.7
    endloop
  endfacet
  facet normal 0 0 -1
    outer loop
      vertex -3.2306869599541685 -20.54166181668049 4.7
      vertex -3.1830943277538775 -19.524877920604844 4.7
      vertex -2.988004005737749 -20.505663201008076 4.7
    endloop
  endfacet
  facet normal 0 0 -1
    outer loop
      vertex -3.720772661601971 -20.54166181668049 4.7
      vertex -3.7683652938022623 -19.524877920604844 4.7
      vertex -3.6227555212724107 -19.546477090008295 4.7
    endloop
  endfacet
  facet normal 0 0 -1
    outer loop
      vertex -3.720772661601971 -20.54166181668049 4.7
      vertex -3.6227555212724107 -19.546477090008295 4.7
      vertex -3.47572981077807 -19.5537 4.7
    endloop
  endfacet
  facet normal 0 0 -1
    outer loop
      vertex -3.2306869599541685 -20.54166181668049 4.7
      vertex -3.47572981077807 -19.5537 4.7
      vertex -3.328704100283729 -19.546477090008295 4.7
    endloop
  endfacet
  facet normal 0 0 -1
    outer loop
      vertex -2.988004005737749 -20.505663201008076 4.7
      vertex -3.0403027948963763 -19.48911050359831 4.7
      vertex -2.750018117641914 -20.44605083933052 4.7
    endloop
  endfacet
  facet normal 0 0 -1
    outer loop
      vertex -3.2306869599541685 -20.54166181668049 4.7
      vertex -3.328704100283729 -19.546477090008295 4.7
      vertex -3.1830943277538775 -19.524877920604844 4.7
    endloop
  endfacet
  facet normal 0 0 -1
    outer loop
      vertex -2.988004005737749 -20.505663201008076 4.7
      vertex -3.1830943277538775 -19.524877920604844 4.7
      vertex -3.0403027948963763 -19.48911050359831 4.7
    endloop
  endfacet
  facet normal 0 0 -1
    outer loop
      vertex -2.750018117641914 -20.44605083933052 4.7
      vertex -3.0403027948963763 -19.48911050359831 4.7
      vertex -2.9017046622304354 -19.43951929876693 4.7
    endloop
  endfacet
  facet normal 0 0 -1
    outer loop
      vertex -2.750018117641914 -20.44605083933052 4.7
      vertex -2.7686347055390734 -19.37658189652253 4.7
      vertex -2.5190212298653454 -20.363398831278218 4.7
    endloop
  endfacet
  facet normal 0 0 -1
    outer loop
      vertex -2.750018117641914 -20.44605083933052 4.7
      vertex -2.9017046622304354 -19.43951929876693 4.7
      vertex -2.7686347055390734 -19.37658189652253 4.7
    endloop
  endfacet
  facet normal 0 0 -1
    outer loop
      vertex -2.5190212298653454 -20.363398831278218 4.7
      vertex -2.5241398845326017 -19.213215680044105 4.7
      vertex -2.297237968713076 -20.258503160870887 4.7
    endloop
  endfacet
  facet normal 0 0 -1
    outer loop
      vertex -2.297237968713076 -20.258503160870887 4.7
      vertex -2.3162141307339645 -19.005289926245467 4.7
      vertex -2.0868042282290644 -20.132374030756363 4.7
    endloop
  endfacet
  facet normal 0 0 -1
    outer loop
      vertex -2.5190212298653454 -20.363398831278218 4.7
      vertex -2.7686347055390734 -19.37658189652253 4.7
      vertex -2.6423744612486666 -19.30090441845382 4.7
    endloop
  endfacet
  facet normal 0 0 -1
    outer loop
      vertex -2.5190212298653454 -20.363398831278218 4.7
      vertex -2.6423744612486666 -19.30090441845382 4.7
      vertex -2.5241398845326017 -19.213215680044105 4.7
    endloop
  endfacet
  facet normal 0 0 -1
    outer loop
      vertex -2.297237968713076 -20.258503160870887 4.7
      vertex -2.5241398845326017 -19.213215680044105 4.7
      vertex -2.4150696389982484 -19.114360171779822 4.7
    endloop
  endfacet
  facet normal 0 0 -1
    outer loop
      vertex -2.297237968713076 -20.258503160870887 4.7
      vertex -2.4150696389982484 -19.114360171779822 4.7
      vertex -2.3162141307339645 -19.005289926245467 4.7
    endloop
  endfacet
  facet normal 0 0 -1
    outer loop
      vertex -2.0868042282290644 -20.132374030756363 4.7
      vertex -2.004551890173224 -18.34633548302419 4.7
      vertex -1.889746600368956 -19.98622613340684 4.7
    endloop
  endfacet
  facet normal -0.5141027441932216 -0.8577286100002722 -3.222966456463491e-18
    outer loop
      vertex -4.654221652843064 -20.258503160870887 4.7
      vertex -4.864655393327075 -20.132374030756363 6.21
      vertex -4.864655393327075 -20.132374030756363 4.7
    endloop
  endfacet
  facet normal -0.3368898533922121 -0.9415440651830237 -3.875190051167341e-18
    outer loop
      vertex -4.201441503914226 -20.44605083933052 4.7
      vertex -4.432438391690795 -20.363398831278218 6.21
      vertex -4.432438391690795 -20.363398831278218 4.7
    endloop
  endfacet
  facet normal -0.42755509343028714 -0.9039892931234409 0
    outer loop
      vertex -4.654221652843064 -20.258503160870887 4.7
      vertex -4.432438391690795 -20.363398831278218 4.7
      vertex -4.654221652843064 -20.258503160870887 6.21
    endloop
  endfacet
  facet normal -0.24298017990326798 -0.970031253194543 0
    outer loop
      vertex -4.201441503914226 -20.44605083933052 4.7
      vertex -3.9634556158183907 -20.505663201008076 4.7
      vertex -4.201441503914226 -20.44605083933052 6.21
    endloop
  endfacet
  facet normal -0.14673047445535906 -0.9891765099647813 0
    outer loop
      vertex -3.9634556158183907 -20.505663201008076 4.7
      vertex -3.720772661601971 -20.54166181668049 4.7
      vertex -3.9634556158183907 -20.505663201008076 6.21
    endloop
  endfacet
  facet normal -0.740951125354958 -0.6715589548470197 5.073597985405948e-19
    outer loop
      vertex -5.408255944184912 -19.639683210409114 4.7
      vertex -5.243496763744439 -19.821466952966368 4.7
      vertex -5.243496763744439 -19.821466952966368 6.21
    endloop
  endfacet
  facet normal -0.5956993044924351 -0.8032075314806436 0
    outer loop
      vertex -5.061713021187184 -19.98622613340684 4.7
      vertex -4.864655393327075 -20.132374030756363 4.7
      vertex -5.061713021187184 -19.98622613340684 6.21
    endloop
  endfacet
  facet normal -0.6715589548470178 -0.7409511253549595 0
    outer loop
      vertex -5.061713021187184 -19.98622613340684 4.7
      vertex -5.061713021187184 -19.98622613340684 6.21
      vertex -5.243496763744439 -19.821466952966368 4.7
    endloop
  endfacet
  facet normal -0.803207531480644 -0.5956993044924345 0
    outer loop
      vertex -5.408255944184912 -19.639683210409114 4.7
      vertex -5.408255944184912 -19.639683210409114 6.21
      vertex -5.554403841534433 -19.442625582549006 4.7
    endloop
  endfacet
  facet normal -0.8577286100002735 -0.5141027441932193 0
    outer loop
      vertex -5.554403841534433 -19.442625582549006 4.7
      vertex -5.554403841534433 -19.442625582549006 6.21
      vertex -5.680532971648958 -19.232191842064992 4.7
    endloop
  endfacet
  facet normal -0.04906767432741717 -0.9987954562051724 1.9355958377443706e-21
    outer loop
      vertex -3.720772661601971 -20.54166181668049 4.7
      vertex -3.47572981077807 -20.5537 4.7
      vertex -3.47572981077807 -20.5537 6.21
    endloop
  endfacet
  facet normal 0.04906767432741717 -0.9987954562051724 -1.9355958377443706e-21
    outer loop
      vertex -3.47572981077807 -20.5537 4.7
      vertex -3.2306869599541685 -20.54166181668049 4.7
      vertex -3.2306869599541685 -20.54166181668049 6.21
    endloop
  endfacet
  facet normal 0.14673047445535906 -0.9891765099647813 -5.441340781006032e-19
    outer loop
      vertex -3.2306869599541685 -20.54166181668049 4.7
      vertex -2.988004005737749 -20.505663201008076 4.7
      vertex -2.988004005737749 -20.505663201008076 6.21
    endloop
  endfacet
  facet normal 0.24298017990326798 -0.970031253194543 -3.2667635972015816e-19
    outer loop
      vertex -2.988004005737749 -20.505663201008076 4.7
      vertex -2.750018117641914 -20.44605083933052 4.7
      vertex -2.750018117641914 -20.44605083933052 6.21
    endloop
  endfacet
  facet normal 0.33688985339221267 -0.9415440651830234 -1.551550545485136e-18
    outer loop
      vertex -2.750018117641914 -20.44605083933052 4.7
      vertex -2.5190212298653454 -20.363398831278218 4.7
      vertex -2.5190212298653454 -20.363398831278218 6.21
    endloop
  endfacet
  facet normal 0.42755509343028647 -0.9039892931234413 2.472693180136634e-18
    outer loop
      vertex -2.5190212298653454 -20.363398831278218 4.7
      vertex -2.297237968713076 -20.258503160870887 4.7
      vertex -2.297237968713076 -20.258503160870887 6.21
    endloop
  endfacet
  facet normal 0.5141027441932208 -0.8577286100002727 4.576508610706803e-18
    outer loop
      vertex -2.297237968713076 -20.258503160870887 4.7
      vertex -2.0868042282290644 -20.132374030756363 4.7
      vertex -2.0868042282290644 -20.132374030756363 6.21
    endloop
  endfacet
  facet normal 0.5956993044924359 -0.8032075314806429 -4.349454612834576e-18
    outer loop
      vertex -2.0868042282290644 -20.132374030756363 4.7
      vertex -1.889746600368956 -19.98622613340684 4.7
      vertex -1.889746600368956 -19.98622613340684 6.21
    endloop
  endfacet
  facet normal 0.6715589548470178 -0.7409511253549595 1.162928385412084e-18
    outer loop
      vertex -1.889746600368956 -19.98622613340684 4.7
      vertex -1.707962857811701 -19.821466952966368 4.7
      vertex -1.707962857811701 -19.821466952966368 6.21
    endloop
  endfacet
  facet normal 0.7409511253549576 -0.6715589548470202 -3.933535096559263e-18
    outer loop
      vertex -1.707962857811701 -19.821466952966368 4.7
      vertex -1.5432036773712274 -19.639683210409114 4.7
      vertex -1.5432036773712274 -19.639683210409114 6.21
    endloop
  endfacet
  facet normal 0.8032075314806445 -0.5956993044924339 0
    outer loop
      vertex -1.5432036773712274 -19.639683210409114 4.7
      vertex -1.3970557800217067 -19.442625582549006 4.7
      vertex -1.5432036773712274 -19.639683210409114 6.21
    endloop
  endfacet
  facet normal 0.8577286100002742 -0.514102744193218 0
    outer loop
      vertex -1.3970557800217067 -19.442625582549006 4.7
      vertex -1.270926649907182 -19.232191842064992 4.7
      vertex -1.3970557800217067 -19.442625582549006 6.21
    endloop
  endfacet
  facet normal -0.5141027441932216 -0.8577286100002722 0
    outer loop
      vertex -4.654221652843064 -20.258503160870887 4.7
      vertex -4.654221652843064 -20.258503160870887 6.21
      vertex -4.864655393327075 -20.132374030756363 6.21
    endloop
  endfacet
  facet normal -0.3368898533922121 -0.9415440651830237 0
    outer loop
      vertex -4.201441503914226 -20.44605083933052 4.7
      vertex -4.201441503914226 -20.44605083933052 6.21
      vertex -4.432438391690795 -20.363398831278218 6.21
    endloop
  endfacet
  facet normal -0.42755509343028714 -0.9039892931234409 0
    outer loop
      vertex -4.432438391690795 -20.363398831278218 4.7
      vertex -4.432438391690795 -20.363398831278218 6.21
      vertex -4.654221652843064 -20.258503160870887 6.21
    endloop
  endfacet
  facet normal -0.24298017990326798 -0.970031253194543 0
    outer loop
      vertex -3.9634556158183907 -20.505663201008076 4.7
      vertex -3.9634556158183907 -20.505663201008076 6.21
      vertex -4.201441503914226 -20.44605083933052 6.21
    endloop
  endfacet
  facet normal -0.14673047445535906 -0.9891765099647813 0
    outer loop
      vertex -3.720772661601971 -20.54166181668049 4.7
      vertex -3.720772661601971 -20.54166181668049 6.21
      vertex -3.9634556158183907 -20.505663201008076 6.21
    endloop
  endfacet
  facet normal -0.6715589548470178 -0.7409511253549595 0
    outer loop
      vertex -5.243496763744439 -19.821466952966368 4.7
      vertex -5.061713021187184 -19.98622613340684 6.21
      vertex -5.243496763744439 -19.821466952966368 6.21
    endloop
  endfacet
  facet normal -0.5956993044924351 -0.8032075314806436 0
    outer loop
      vertex -4.864655393327075 -20.132374030756363 4.7
      vertex -4.864655393327075 -20.132374030756363 6.21
      vertex -5.061713021187184 -19.98622613340684 6.21
    endloop
  endfacet
  facet normal -0.740951125354958 -0.6715589548470197 0
    outer loop
      vertex -5.408255944184912 -19.639683210409114 4.7
      vertex -5.243496763744439 -19.821466952966368 6.21
      vertex -5.408255944184912 -19.639683210409114 6.21
    endloop
  endfacet
  facet normal -0.803207531480644 -0.5956993044924345 0
    outer loop
      vertex -5.554403841534433 -19.442625582549006 4.7
      vertex -5.408255944184912 -19.639683210409114 6.21
      vertex -5.554403841534433 -19.442625582549006 6.21
    endloop
  endfacet
  facet normal -0.04906767432741717 -0.9987954562051724 0
    outer loop
      vertex -3.720772661601971 -20.54166181668049 4.7
      vertex -3.47572981077807 -20.5537 6.21
      vertex -3.720772661601971 -20.54166181668049 6.21
    endloop
  endfacet
  facet normal 0.04906767432741717 -0.9987954562051724 0
    outer loop
      vertex -3.47572981077807 -20.5537 4.7
      vertex -3.2306869599541685 -20.54166181668049 6.21
      vertex -3.47572981077807 -20.5537 6.21
    endloop
  endfacet
  facet normal 0.14673047445535906 -0.9891765099647813 0
    outer loop
      vertex -3.2306869599541685 -20.54166181668049 4.7
      vertex -2.988004005737749 -20.505663201008076 6.21
      vertex -3.2306869599541685 -20.54166181668049 6.21
    endloop
  endfacet
  facet normal 0.24298017990326798 -0.970031253194543 0
    outer loop
      vertex -2.988004005737749 -20.505663201008076 4.7
      vertex -2.750018117641914 -20.44605083933052 6.21
      vertex -2.988004005737749 -20.505663201008076 6.21
    endloop
  endfacet
  facet normal 0.33688985339221267 -0.9415440651830234 0
    outer loop
      vertex -2.750018117641914 -20.44605083933052 4.7
      vertex -2.5190212298653454 -20.363398831278218 6.21
      vertex -2.750018117641914 -20.44605083933052 6.21
    endloop
  endfacet
  facet normal 0.42755509343028647 -0.9039892931234413 0
    outer loop
      vertex -2.5190212298653454 -20.363398831278218 4.7
      vertex -2.297237968713076 -20.258503160870887 6.21
      vertex -2.5190212298653454 -20.363398831278218 6.21
    endloop
  endfacet
  facet normal 0.5141027441932208 -0.8577286100002727 0
    outer loop
      vertex -2.297237968713076 -20.258503160870887 4.7
      vertex -2.0868042282290644 -20.132374030756363 6.21
      vertex -2.297237968713076 -20.258503160870887 6.21
    endloop
  endfacet
  facet normal 0.5956993044924359 -0.8032075314806429 0
    outer loop
      vertex -2.0868042282290644 -20.132374030756363 4.7
      vertex -1.889746600368956 -19.98622613340684 6.21
      vertex -2.0868042282290644 -20.132374030756363 6.21
    endloop
  endfacet
  facet normal 0.6715589548470178 -0.7409511253549595 0
    outer loop
      vertex -1.889746600368956 -19.98622613340684 4.7
      vertex -1.707962857811701 -19.821466952966368 6.21
      vertex -1.889746600368956 -19.98622613340684 6.21
    endloop
  endfacet
  facet normal 0.7409511253549576 -0.6715589548470202 0
    outer loop
      vertex -1.707962857811701 -19.821466952966368 4.7
      vertex -1.5432036773712274 -19.639683210409114 6.21
      vertex -1.707962857811701 -19.821466952966368 6.21
    endloop
  endfacet
  facet normal 0.8032075314806445 -0.5956993044924339 0
    outer loop
      vertex -1.3970557800217067 -19.442625582549006 4.7
      vertex -1.3970557800217067 -19.442625582549006 6.21
      vertex -1.5432036773712274 -19.639683210409114 6.21
    endloop
  endfacet
  facet normal 0 0 -1
    outer loop
      vertex -5.680532971648958 -19.232191842064992 4.7
      vertex -5.785428642056287 -19.010408580912724 4.7
      vertex -5.680532971648958 -16.875208157935006 4.7
    endloop
  endfacet
  facet normal 0 0 -1
    outer loop
      vertex -5.868080650108592 -18.779411693136154 4.7
      vertex -5.927693011786146 -18.54142580504032 4.7
      vertex -5.868080650108592 -17.327988306863844 4.7
    endloop
  endfacet
  facet normal 0 0 -1
    outer loop
      vertex -5.785428642056287 -19.010408580912724 4.7
      vertex -5.868080650108592 -18.779411693136154 4.7
      vertex -5.785428642056287 -17.096991419087274 4.7
    endloop
  endfacet
  facet normal 0 0 -1
    outer loop
      vertex -5.927693011786146 -18.54142580504032 4.7
      vertex -5.963691627458562 -18.2987428508239 4.7
      vertex -5.927693011786146 -17.56597419495968 4.7
    endloop
  endfacet
  facet normal 0 0 -1
    outer loop
      vertex -5.963691627458562 -18.2987428508239 4.7
      vertex -5.97572981077807 -18.0537 4.7
      vertex -5.963691627458562 -17.8086571491761 4.7
    endloop
  endfacet
  facet normal 0 0 -1
    outer loop
      vertex -5.963691627458562 -18.2987428508239 4.7
      vertex -5.963691627458562 -17.8086571491761 4.7
      vertex -5.927693011786146 -17.56597419495968 4.7
    endloop
  endfacet
  facet normal 0 0 -1
    outer loop
      vertex -5.927693011786146 -18.54142580504032 4.7
      vertex -5.927693011786146 -17.56597419495968 4.7
      vertex -5.868080650108592 -17.327988306863844 4.7
    endloop
  endfacet
  facet normal 0 0 -1
    outer loop
      vertex -4.864655393327075 -20.132374030756363 4.7
      vertex -4.798611707300602 -18.760795105238994 4.7
      vertex -4.722934229231887 -18.8870553495294 4.7
    endloop
  endfacet
  facet normal 0 0 -1
    outer loop
      vertex -4.864655393327075 -20.132374030756363 4.7
      vertex -4.861549109545 -18.627725148547633 4.7
      vertex -4.798611707300602 -18.760795105238994 4.7
    endloop
  endfacet
  facet normal 0 0 -1
    outer loop
      vertex -4.864655393327075 -20.132374030756363 4.7
      vertex -4.911140314376383 -18.489127015881692 4.7
      vertex -4.861549109545 -18.627725148547633 4.7
    endloop
  endfacet
  facet normal 0 0 -1
    outer loop
      vertex -5.408255944184912 -19.639683210409114 4.7
      vertex -5.243496763744439 -16.28593304703363 4.7
      vertex -5.243496763744439 -19.821466952966368 4.7
    endloop
  endfacet
  facet normal 0 0 -1
    outer loop
      vertex -5.061713021187184 -19.98622613340684 4.7
      vertex -4.9469077313829155 -18.34633548302419 4.7
      vertex -4.911140314376383 -18.489127015881692 4.7
    endloop
  endfacet
  facet normal 0 0 -1
    outer loop
      vertex -5.061713021187184 -19.98622613340684 4.7
      vertex -4.968506900786365 -18.20072571049434 4.7
      vertex -4.9469077313829155 -18.34633548302419 4.7
    endloop
  endfacet
  facet normal 0 0 -1
    outer loop
      vertex -5.061713021187184 -19.98622613340684 4.7
      vertex -4.97572981077807 -18.0537 4.7
      vertex -4.968506900786365 -18.20072571049434 4.7
    endloop
  endfacet
  facet normal 0 0 -1
    outer loop
      vertex -5.061713021187184 -19.98622613340684 4.7
      vertex -5.243496763744439 -19.821466952966368 4.7
      vertex -5.061713021187184 -16.121173866593157 4.7
    endloop
  endfacet
  facet normal 0 0 -1
    outer loop
      vertex -5.554403841534433 -19.442625582549006 4.7
      vertex -5.680532971648958 -19.232191842064992 4.7
      vertex -5.554403841534433 -16.664774417450992 4.7
    endloop
  endfacet
  facet normal 0 0 -1
    outer loop
      vertex -5.408255944184912 -19.639683210409114 4.7
      vertex -5.554403841534433 -19.442625582549006 4.7
      vertex -5.408255944184912 -16.467716789590884 4.7
    endloop
  endfacet
  facet normal 0 0 -1
    outer loop
      vertex -5.061713021187184 -19.98622613340684 4.7
      vertex -5.061713021187184 -16.121173866593157 4.7
      vertex -4.97572981077807 -18.0537 4.7
    endloop
  endfacet
  facet normal 0 0 -1
    outer loop
      vertex -5.868080650108592 -18.779411693136154 4.7
      vertex -5.868080650108592 -17.327988306863844 4.7
      vertex -5.785428642056287 -17.096991419087274 4.7
    endloop
  endfacet
  facet normal 0 0 -1
    outer loop
      vertex -5.785428642056287 -19.010408580912724 4.7
      vertex -5.785428642056287 -17.096991419087274 4.7
      vertex -5.680532971648958 -16.875208157935006 4.7
    endloop
  endfacet
  facet normal 0 0 -1
    outer loop
      vertex -5.680532971648958 -19.232191842064992 4.7
      vertex -5.680532971648958 -16.875208157935006 4.7
      vertex -5.554403841534433 -16.664774417450992 4.7
    endloop
  endfacet
  facet normal 0 0 -1
    outer loop
      vertex -5.554403841534433 -19.442625582549006 4.7
      vertex -5.554403841534433 -16.664774417450992 4.7
      vertex -5.408255944184912 -16.467716789590884 4.7
    endloop
  endfacet
  facet normal 0 0 -1
    outer loop
      vertex -5.408255944184912 -19.639683210409114 4.7
      vertex -5.408255944184912 -16.467716789590884 4.7
      vertex -5.243496763744439 -16.28593304703363 4.7
    endloop
  endfacet
  facet normal 0 0 -1
    outer loop
      vertex -5.243496763744439 -19.821466952966368 4.7
      vertex -5.243496763744439 -16.28593304703363 4.7
      vertex -5.061713021187184 -16.121173866593157 4.7
    endloop
  endfacet
  facet normal 0 0 -1
    outer loop
      vertex -4.97572981077807 -18.0537 4.7
      vertex -5.061713021187184 -16.121173866593157 4.7
      vertex -4.968506900786365 -17.90667428950566 4.7
    endloop
  endfacet
  facet normal 0 0 -1
    outer loop
      vertex -4.968506900786365 -17.90667428950566 4.7
      vertex -5.061713021187184 -16.121173866593157 4.7
      vertex -4.9469077313829155 -17.761064516975807 4.7
    endloop
  endfacet
  facet normal 0 0 -1
    outer loop
      vertex -4.9469077313829155 -17.761064516975807 4.7
      vertex -4.864655393327075 -15.975025969243635 4.7
      vertex -4.911140314376383 -17.618272984118306 4.7
    endloop
  endfacet
  facet normal 0 0 -1
    outer loop
      vertex -4.911140314376383 -17.618272984118306 4.7
      vertex -4.864655393327075 -15.975025969243635 4.7
      vertex -4.861549109545 -17.479674851452366 4.7
    endloop
  endfacet
  facet normal 0 0 -1
    outer loop
      vertex -4.861549109545 -17.479674851452366 4.7
      vertex -4.864655393327075 -15.975025969243635 4.7
      vertex -4.798611707300602 -17.346604894761004 4.7
    endloop
  endfacet
  facet normal 0 0 -1
    outer loop
      vertex -4.798611707300602 -17.346604894761004 4.7
      vertex -4.864655393327075 -15.975025969243635 4.7
      vertex -4.722934229231887 -17.220344650470597 4.7
    endloop
  endfacet
  facet normal 0 0 -1
    outer loop
      vertex -4.722934229231887 -17.220344650470597 4.7
      vertex -4.864655393327075 -15.975025969243635 4.7
      vertex -4.635245490822175 -17.10211007375453 4.7
    endloop
  endfacet
  facet normal 0 0 -1
    outer loop
      vertex -4.9469077313829155 -17.761064516975807 4.7
      vertex -5.061713021187184 -16.121173866593157 4.7
      vertex -4.864655393327075 -15.975025969243635 4.7
    endloop
  endfacet
  facet normal 0 0 -1
    outer loop
      vertex -4.635245490822175 -17.10211007375453 4.7
      vertex -4.864655393327075 -15.975025969243635 4.7
      vertex -4.654221652843064 -15.848896839129111 4.7
    endloop
  endfacet
  facet normal 0 0 -1
    outer loop
      vertex -4.635245490822175 -17.10211007375453 4.7
      vertex -4.654221652843064 -15.848896839129111 4.7
      vertex -4.536389982557891 -16.993039828220176 4.7
    endloop
  endfacet
  facet normal 0 0 -1
    outer loop
      vertex -4.536389982557891 -16.993039828220176 4.7
      vertex -4.654221652843064 -15.848896839129111 4.7
      vertex -4.427319737023538 -16.894184319955894 4.7
    endloop
  endfacet
  facet normal 0 0 -1
    outer loop
      vertex -4.427319737023538 -16.894184319955894 4.7
      vertex -4.432438391690795 -15.744001168721782 4.7
      vertex -4.309085160307474 -16.80649558154618 4.7
    endloop
  endfacet
  facet normal 0 0 -1
    outer loop
      vertex -4.309085160307474 -16.80649558154618 4.7
      vertex -4.432438391690795 -15.744001168721782 4.7
      vertex -4.182824916017067 -16.730818103477468 4.7
    endloop
  endfacet
  facet normal 0 0 -1
    outer loop
      vertex -4.427319737023538 -16.894184319955894 4.7
      vertex -4.654221652843064 -15.848896839129111 4.7
      vertex -4.432438391690795 -15.744001168721782 4.7
    endloop
  endfacet
  facet normal 0 0 -1
    outer loop
      vertex -4.182824916017067 -16.730818103477468 4.7
      vertex -4.201441503914226 -15.661349160669477 4.7
      vertex -4.049754959325704 -16.66788070123307 4.7
    endloop
  endfacet
  facet normal 0 0 -1
    outer loop
      vertex -4.049754959325704 -16.66788070123307 4.7
      vertex -4.201441503914226 -15.661349160669477 4.7
      vertex -3.9111568266597634 -16.618289496401687 4.7
    endloop
  endfacet
  facet normal 0 0 -1
    outer loop
      vertex -3.9111568266597634 -16.618289496401687 4.7
      vertex -3.9634556158183907 -15.601736798991922 4.7
      vertex -3.7683652938022623 -16.582522079395154 4.7
    endloop
  endfacet
  facet normal 0 0 -1
    outer loop
      vertex -2.0868042282290644 -20.132374030756363 4.7
      vertex -2.3162141307339645 -19.005289926245467 4.7
      vertex -2.228525392324252 -18.8870553495294 4.7
    endloop
  endfacet
  facet normal 0 0 -1
    outer loop
      vertex -2.0868042282290644 -20.132374030756363 4.7
      vertex -2.228525392324252 -18.8870553495294 4.7
      vertex -2.1528479142555375 -18.760795105238994 4.7
    endloop
  endfacet
  facet normal 0 0 -1
    outer loop
      vertex -2.0868042282290644 -20.132374030756363 4.7
      vertex -2.1528479142555375 -18.760795105238994 4.7
      vertex -2.08991051201114 -18.627725148547633 4.7
    endloop
  endfacet
  facet normal 0 0 -1
    outer loop
      vertex -2.0868042282290644 -20.132374030756363 4.7
      vertex -2.08991051201114 -18.627725148547633 4.7
      vertex -2.0403193071797565 -18.489127015881692 4.7
    endloop
  endfacet
  facet normal 0 0 -1
    outer loop
      vertex -2.0868042282290644 -20.132374030756363 4.7
      vertex -2.0403193071797565 -18.489127015881692 4.7
      vertex -2.004551890173224 -18.34633548302419 4.7
    endloop
  endfacet
  facet normal 0 0 -1
    outer loop
      vertex -2.004551890173224 -18.34633548302419 4.7
      vertex -1.9829527207697746 -18.20072571049434 4.7
      vertex -1.889746600368956 -19.98622613340684 4.7
    endloop
  endfacet
  facet normal 0 0 -1
    outer loop
      vertex -1.889746600368956 -19.98622613340684 4.7
      vertex -1.9829527207697746 -18.20072571049434 4.7
      vertex -1.9757298107780699 -18.0537 4.7
    endloop
  endfacet
  facet normal 0 0 -1
    outer loop
      vertex -1.889746600368956 -19.98622613340684 4.7
      vertex -1.9757298107780699 -18.0537 4.7
      vertex -1.889746600368956 -16.121173866593157 4.7
    endloop
  endfacet
  facet normal 0 0 -1
    outer loop
      vertex -1.889746600368956 -19.98622613340684 4.7
      vertex -1.707962857811701 -16.28593304703363 4.7
      vertex -1.707962857811701 -19.821466952966368 4.7
    endloop
  endfacet
  facet normal 0 0 -1
    outer loop
      vertex -1.707962857811701 -19.821466952966368 4.7
      vertex -1.5432036773712274 -16.467716789590884 4.7
      vertex -1.5432036773712274 -19.639683210409114 4.7
    endloop
  endfacet
  facet normal 0 0 -1
    outer loop
      vertex -1.5432036773712274 -19.639683210409114 4.7
      vertex -1.3970557800217067 -16.664774417450992 4.7
      vertex -1.3970557800217067 -19.442625582549006 4.7
    endloop
  endfacet
  facet normal 0 0 -1
    outer loop
      vertex -1.3970557800217067 -19.442625582549006 4.7
      vertex -1.270926649907182 -16.875208157935006 4.7
      vertex -1.270926649907182 -19.232191842064992 4.7
    endloop
  endfacet
  facet normal 0 0 -1
    outer loop
      vertex -1.270926649907182 -19.232191842064992 4.7
      vertex -1.166030979499853 -17.096991419087274 4.7
      vertex -1.166030979499853 -19.010408580912724 4.7
    endloop
  endfacet
  facet normal 0 0 -1
    outer loop
      vertex -1.166030979499853 -19.010408580912724 4.7
      vertex -1.083378971447548 -17.327988306863844 4.7
      vertex -1.083378971447548 -18.779411693136154 4.7
    endloop
  endfacet
  facet normal 0 0 -1
    outer loop
      vertex -1.083378971447548 -18.779411693136154 4.7
      vertex -1.0237666097699938 -17.56597419495968 4.7
      vertex -1.0237666097699938 -18.54142580504032 4.7
    endloop
  endfacet
  facet normal 0 0 -1
    outer loop
      vertex -1.0237666097699938 -18.54142580504032 4.7
      vertex -0.9877679940975774 -17.8086571491761 4.7
      vertex -0.9877679940975774 -18.2987428508239 4.7
    endloop
  endfacet
  facet normal 0 0 -1
    outer loop
      vertex -0.9877679940975774 -18.2987428508239 4.7
      vertex -0.9877679940975774 -17.8086571491761 4.7
      vertex -0.9757298107780699 -18.0537 4.7
    endloop
  endfacet
  facet normal 0 0 -1
    outer loop
      vertex -1.0237666097699938 -18.54142580504032 4.7
      vertex -1.0237666097699938 -17.56597419495968 4.7
      vertex -0.9877679940975774 -17.8086571491761 4.7
    endloop
  endfacet
  facet normal 0 0 -1
    outer loop
      vertex -1.083378971447548 -18.779411693136154 4.7
      vertex -1.083378971447548 -17.327988306863844 4.7
      vertex -1.0237666097699938 -17.56597419495968 4.7
    endloop
  endfacet
  facet normal 0 0 -1
    outer loop
      vertex -1.166030979499853 -19.010408580912724 4.7
      vertex -1.166030979499853 -17.096991419087274 4.7
      vertex -1.083378971447548 -17.327988306863844 4.7
    endloop
  endfacet
  facet normal 0 0 -1
    outer loop
      vertex -1.9757298107780699 -18.0537 4.7
      vertex -1.9829527207697746 -17.90667428950566 4.7
      vertex -1.889746600368956 -16.121173866593157 4.7
    endloop
  endfacet
  facet normal 0 0 -1
    outer loop
      vertex -2.004551890173224 -17.761064516975807 4.7
      vertex -1.889746600368956 -16.121173866593157 4.7
      vertex -1.9829527207697746 -17.90667428950566 4.7
    endloop
  endfacet
  facet normal 0 0 -1
    outer loop
      vertex -2.004551890173224 -17.761064516975807 4.7
      vertex -2.0403193071797565 -17.618272984118306 4.7
      vertex -1.889746600368956 -16.121173866593157 4.7
    endloop
  endfacet
  facet normal 0 0 -1
    outer loop
      vertex -2.08991051201114 -17.479674851452366 4.7
      vertex -2.1528479142555375 -17.346604894761004 4.7
      vertex -2.0868042282290644 -15.975025969243635 4.7
    endloop
  endfacet
  facet normal 0 0 -1
    outer loop
      vertex -2.0403193071797565 -17.618272984118306 4.7
      vertex -2.08991051201114 -17.479674851452366 4.7
      vertex -2.0868042282290644 -15.975025969243635 4.7
    endloop
  endfacet
  facet normal 0 0 -1
    outer loop
      vertex -3.7683652938022623 -16.582522079395154 4.7
      vertex -3.720772661601971 -15.565738183319507 4.7
      vertex -3.6227555212724107 -16.560922909991703 4.7
    endloop
  endfacet
  facet normal 0 0 -1
    outer loop
      vertex -3.720772661601971 -15.565738183319507 4.7
      vertex -3.47572981077807 -16.5537 4.7
      vertex -3.6227555212724107 -16.560922909991703 4.7
    endloop
  endfacet
  facet normal 0 0 -1
    outer loop
      vertex -3.47572981077807 -16.5537 4.7
      vertex -3.2306869599541685 -15.565738183319507 4.7
      vertex -3.328704100283729 -16.560922909991703 4.7
    endloop
  endfacet
  facet normal 0 0 -1
    outer loop
      vertex -3.328704100283729 -16.560922909991703 4.7
      vertex -3.2306869599541685 -15.565738183319507 4.7
      vertex -3.1830943277538775 -16.582522079395154 4.7
    endloop
  endfacet
  facet normal 0 0 -1
    outer loop
      vertex -3.0403027948963763 -16.618289496401687 4.7
      vertex -3.1830943277538775 -16.582522079395154 4.7
      vertex -2.988004005737749 -15.601736798991922 4.7
    endloop
  endfacet
  facet normal 0 0 -1
    outer loop
      vertex -3.0403027948963763 -16.618289496401687 4.7
      vertex -2.988004005737749 -15.601736798991922 4.7
      vertex -2.9017046622304354 -16.66788070123307 4.7
    endloop
  endfacet
  facet normal 0 0 -1
    outer loop
      vertex -2.4150696389982484 -16.993039828220176 4.7
      vertex -2.5241398845326017 -16.894184319955894 4.7
      vertex -2.5190212298653454 -15.744001168721782 4.7
    endloop
  endfacet
  facet normal 0 0 -1
    outer loop
      vertex -2.1528479142555375 -17.346604894761004 4.7
      vertex -2.228525392324252 -17.220344650470597 4.7
      vertex -2.0868042282290644 -15.975025969243635 4.7
    endloop
  endfacet
  facet normal 0 0 -1
    outer loop
      vertex -2.228525392324252 -17.220344650470597 4.7
      vertex -2.3162141307339645 -17.10211007375453 4.7
      vertex -2.297237968713076 -15.848896839129111 4.7
    endloop
  endfacet
  facet normal 0 0 -1
    outer loop
      vertex -2.3162141307339645 -17.10211007375453 4.7
      vertex -2.4150696389982484 -16.993039828220176 4.7
      vertex -2.297237968713076 -15.848896839129111 4.7
    endloop
  endfacet
  facet normal 0 0 -1
    outer loop
      vertex -2.0403193071797565 -17.618272984118306 4.7
      vertex -2.0868042282290644 -15.975025969243635 4.7
      vertex -1.889746600368956 -16.121173866593157 4.7
    endloop
  endfacet
  facet normal 0 0 -1
    outer loop
      vertex -2.6423744612486666 -16.80649558154618 4.7
      vertex -2.7686347055390734 -16.730818103477468 4.7
      vertex -2.750018117641914 -15.661349160669477 4.7
    endloop
  endfacet
  facet normal 0 0 -1
    outer loop
      vertex -2.9017046622304354 -16.66788070123307 4.7
      vertex -2.750018117641914 -15.661349160669477 4.7
      vertex -2.7686347055390734 -16.730818103477468 4.7
    endloop
  endfacet
  facet normal 0 0 -1
    outer loop
      vertex -2.6423744612486666 -16.80649558154618 4.7
      vertex -2.5190212298653454 -15.744001168721782 4.7
      vertex -2.5241398845326017 -16.894184319955894 4.7
    endloop
  endfacet
  facet normal 0 0 -1
    outer loop
      vertex -2.4150696389982484 -16.993039828220176 4.7
      vertex -2.5190212298653454 -15.744001168721782 4.7
      vertex -2.297237968713076 -15.848896839129111 4.7
    endloop
  endfacet
  facet normal 0 0 -1
    outer loop
      vertex -2.228525392324252 -17.220344650470597 4.7
      vertex -2.297237968713076 -15.848896839129111 4.7
      vertex -2.0868042282290644 -15.975025969243635 4.7
    endloop
  endfacet
  facet normal 0 0 -1
    outer loop
      vertex -1.5432036773712274 -19.639683210409114 4.7
      vertex -1.5432036773712274 -16.467716789590884 4.7
      vertex -1.3970557800217067 -16.664774417450992 4.7
    endloop
  endfacet
  facet normal 0 0 -1
    outer loop
      vertex -1.889746600368956 -19.98622613340684 4.7
      vertex -1.889746600368956 -16.121173866593157 4.7
      vertex -1.707962857811701 -16.28593304703363 4.7
    endloop
  endfacet
  facet normal 0 0 -1
    outer loop
      vertex -1.707962857811701 -19.821466952966368 4.7
      vertex -1.707962857811701 -16.28593304703363 4.7
      vertex -1.5432036773712274 -16.467716789590884 4.7
    endloop
  endfacet
  facet normal 0 0 -1
    outer loop
      vertex -1.3970557800217067 -19.442625582549006 4.7
      vertex -1.3970557800217067 -16.664774417450992 4.7
      vertex -1.270926649907182 -16.875208157935006 4.7
    endloop
  endfacet
  facet normal 0 0 -1
    outer loop
      vertex -1.270926649907182 -19.232191842064992 4.7
      vertex -1.270926649907182 -16.875208157935006 4.7
      vertex -1.166030979499853 -17.096991419087274 4.7
    endloop
  endfacet
  facet normal 0 0 -1
    outer loop
      vertex -4.182824916017067 -16.730818103477468 4.7
      vertex -4.432438391690795 -15.744001168721782 4.7
      vertex -4.201441503914226 -15.661349160669477 4.7
    endloop
  endfacet
  facet normal 0 0 -1
    outer loop
      vertex -3.9111568266597634 -16.618289496401687 4.7
      vertex -4.201441503914226 -15.661349160669477 4.7
      vertex -3.9634556158183907 -15.601736798991922 4.7
    endloop
  endfacet
  facet normal 0 0 -1
    outer loop
      vertex -3.7683652938022623 -16.582522079395154 4.7
      vertex -3.9634556158183907 -15.601736798991922 4.7
      vertex -3.720772661601971 -15.565738183319507 4.7
    endloop
  endfacet
  facet normal 0 0 -1
    outer loop
      vertex -3.720772661601971 -15.565738183319507 4.7
      vertex -3.47572981077807 -15.5537 4.7
      vertex -3.47572981077807 -16.5537 4.7
    endloop
  endfacet
  facet normal 0 0 -1
    outer loop
      vertex -3.47572981077807 -16.5537 4.7
      vertex -3.47572981077807 -15.5537 4.7
      vertex -3.2306869599541685 -15.565738183319507 4.7
    endloop
  endfacet
  facet normal 0 0 -1
    outer loop
      vertex -2.9017046622304354 -16.66788070123307 4.7
      vertex -2.988004005737749 -15.601736798991922 4.7
      vertex -2.750018117641914 -15.661349160669477 4.7
    endloop
  endfacet
  facet normal 0 0 -1
    outer loop
      vertex -3.1830943277538775 -16.582522079395154 4.7
      vertex -3.2306869599541685 -15.565738183319507 4.7
      vertex -2.988004005737749 -15.601736798991922 4.7
    endloop
  endfacet
  facet normal 0 0 -1
    outer loop
      vertex -2.6423744612486666 -16.80649558154618 4.7
      vertex -2.750018117641914 -15.661349160669477 4.7
      vertex -2.5190212298653454 -15.744001168721782 4.7
    endloop
  endfacet
  facet normal -0.9039892931234431 -0.42755509343028264 0
    outer loop
      vertex -5.680532971648958 -19.232191842064992 4.7
      vertex -5.680532971648958 -19.232191842064992 6.21
      vertex -5.785428642056287 -19.010408580912724 4.7
    endloop
  endfacet
  facet normal -0.9415440651830217 -0.3368898533922174 0
    outer loop
      vertex -5.785428642056287 -19.010408580912724 4.7
      vertex -5.785428642056287 -19.010408580912724 6.21
      vertex -5.868080650108592 -18.779411693136154 4.7
    endloop
  endfacet
  facet normal -0.9700312531945438 -0.2429801799032645 0
    outer loop
      vertex -5.868080650108592 -18.779411693136154 4.7
      vertex -5.868080650108592 -18.779411693136154 6.21
      vertex -5.927693011786146 -18.54142580504032 4.7
    endloop
  endfacet
  facet normal -0.9891765099647808 -0.1467304744553623 0
    outer loop
      vertex -5.927693011786146 -18.54142580504032 4.7
      vertex -5.927693011786146 -18.54142580504032 6.21
      vertex -5.963691627458562 -18.2987428508239 4.7
    endloop
  endfacet
  facet normal -0.9987954562051724 -0.04906767432741743 0
    outer loop
      vertex -5.963691627458562 -18.2987428508239 4.7
      vertex -5.963691627458562 -18.2987428508239 6.21
      vertex -5.97572981077807 -18.0537 4.7
    endloop
  endfacet
  facet normal -0.9987954562051724 0.04906767432741743 0
    outer loop
      vertex -5.97572981077807 -18.0537 4.7
      vertex -5.97572981077807 -18.0537 6.21
      vertex -5.963691627458562 -17.8086571491761 4.7
    endloop
  endfacet
  facet normal -0.9891765099647808 0.1467304744553623 1.6534990819993255e-18
    outer loop
      vertex -5.963691627458562 -17.8086571491761 4.7
      vertex -5.927693011786146 -17.56597419495968 6.21
      vertex -5.927693011786146 -17.56597419495968 4.7
    endloop
  endfacet
  facet normal -0.9700312531945438 0.2429801799032645 3.8145246069144583e-19
    outer loop
      vertex -5.927693011786146 -17.56597419495968 4.7
      vertex -5.868080650108592 -17.327988306863844 6.21
      vertex -5.868080650108592 -17.327988306863844 4.7
    endloop
  endfacet
  facet normal -0.9415440651830217 0.3368898533922174 -1.4693461048538433e-18
    outer loop
      vertex -5.868080650108592 -17.327988306863844 4.7
      vertex -5.785428642056287 -17.096991419087274 6.21
      vertex -5.785428642056287 -17.096991419087274 4.7
    endloop
  endfacet
  facet normal -0.9039892931234431 0.42755509343028264 4.036992031853446e-18
    outer loop
      vertex -5.785428642056287 -17.096991419087274 4.7
      vertex -5.680532971648958 -16.875208157935006 6.21
      vertex -5.680532971648958 -16.875208157935006 4.7
    endloop
  endfacet
  facet normal -0.8577286100002735 0.5141027441932193 0
    outer loop
      vertex -5.680532971648958 -16.875208157935006 4.7
      vertex -5.680532971648958 -16.875208157935006 6.21
      vertex -5.554403841534433 -16.664774417450992 4.7
    endloop
  endfacet
  facet normal -0.803207531480644 0.5956993044924345 3.576481842491838e-18
    outer loop
      vertex -5.554403841534433 -16.664774417450992 4.7
      vertex -5.408255944184912 -16.467716789590884 6.21
      vertex -5.408255944184912 -16.467716789590884 4.7
    endloop
  endfacet
  facet normal -0.740951125354958 0.6715589548470197 -5.073597985405948e-19
    outer loop
      vertex -5.408255944184912 -16.467716789590884 4.7
      vertex -5.243496763744439 -16.28593304703363 6.21
      vertex -5.243496763744439 -16.28593304703363 4.7
    endloop
  endfacet
  facet normal -0.6715589548470178 0.7409511253549595 1.162928385412084e-18
    outer loop
      vertex -5.243496763744439 -16.28593304703363 4.7
      vertex -5.061713021187184 -16.121173866593157 6.21
      vertex -5.061713021187184 -16.121173866593157 4.7
    endloop
  endfacet
  facet normal 0.9039892931234425 -0.4275550934302841 0
    outer loop
      vertex -1.270926649907182 -19.232191842064992 4.7
      vertex -1.166030979499853 -19.010408580912724 4.7
      vertex -1.270926649907182 -19.232191842064992 6.21
    endloop
  endfacet
  facet normal 0.9415440651830217 -0.3368898533922174 0
    outer loop
      vertex -1.166030979499853 -19.010408580912724 4.7
      vertex -1.083378971447548 -18.779411693136154 4.7
      vertex -1.166030979499853 -19.010408580912724 6.21
    endloop
  endfacet
  facet normal 0.9700312531945438 -0.2429801799032645 0
    outer loop
      vertex -1.083378971447548 -18.779411693136154 4.7
      vertex -1.0237666097699938 -18.54142580504032 4.7
      vertex -1.083378971447548 -18.779411693136154 6.21
    endloop
  endfacet
  facet normal 0.9891765099647808 -0.1467304744553623 0
    outer loop
      vertex -1.0237666097699938 -18.54142580504032 4.7
      vertex -0.9877679940975774 -18.2987428508239 4.7
      vertex -1.0237666097699938 -18.54142580504032 6.21
    endloop
  endfacet
  facet normal 0.9987954562051724 -0.04906767432741743 0
    outer loop
      vertex -0.9877679940975774 -18.2987428508239 4.7
      vertex -0.9757298107780699 -18.0537 4.7
      vertex -0.9877679940975774 -18.2987428508239 6.21
    endloop
  endfacet
  facet normal 0.9987954562051724 0.04906767432741743 0
    outer loop
      vertex -0.9757298107780699 -18.0537 4.7
      vertex -0.9877679940975774 -17.8086571491761 4.7
      vertex -0.9757298107780699 -18.0537 6.21
    endloop
  endfacet
  facet normal 0.9891765099647808 0.1467304744553623 0
    outer loop
      vertex -0.9877679940975774 -17.8086571491761 4.7
      vertex -1.0237666097699938 -17.56597419495968 4.7
      vertex -0.9877679940975774 -17.8086571491761 6.21
    endloop
  endfacet
  facet normal 0.9700312531945438 0.2429801799032645 -3.8145246069144583e-19
    outer loop
      vertex -1.0237666097699938 -17.56597419495968 4.7
      vertex -1.083378971447548 -17.327988306863844 4.7
      vertex -1.083378971447548 -17.327988306863844 6.21
    endloop
  endfacet
  facet normal 0.9415440651830217 0.3368898533922174 0
    outer loop
      vertex -1.083378971447548 -17.327988306863844 4.7
      vertex -1.166030979499853 -17.096991419087274 4.7
      vertex -1.083378971447548 -17.327988306863844 6.21
    endloop
  endfacet
  facet normal 0.9039892931234425 0.4275550934302841 0
    outer loop
      vertex -1.166030979499853 -17.096991419087274 4.7
      vertex -1.270926649907182 -16.875208157935006 4.7
      vertex -1.166030979499853 -17.096991419087274 6.21
    endloop
  endfacet
  facet normal 0.8032075314806445 0.5956993044924339 0
    outer loop
      vertex -1.3970557800217067 -16.664774417450992 4.7
      vertex -1.5432036773712274 -16.467716789590884 4.7
      vertex -1.3970557800217067 -16.664774417450992 6.21
    endloop
  endfacet
  facet normal 0.8577286100002742 0.514102744193218 0
    outer loop
      vertex -1.270926649907182 -16.875208157935006 4.7
      vertex -1.3970557800217067 -16.664774417450992 4.7
      vertex -1.270926649907182 -16.875208157935006 6.21
    endloop
  endfacet
  facet normal 0.7409511253549576 0.6715589548470202 0
    outer loop
      vertex -1.707962857811701 -16.28593304703363 4.7
      vertex -1.707962857811701 -16.28593304703363 6.21
      vertex -1.5432036773712274 -16.467716789590884 4.7
    endloop
  endfacet
  facet normal 0.6715589548470178 0.7409511253549595 -1.162928385412084e-18
    outer loop
      vertex -1.707962857811701 -16.28593304703363 4.7
      vertex -1.889746600368956 -16.121173866593157 4.7
      vertex -1.889746600368956 -16.121173866593157 6.21
    endloop
  endfacet
  facet normal -0.8577286100002735 -0.5141027441932193 0
    outer loop
      vertex -5.680532971648958 -19.232191842064992 4.7
      vertex -5.554403841534433 -19.442625582549006 6.21
      vertex -5.680532971648958 -19.232191842064992 6.21
    endloop
  endfacet
  facet normal -0.9039892931234431 -0.42755509343028264 0
    outer loop
      vertex -5.785428642056287 -19.010408580912724 4.7
      vertex -5.680532971648958 -19.232191842064992 6.21
      vertex -5.785428642056287 -19.010408580912724 6.21
    endloop
  endfacet
  facet normal -0.9415440651830217 -0.3368898533922174 0
    outer loop
      vertex -5.868080650108592 -18.779411693136154 4.7
      vertex -5.785428642056287 -19.010408580912724 6.21
      vertex -5.868080650108592 -18.779411693136154 6.21
    endloop
  endfacet
  facet normal -0.9700312531945438 -0.2429801799032645 0
    outer loop
      vertex -5.927693011786146 -18.54142580504032 4.7
      vertex -5.868080650108592 -18.779411693136154 6.21
      vertex -5.927693011786146 -18.54142580504032 6.21
    endloop
  endfacet
  facet normal -0.9891765099647808 -0.1467304744553623 0
    outer loop
      vertex -5.963691627458562 -18.2987428508239 4.7
      vertex -5.927693011786146 -18.54142580504032 6.21
      vertex -5.963691627458562 -18.2987428508239 6.21
    endloop
  endfacet
  facet normal -0.9987954562051724 -0.04906767432741743 0
    outer loop
      vertex -5.97572981077807 -18.0537 4.7
      vertex -5.963691627458562 -18.2987428508239 6.21
      vertex -5.97572981077807 -18.0537 6.21
    endloop
  endfacet
  facet normal -0.9987954562051724 0.04906767432741743 0
    outer loop
      vertex -5.963691627458562 -17.8086571491761 4.7
      vertex -5.97572981077807 -18.0537 6.21
      vertex -5.963691627458562 -17.8086571491761 6.21
    endloop
  endfacet
  facet normal -0.9891765099647808 0.1467304744553623 0
    outer loop
      vertex -5.963691627458562 -17.8086571491761 4.7
      vertex -5.963691627458562 -17.8086571491761 6.21
      vertex -5.927693011786146 -17.56597419495968 6.21
    endloop
  endfacet
  facet normal -0.9700312531945438 0.2429801799032645 0
    outer loop
      vertex -5.927693011786146 -17.56597419495968 4.7
      vertex -5.927693011786146 -17.56597419495968 6.21
      vertex -5.868080650108592 -17.327988306863844 6.21
    endloop
  endfacet
  facet normal -0.9415440651830217 0.3368898533922174 0
    outer loop
      vertex -5.868080650108592 -17.327988306863844 4.7
      vertex -5.868080650108592 -17.327988306863844 6.21
      vertex -5.785428642056287 -17.096991419087274 6.21
    endloop
  endfacet
  facet normal -0.9039892931234431 0.42755509343028264 0
    outer loop
      vertex -5.785428642056287 -17.096991419087274 4.7
      vertex -5.785428642056287 -17.096991419087274 6.21
      vertex -5.680532971648958 -16.875208157935006 6.21
    endloop
  endfacet
  facet normal -0.8577286100002735 0.5141027441932193 0
    outer loop
      vertex -5.554403841534433 -16.664774417450992 4.7
      vertex -5.680532971648958 -16.875208157935006 6.21
      vertex -5.554403841534433 -16.664774417450992 6.21
    endloop
  endfacet
  facet normal -0.803207531480644 0.5956993044924345 0
    outer loop
      vertex -5.554403841534433 -16.664774417450992 4.7
      vertex -5.554403841534433 -16.664774417450992 6.21
      vertex -5.408255944184912 -16.467716789590884 6.21
    endloop
  endfacet
  facet normal -0.740951125354958 0.6715589548470197 0
    outer loop
      vertex -5.408255944184912 -16.467716789590884 4.7
      vertex -5.408255944184912 -16.467716789590884 6.21
      vertex -5.243496763744439 -16.28593304703363 6.21
    endloop
  endfacet
  facet normal -0.6715589548470178 0.7409511253549595 0
    outer loop
      vertex -5.243496763744439 -16.28593304703363 4.7
      vertex -5.243496763744439 -16.28593304703363 6.21
      vertex -5.061713021187184 -16.121173866593157 6.21
    endloop
  endfacet
  facet normal 0.8577286100002742 -0.514102744193218 0
    outer loop
      vertex -1.270926649907182 -19.232191842064992 4.7
      vertex -1.270926649907182 -19.232191842064992 6.21
      vertex -1.3970557800217067 -19.442625582549006 6.21
    endloop
  endfacet
  facet normal 0.9039892931234425 -0.4275550934302841 0
    outer loop
      vertex -1.166030979499853 -19.010408580912724 4.7
      vertex -1.166030979499853 -19.010408580912724 6.21
      vertex -1.270926649907182 -19.232191842064992 6.21
    endloop
  endfacet
  facet normal 0.9415440651830217 -0.3368898533922174 0
    outer loop
      vertex -1.083378971447548 -18.779411693136154 4.7
      vertex -1.083378971447548 -18.779411693136154 6.21
      vertex -1.166030979499853 -19.010408580912724 6.21
    endloop
  endfacet
  facet normal 0.9700312531945438 -0.2429801799032645 0
    outer loop
      vertex -1.0237666097699938 -18.54142580504032 4.7
      vertex -1.0237666097699938 -18.54142580504032 6.21
      vertex -1.083378971447548 -18.779411693136154 6.21
    endloop
  endfacet
  facet normal 0.9891765099647808 -0.1467304744553623 0
    outer loop
      vertex -0.9877679940975774 -18.2987428508239 4.7
      vertex -0.9877679940975774 -18.2987428508239 6.21
      vertex -1.0237666097699938 -18.54142580504032 6.21
    endloop
  endfacet
  facet normal 0.9987954562051724 -0.04906767432741743 0
    outer loop
      vertex -0.9757298107780699 -18.0537 4.7
      vertex -0.9757298107780699 -18.0537 6.21
      vertex -0.9877679940975774 -18.2987428508239 6.21
    endloop
  endfacet
  facet normal 0.9987954562051724 0.04906767432741743 0
    outer loop
      vertex -0.9877679940975774 -17.8086571491761 4.7
      vertex -0.9877679940975774 -17.8086571491761 6.21
      vertex -0.9757298107780699 -18.0537 6.21
    endloop
  endfacet
  facet normal 0.9891765099647808 0.1467304744553623 0
    outer loop
      vertex -1.0237666097699938 -17.56597419495968 4.7
      vertex -1.0237666097699938 -17.56597419495968 6.21
      vertex -0.9877679940975774 -17.8086571491761 6.21
    endloop
  endfacet
  facet normal 0.9700312531945438 0.2429801799032645 0
    outer loop
      vertex -1.0237666097699938 -17.56597419495968 4.7
      vertex -1.083378971447548 -17.327988306863844 6.21
      vertex -1.0237666097699938 -17.56597419495968 6.21
    endloop
  endfacet
  facet normal 0.9415440651830217 0.3368898533922174 0
    outer loop
      vertex -1.166030979499853 -17.096991419087274 4.7
      vertex -1.166030979499853 -17.096991419087274 6.21
      vertex -1.083378971447548 -17.327988306863844 6.21
    endloop
  endfacet
  facet normal 0.9039892931234425 0.4275550934302841 0
    outer loop
      vertex -1.270926649907182 -16.875208157935006 4.7
      vertex -1.270926649907182 -16.875208157935006 6.21
      vertex -1.166030979499853 -17.096991419087274 6.21
    endloop
  endfacet
  facet normal 0.8032075314806445 0.5956993044924339 0
    outer loop
      vertex -1.5432036773712274 -16.467716789590884 4.7
      vertex -1.5432036773712274 -16.467716789590884 6.21
      vertex -1.3970557800217067 -16.664774417450992 6.21
    endloop
  endfacet
  facet normal 0.8577286100002742 0.514102744193218 0
    outer loop
      vertex -1.3970557800217067 -16.664774417450992 4.7
      vertex -1.3970557800217067 -16.664774417450992 6.21
      vertex -1.270926649907182 -16.875208157935006 6.21
    endloop
  endfacet
  facet normal 0.7409511253549576 0.6715589548470202 0
    outer loop
      vertex -1.5432036773712274 -16.467716789590884 4.7
      vertex -1.707962857811701 -16.28593304703363 6.21
      vertex -1.5432036773712274 -16.467716789590884 6.21
    endloop
  endfacet
  facet normal 0.6715589548470178 0.7409511253549595 0
    outer loop
      vertex -1.707962857811701 -16.28593304703363 4.7
      vertex -1.889746600368956 -16.121173866593157 6.21
      vertex -1.707962857811701 -16.28593304703363 6.21
    endloop
  endfacet
  facet normal -0.5956993044924351 0.8032075314806436 2.2711060116480135e-18
    outer loop
      vertex -5.061713021187184 -16.121173866593157 4.7
      vertex -4.864655393327075 -15.975025969243635 6.21
      vertex -4.864655393327075 -15.975025969243635 4.7
    endloop
  endfacet
  facet normal -0.5141027441932216 0.8577286100002722 3.222966456463491e-18
    outer loop
      vertex -4.864655393327075 -15.975025969243635 4.7
      vertex -4.654221652843064 -15.848896839129111 6.21
      vertex -4.654221652843064 -15.848896839129111 4.7
    endloop
  endfacet
  facet normal -0.4275550934302812 0.9039892931234437 2.663036317734465e-18
    outer loop
      vertex -4.654221652843064 -15.848896839129111 4.7
      vertex -4.432438391690795 -15.744001168721782 6.21
      vertex -4.432438391690795 -15.744001168721782 4.7
    endloop
  endfacet
  facet normal -0.33688985339221855 0.9415440651830214 -2.95761070885804e-18
    outer loop
      vertex -4.432438391690795 -15.744001168721782 4.7
      vertex -4.201441503914226 -15.661349160669477 6.21
      vertex -4.201441503914226 -15.661349160669477 4.7
    endloop
  endfacet
  facet normal -0.24298017990326798 0.970031253194543 -3.2667635972015816e-19
    outer loop
      vertex -4.201441503914226 -15.661349160669477 4.7
      vertex -3.9634556158183907 -15.601736798991922 6.21
      vertex -3.9634556158183907 -15.601736798991922 4.7
    endloop
  endfacet
  facet normal -0.14673047445535906 0.9891765099647813 0
    outer loop
      vertex -3.9634556158183907 -15.601736798991922 4.7
      vertex -3.9634556158183907 -15.601736798991922 6.21
      vertex -3.720772661601971 -15.565738183319507 4.7
    endloop
  endfacet
  facet normal -0.04906767432741717 0.9987954562051724 -1.9355958377443706e-21
    outer loop
      vertex -3.720772661601971 -15.565738183319507 4.7
      vertex -3.47572981077807 -15.5537 6.21
      vertex -3.47572981077807 -15.5537 4.7
    endloop
  endfacet
  facet normal 0.04906767432741717 0.9987954562051724 1.9355958377443706e-21
    outer loop
      vertex -3.47572981077807 -15.5537 4.7
      vertex -3.2306869599541685 -15.565738183319507 6.21
      vertex -3.2306869599541685 -15.565738183319507 4.7
    endloop
  endfacet
  facet normal 0.14673047445535906 0.9891765099647813 5.441340781006032e-19
    outer loop
      vertex -2.988004005737749 -15.601736798991922 4.7
      vertex -3.2306869599541685 -15.565738183319507 4.7
      vertex -3.2306869599541685 -15.565738183319507 6.21
    endloop
  endfacet
  facet normal 0.24298017990326798 0.970031253194543 3.2667635972015816e-19
    outer loop
      vertex -2.988004005737749 -15.601736798991922 4.7
      vertex -2.750018117641914 -15.661349160669477 6.21
      vertex -2.750018117641914 -15.661349160669477 4.7
    endloop
  endfacet
  facet normal 0.4275550934302805 0.903989293123444 2.706549833977532e-18
    outer loop
      vertex -2.5190212298653454 -15.744001168721782 4.7
      vertex -2.297237968713076 -15.848896839129111 6.21
      vertex -2.297237968713076 -15.848896839129111 4.7
    endloop
  endfacet
  facet normal 0.5141027441932208 0.8577286100002727 0
    outer loop
      vertex -2.0868042282290644 -15.975025969243635 4.7
      vertex -2.297237968713076 -15.848896839129111 4.7
      vertex -2.0868042282290644 -15.975025969243635 6.21
    endloop
  endfacet
  facet normal 0.5956993044924359 0.8032075314806429 4.349454612834576e-18
    outer loop
      vertex -2.0868042282290644 -15.975025969243635 4.7
      vertex -1.889746600368956 -16.121173866593157 6.21
      vertex -1.889746600368956 -16.121173866593157 4.7
    endloop
  endfacet
  facet normal 0.3368898533922191 0.9415440651830211 -9.808652837923615e-19
    outer loop
      vertex -2.750018117641914 -15.661349160669477 4.7
      vertex -2.5190212298653454 -15.744001168721782 6.21
      vertex -2.5190212298653454 -15.744001168721782 4.7
    endloop
  endfacet
  facet normal -0.5956993044924351 0.8032075314806436 0
    outer loop
      vertex -5.061713021187184 -16.121173866593157 4.7
      vertex -5.061713021187184 -16.121173866593157 6.21
      vertex -4.864655393327075 -15.975025969243635 6.21
    endloop
  endfacet
  facet normal -0.5141027441932216 0.8577286100002722 0
    outer loop
      vertex -4.864655393327075 -15.975025969243635 4.7
      vertex -4.864655393327075 -15.975025969243635 6.21
      vertex -4.654221652843064 -15.848896839129111 6.21
    endloop
  endfacet
  facet normal -0.4275550934302812 0.9039892931234437 0
    outer loop
      vertex -4.654221652843064 -15.848896839129111 4.7
      vertex -4.654221652843064 -15.848896839129111 6.21
      vertex -4.432438391690795 -15.744001168721782 6.21
    endloop
  endfacet
  facet normal -0.33688985339221855 0.9415440651830214 0
    outer loop
      vertex -4.432438391690795 -15.744001168721782 4.7
      vertex -4.432438391690795 -15.744001168721782 6.21
      vertex -4.201441503914226 -15.661349160669477 6.21
    endloop
  endfacet
  facet normal -0.24298017990326798 0.970031253194543 0
    outer loop
      vertex -4.201441503914226 -15.661349160669477 4.7
      vertex -4.201441503914226 -15.661349160669477 6.21
      vertex -3.9634556158183907 -15.601736798991922 6.21
    endloop
  endfacet
  facet normal -0.14673047445535906 0.9891765099647813 0
    outer loop
      vertex -3.720772661601971 -15.565738183319507 4.7
      vertex -3.9634556158183907 -15.601736798991922 6.21
      vertex -3.720772661601971 -15.565738183319507 6.21
    endloop
  endfacet
  facet normal -0.04906767432741717 0.9987954562051724 0
    outer loop
      vertex -3.720772661601971 -15.565738183319507 4.7
      vertex -3.720772661601971 -15.565738183319507 6.21
      vertex -3.47572981077807 -15.5537 6.21
    endloop
  endfacet
  facet normal 0.04906767432741717 0.9987954562051724 0
    outer loop
      vertex -3.47572981077807 -15.5537 4.7
      vertex -3.47572981077807 -15.5537 6.21
      vertex -3.2306869599541685 -15.565738183319507 6.21
    endloop
  endfacet
  facet normal 0.14673047445535906 0.9891765099647813 0
    outer loop
      vertex -2.988004005737749 -15.601736798991922 4.7
      vertex -3.2306869599541685 -15.565738183319507 6.21
      vertex -2.988004005737749 -15.601736798991922 6.21
    endloop
  endfacet
  facet normal 0.24298017990326798 0.970031253194543 0
    outer loop
      vertex -2.988004005737749 -15.601736798991922 4.7
      vertex -2.988004005737749 -15.601736798991922 6.21
      vertex -2.750018117641914 -15.661349160669477 6.21
    endloop
  endfacet
  facet normal 0.4275550934302805 0.903989293123444 0
    outer loop
      vertex -2.5190212298653454 -15.744001168721782 4.7
      vertex -2.5190212298653454 -15.744001168721782 6.21
      vertex -2.297237968713076 -15.848896839129111 6.21
    endloop
  endfacet
  facet normal 0.5956993044924359 0.8032075314806429 0
    outer loop
      vertex -2.0868042282290644 -15.975025969243635 4.7
      vertex -2.0868042282290644 -15.975025969243635 6.21
      vertex -1.889746600368956 -16.121173866593157 6.21
    endloop
  endfacet
  facet normal 0.5141027441932208 0.8577286100002727 0
    outer loop
      vertex -2.297237968713076 -15.848896839129111 4.7
      vertex -2.297237968713076 -15.848896839129111 6.21
      vertex -2.0868042282290644 -15.975025969243635 6.21
    endloop
  endfacet
  facet normal 0.3368898533922191 0.9415440651830211 0
    outer loop
      vertex -2.750018117641914 -15.661349160669477 4.7
      vertex -2.750018117641914 -15.661349160669477 6.21
      vertex -2.5190212298653454 -15.744001168721782 6.21
    endloop
  endfacet
  facet normal 0 0 1
    outer loop
      vertex -4.654221652843064 -20.258503160870887 6.21
      vertex -4.649507685474804 -20.249683948227403 6.21
      vertex -4.85909969099688 -20.124059334633337 6.21
    endloop
  endfacet
  facet normal 0 0 1
    outer loop
      vertex -4.654221652843064 -20.258503160870887 6.21
      vertex -4.85909969099688 -20.124059334633337 6.21
      vertex -4.864655393327075 -20.132374030756363 6.21
    endloop
  endfacet
  facet normal 0 0 1
    outer loop
      vertex -4.201441503914226 -20.44605083933052 6.21
      vertex -4.428611557367144 -20.354160035953104 6.21
      vertex -4.432438391690795 -20.363398831278218 6.21
    endloop
  endfacet
  facet normal 0 0 1
    outer loop
      vertex -4.201441503914226 -20.44605083933052 6.21
      vertex -4.198538657141681 -20.4364814359732 6.21
      vertex -4.428611557367144 -20.354160035953104 6.21
    endloop
  endfacet
  facet normal 0 0 1
    outer loop
      vertex -4.654221652843064 -20.258503160870887 6.21
      vertex -4.432438391690795 -20.363398831278218 6.21
      vertex -4.649507685474804 -20.249683948227403 6.21
    endloop
  endfacet
  facet normal 0 0 1
    outer loop
      vertex -4.649507685474804 -20.249683948227403 6.21
      vertex -4.432438391690795 -20.363398831278218 6.21
      vertex -4.428611557367144 -20.354160035953104 6.21
    endloop
  endfacet
  facet normal 0 0 1
    outer loop
      vertex -4.201441503914226 -20.44605083933052 6.21
      vertex -3.9634556158183907 -20.505663201008076 6.21
      vertex -4.198538657141681 -20.4364814359732 6.21
    endloop
  endfacet
  facet normal 0 0 1
    outer loop
      vertex -4.198538657141681 -20.4364814359732 6.21
      vertex -3.9634556158183907 -20.505663201008076 6.21
      vertex -3.961504712598229 -20.495855348204042 6.21
    endloop
  endfacet
  facet normal 0 0 1
    outer loop
      vertex -3.9634556158183907 -20.505663201008076 6.21
      vertex -3.720772661601971 -20.54166181668049 6.21
      vertex -3.961504712598229 -20.495855348204042 6.21
    endloop
  endfacet
  facet normal 0 0 1
    outer loop
      vertex -3.961504712598229 -20.495855348204042 6.21
      vertex -3.720772661601971 -20.54166181668049 6.21
      vertex -3.719792490198676 -20.531709969413768 6.21
    endloop
  endfacet
  facet normal 0 0 1
    outer loop
      vertex -5.061713021187184 -19.98622613340684 6.21
      vertex -5.2364256959325735 -19.814395885154504 6.21
      vertex -5.243496763744439 -19.821466952966368 6.21
    endloop
  endfacet
  facet normal 0 0 1
    outer loop
      vertex -5.400525839651285 -19.633339277567476 6.21
      vertex -5.243496763744439 -19.821466952966368 6.21
      vertex -5.2364256959325735 -19.814395885154504 6.21
    endloop
  endfacet
  facet normal 0 0 1
    outer loop
      vertex -5.0553690883455475 -19.978496028873213 6.21
      vertex -4.864655393327075 -20.132374030756363 6.21
      vertex -4.85909969099688 -20.124059334633337 6.21
    endloop
  endfacet
  facet normal 0 0 1
    outer loop
      vertex -5.061713021187184 -19.98622613340684 6.21
      vertex -4.864655393327075 -20.132374030756363 6.21
      vertex -5.0553690883455475 -19.978496028873213 6.21
    endloop
  endfacet
  facet normal 0 0 1
    outer loop
      vertex -5.061713021187184 -19.98622613340684 6.21
      vertex -5.0553690883455475 -19.978496028873213 6.21
      vertex -5.2364256959325735 -19.814395885154504 6.21
    endloop
  endfacet
  facet normal 0 0 1
    outer loop
      vertex -5.408255944184912 -19.639683210409114 6.21
      vertex -5.400525839651285 -19.633339277567476 6.21
      vertex -5.546089145411408 -19.437069880218807 6.21
    endloop
  endfacet
  facet normal 0 0 1
    outer loop
      vertex -5.408255944184912 -19.639683210409114 6.21
      vertex -5.243496763744439 -19.821466952966368 6.21
      vertex -5.400525839651285 -19.633339277567476 6.21
    endloop
  endfacet
  facet normal 0 0 1
    outer loop
      vertex -5.408255944184912 -19.639683210409114 6.21
      vertex -5.546089145411408 -19.437069880218807 6.21
      vertex -5.554403841534433 -19.442625582549006 6.21
    endloop
  endfacet
  facet normal 0 0 1
    outer loop
      vertex -5.554403841534433 -19.442625582549006 6.21
      vertex -5.546089145411408 -19.437069880218807 6.21
      vertex -5.671713759005474 -19.227477874696735 6.21
    endloop
  endfacet
  facet normal 0 0 1
    outer loop
      vertex -3.720772661601971 -20.54166181668049 6.21
      vertex -3.47572981077807 -20.5537 6.21
      vertex -3.719792490198676 -20.531709969413768 6.21
    endloop
  endfacet
  facet normal 0 0 1
    outer loop
      vertex -3.719792490198676 -20.531709969413768 6.21
      vertex -3.47572981077807 -20.5537 6.21
      vertex -3.47572981077807 -20.5437 6.21
    endloop
  endfacet
  facet normal 0 0 1
    outer loop
      vertex -3.47572981077807 -20.5537 6.21
      vertex -3.231667131357464 -20.531709969413768 6.21
      vertex -3.47572981077807 -20.5437 6.21
    endloop
  endfacet
  facet normal 0 0 1
    outer loop
      vertex -3.47572981077807 -20.5537 6.21
      vertex -3.2306869599541685 -20.54166181668049 6.21
      vertex -3.231667131357464 -20.531709969413768 6.21
    endloop
  endfacet
  facet normal 0 0 1
    outer loop
      vertex -3.2306869599541685 -20.54166181668049 6.21
      vertex -2.988004005737749 -20.505663201008076 6.21
      vertex -3.231667131357464 -20.531709969413768 6.21
    endloop
  endfacet
  facet normal 0 0 1
    outer loop
      vertex -3.231667131357464 -20.531709969413768 6.21
      vertex -2.988004005737749 -20.505663201008076 6.21
      vertex -2.9899549089579107 -20.495855348204042 6.21
    endloop
  endfacet
  facet normal 0 0 1
    outer loop
      vertex -2.988004005737749 -20.505663201008076 6.21
      vertex -2.750018117641914 -20.44605083933052 6.21
      vertex -2.9899549089579107 -20.495855348204042 6.21
    endloop
  endfacet
  facet normal 0 0 1
    outer loop
      vertex -2.9899549089579107 -20.495855348204042 6.21
      vertex -2.750018117641914 -20.44605083933052 6.21
      vertex -2.7529209644144585 -20.4364814359732 6.21
    endloop
  endfacet
  facet normal 0 0 1
    outer loop
      vertex -2.750018117641914 -20.44605083933052 6.21
      vertex -2.5190212298653454 -20.363398831278218 6.21
      vertex -2.7529209644144585 -20.4364814359732 6.21
    endloop
  endfacet
  facet normal 0 0 1
    outer loop
      vertex -2.7529209644144585 -20.4364814359732 6.21
      vertex -2.5190212298653454 -20.363398831278218 6.21
      vertex -2.522848064188996 -20.354160035953104 6.21
    endloop
  endfacet
  facet normal 0 0 1
    outer loop
      vertex -2.5190212298653454 -20.363398831278218 6.21
      vertex -2.297237968713076 -20.258503160870887 6.21
      vertex -2.522848064188996 -20.354160035953104 6.21
    endloop
  endfacet
  facet normal 0 0 1
    outer loop
      vertex -2.522848064188996 -20.354160035953104 6.21
      vertex -2.297237968713076 -20.258503160870887 6.21
      vertex -2.301951936081336 -20.249683948227403 6.21
    endloop
  endfacet
  facet normal 0 0 1
    outer loop
      vertex -2.297237968713076 -20.258503160870887 6.21
      vertex -2.0868042282290644 -20.132374030756363 6.21
      vertex -2.301951936081336 -20.249683948227403 6.21
    endloop
  endfacet
  facet normal 0 0 1
    outer loop
      vertex -2.301951936081336 -20.249683948227403 6.21
      vertex -2.0868042282290644 -20.132374030756363 6.21
      vertex -2.0923599305592604 -20.124059334633337 6.21
    endloop
  endfacet
  facet normal 0 0 1
    outer loop
      vertex -2.0923599305592604 -20.124059334633337 6.21
      vertex -2.0868042282290644 -20.132374030756363 6.21
      vertex -1.889746600368956 -19.98622613340684 6.21
    endloop
  endfacet
  facet normal 0 0 1
    outer loop
      vertex -2.0923599305592604 -20.124059334633337 6.21
      vertex -1.889746600368956 -19.98622613340684 6.21
      vertex -1.8960905332105924 -19.978496028873213 6.21
    endloop
  endfacet
  facet normal 0 0 1
    outer loop
      vertex -1.8960905332105924 -19.978496028873213 6.21
      vertex -1.889746600368956 -19.98622613340684 6.21
      vertex -1.707962857811701 -19.821466952966368 6.21
    endloop
  endfacet
  facet normal 0 0 1
    outer loop
      vertex -1.8960905332105924 -19.978496028873213 6.21
      vertex -1.707962857811701 -19.821466952966368 6.21
      vertex -1.7150339256235665 -19.814395885154504 6.21
    endloop
  endfacet
  facet normal 0 0 1
    outer loop
      vertex -1.7150339256235665 -19.814395885154504 6.21
      vertex -1.707962857811701 -19.821466952966368 6.21
      vertex -1.5432036773712274 -19.639683210409114 6.21
    endloop
  endfacet
  facet normal 0 0 1
    outer loop
      vertex -1.7150339256235665 -19.814395885154504 6.21
      vertex -1.5432036773712274 -19.639683210409114 6.21
      vertex -1.5509337819048548 -19.633339277567476 6.21
    endloop
  endfacet
  facet normal 0 0 1
    outer loop
      vertex -1.5432036773712274 -19.639683210409114 6.21
      vertex -1.3970557800217067 -19.442625582549006 6.21
      vertex -1.5509337819048548 -19.633339277567476 6.21
    endloop
  endfacet
  facet normal 0 0 1
    outer loop
      vertex -1.5509337819048548 -19.633339277567476 6.21
      vertex -1.3970557800217067 -19.442625582549006 6.21
      vertex -1.405370476144732 -19.437069880218807 6.21
    endloop
  endfacet
  facet normal 0 0 1
    outer loop
      vertex -1.3970557800217067 -19.442625582549006 6.21
      vertex -1.270926649907182 -19.232191842064992 6.21
      vertex -1.405370476144732 -19.437069880218807 6.21
    endloop
  endfacet
  facet normal 0 0 1
    outer loop
      vertex -5.554403841534433 -19.442625582549006 6.21
      vertex -5.671713759005474 -19.227477874696735 6.21
      vertex -5.680532971648958 -19.232191842064992 6.21
    endloop
  endfacet
  facet normal 0 0 1
    outer loop
      vertex -5.680532971648958 -19.232191842064992 6.21
      vertex -5.671713759005474 -19.227477874696735 6.21
      vertex -5.7761898467311745 -19.006581746589074 6.21
    endloop
  endfacet
  facet normal 0 0 1
    outer loop
      vertex -5.680532971648958 -19.232191842064992 6.21
      vertex -5.7761898467311745 -19.006581746589074 6.21
      vertex -5.785428642056287 -19.010408580912724 6.21
    endloop
  endfacet
  facet normal 0 0 1
    outer loop
      vertex -5.785428642056287 -19.010408580912724 6.21
      vertex -5.7761898467311745 -19.006581746589074 6.21
      vertex -5.85851124675127 -18.776508846363612 6.21
    endloop
  endfacet
  facet normal 0 0 1
    outer loop
      vertex -5.785428642056287 -19.010408580912724 6.21
      vertex -5.85851124675127 -18.776508846363612 6.21
      vertex -5.868080650108592 -18.779411693136154 6.21
    endloop
  endfacet
  facet normal 0 0 1
    outer loop
      vertex -5.868080650108592 -18.779411693136154 6.21
      vertex -5.85851124675127 -18.776508846363612 6.21
      vertex -5.917885158982114 -18.53947490182016 6.21
    endloop
  endfacet
  facet normal 0 0 1
    outer loop
      vertex -5.868080650108592 -18.779411693136154 6.21
      vertex -5.917885158982114 -18.53947490182016 6.21
      vertex -5.927693011786146 -18.54142580504032 6.21
    endloop
  endfacet
  facet normal 0 0 1
    outer loop
      vertex -5.927693011786146 -18.54142580504032 6.21
      vertex -5.917885158982114 -18.53947490182016 6.21
      vertex -5.953739780191841 -18.297762679420604 6.21
    endloop
  endfacet
  facet normal 0 0 1
    outer loop
      vertex -5.927693011786146 -18.54142580504032 6.21
      vertex -5.953739780191841 -18.297762679420604 6.21
      vertex -5.963691627458562 -18.2987428508239 6.21
    endloop
  endfacet
  facet normal 0 0 1
    outer loop
      vertex -5.963691627458562 -18.2987428508239 6.21
      vertex -5.953739780191841 -18.297762679420604 6.21
      vertex -5.96572981077807 -18.0537 6.21
    endloop
  endfacet
  facet normal 0 0 1
    outer loop
      vertex -5.963691627458562 -18.2987428508239 6.21
      vertex -5.96572981077807 -18.0537 6.21
      vertex -5.97572981077807 -18.0537 6.21
    endloop
  endfacet
  facet normal 0 0 1
    outer loop
      vertex -5.97572981077807 -18.0537 6.21
      vertex -5.96572981077807 -18.0537 6.21
      vertex -5.953739780191841 -17.809637320579395 6.21
    endloop
  endfacet
  facet normal 0 0 1
    outer loop
      vertex -5.97572981077807 -18.0537 6.21
      vertex -5.953739780191841 -17.809637320579395 6.21
      vertex -5.963691627458562 -17.8086571491761 6.21
    endloop
  endfacet
  facet normal 0 0 1
    outer loop
      vertex -5.963691627458562 -17.8086571491761 6.21
      vertex -5.953739780191841 -17.809637320579395 6.21
      vertex -5.917885158982114 -17.56792509817984 6.21
    endloop
  endfacet
  facet normal 0 0 1
    outer loop
      vertex -5.963691627458562 -17.8086571491761 6.21
      vertex -5.917885158982114 -17.56792509817984 6.21
      vertex -5.927693011786146 -17.56597419495968 6.21
    endloop
  endfacet
  facet normal 0 0 1
    outer loop
      vertex -5.927693011786146 -17.56597419495968 6.21
      vertex -5.917885158982114 -17.56792509817984 6.21
      vertex -5.85851124675127 -17.330891153636387 6.21
    endloop
  endfacet
  facet normal 0 0 1
    outer loop
      vertex -5.927693011786146 -17.56597419495968 6.21
      vertex -5.85851124675127 -17.330891153636387 6.21
      vertex -5.868080650108592 -17.327988306863844 6.21
    endloop
  endfacet
  facet normal 0 0 1
    outer loop
      vertex -5.868080650108592 -17.327988306863844 6.21
      vertex -5.85851124675127 -17.330891153636387 6.21
      vertex -5.7761898467311745 -17.100818253410925 6.21
    endloop
  endfacet
  facet normal 0 0 1
    outer loop
      vertex -5.868080650108592 -17.327988306863844 6.21
      vertex -5.7761898467311745 -17.100818253410925 6.21
      vertex -5.785428642056287 -17.096991419087274 6.21
    endloop
  endfacet
  facet normal 0 0 1
    outer loop
      vertex -5.785428642056287 -17.096991419087274 6.21
      vertex -5.7761898467311745 -17.100818253410925 6.21
      vertex -5.671713759005474 -16.879922125303263 6.21
    endloop
  endfacet
  facet normal 0 0 1
    outer loop
      vertex -5.785428642056287 -17.096991419087274 6.21
      vertex -5.671713759005474 -16.879922125303263 6.21
      vertex -5.680532971648958 -16.875208157935006 6.21
    endloop
  endfacet
  facet normal 0 0 1
    outer loop
      vertex -5.671713759005474 -16.879922125303263 6.21
      vertex -5.546089145411408 -16.67033011978119 6.21
      vertex -5.680532971648958 -16.875208157935006 6.21
    endloop
  endfacet
  facet normal 0 0 1
    outer loop
      vertex -5.680532971648958 -16.875208157935006 6.21
      vertex -5.546089145411408 -16.67033011978119 6.21
      vertex -5.554403841534433 -16.664774417450992 6.21
    endloop
  endfacet
  facet normal 0 0 1
    outer loop
      vertex -5.546089145411408 -16.67033011978119 6.21
      vertex -5.400525839651285 -16.474060722432522 6.21
      vertex -5.554403841534433 -16.664774417450992 6.21
    endloop
  endfacet
  facet normal 0 0 1
    outer loop
      vertex -5.554403841534433 -16.664774417450992 6.21
      vertex -5.400525839651285 -16.474060722432522 6.21
      vertex -5.408255944184912 -16.467716789590884 6.21
    endloop
  endfacet
  facet normal 0 0 1
    outer loop
      vertex -5.400525839651285 -16.474060722432522 6.21
      vertex -5.2364256959325735 -16.293004114845495 6.21
      vertex -5.408255944184912 -16.467716789590884 6.21
    endloop
  endfacet
  facet normal 0 0 1
    outer loop
      vertex -5.408255944184912 -16.467716789590884 6.21
      vertex -5.2364256959325735 -16.293004114845495 6.21
      vertex -5.243496763744439 -16.28593304703363 6.21
    endloop
  endfacet
  facet normal 0 0 1
    outer loop
      vertex -5.243496763744439 -16.28593304703363 6.21
      vertex -5.2364256959325735 -16.293004114845495 6.21
      vertex -5.0553690883455475 -16.128903971126785 6.21
    endloop
  endfacet
  facet normal 0 0 1
    outer loop
      vertex -5.243496763744439 -16.28593304703363 6.21
      vertex -5.0553690883455475 -16.128903971126785 6.21
      vertex -5.061713021187184 -16.121173866593157 6.21
    endloop
  endfacet
  facet normal 0 0 1
    outer loop
      vertex -1.405370476144732 -19.437069880218807 6.21
      vertex -1.270926649907182 -19.232191842064992 6.21
      vertex -1.2797458625506657 -19.227477874696735 6.21
    endloop
  endfacet
  facet normal 0 0 1
    outer loop
      vertex -1.270926649907182 -19.232191842064992 6.21
      vertex -1.166030979499853 -19.010408580912724 6.21
      vertex -1.2797458625506657 -19.227477874696735 6.21
    endloop
  endfacet
  facet normal 0 0 1
    outer loop
      vertex -1.2797458625506657 -19.227477874696735 6.21
      vertex -1.166030979499853 -19.010408580912724 6.21
      vertex -1.1752697748249656 -19.006581746589074 6.21
    endloop
  endfacet
  facet normal 0 0 1
    outer loop
      vertex -1.1752697748249656 -19.006581746589074 6.21
      vertex -1.166030979499853 -19.010408580912724 6.21
      vertex -1.083378971447548 -18.779411693136154 6.21
    endloop
  endfacet
  facet normal 0 0 1
    outer loop
      vertex -1.1752697748249656 -19.006581746589074 6.21
      vertex -1.083378971447548 -18.779411693136154 6.21
      vertex -1.09294837480487 -18.776508846363612 6.21
    endloop
  endfacet
  facet normal 0 0 1
    outer loop
      vertex -1.083378971447548 -18.779411693136154 6.21
      vertex -1.0237666097699938 -18.54142580504032 6.21
      vertex -1.09294837480487 -18.776508846363612 6.21
    endloop
  endfacet
  facet normal 0 0 1
    outer loop
      vertex -1.09294837480487 -18.776508846363612 6.21
      vertex -1.0237666097699938 -18.54142580504032 6.21
      vertex -1.033574462574026 -18.53947490182016 6.21
    endloop
  endfacet
  facet normal 0 0 1
    outer loop
      vertex -1.033574462574026 -18.53947490182016 6.21
      vertex -1.0237666097699938 -18.54142580504032 6.21
      vertex -0.9877679940975774 -18.2987428508239 6.21
    endloop
  endfacet
  facet normal 0 0 1
    outer loop
      vertex -1.033574462574026 -18.53947490182016 6.21
      vertex -0.9877679940975774 -18.2987428508239 6.21
      vertex -0.9977198413642996 -18.297762679420604 6.21
    endloop
  endfacet
  facet normal 0 0 1
    outer loop
      vertex -0.9977198413642996 -18.297762679420604 6.21
      vertex -0.9877679940975774 -18.2987428508239 6.21
      vertex -0.9757298107780699 -18.0537 6.21
    endloop
  endfacet
  facet normal 0 0 1
    outer loop
      vertex -0.9977198413642996 -18.297762679420604 6.21
      vertex -0.9757298107780699 -18.0537 6.21
      vertex -0.9857298107780696 -18.0537 6.21
    endloop
  endfacet
  facet normal 0 0 1
    outer loop
      vertex -0.9857298107780696 -18.0537 6.21
      vertex -0.9757298107780699 -18.0537 6.21
      vertex -0.9877679940975774 -17.8086571491761 6.21
    endloop
  endfacet
  facet normal 0 0 1
    outer loop
      vertex -0.9857298107780696 -18.0537 6.21
      vertex -0.9877679940975774 -17.8086571491761 6.21
      vertex -0.9977198413642991 -17.809637320579395 6.21
    endloop
  endfacet
  facet normal 0 0 1
    outer loop
      vertex -0.9977198413642991 -17.809637320579395 6.21
      vertex -0.9877679940975774 -17.8086571491761 6.21
      vertex -1.0237666097699938 -17.56597419495968 6.21
    endloop
  endfacet
  facet normal 0 0 1
    outer loop
      vertex -0.9977198413642991 -17.809637320579395 6.21
      vertex -1.0237666097699938 -17.56597419495968 6.21
      vertex -1.033574462574026 -17.56792509817984 6.21
    endloop
  endfacet
  facet normal 0 0 1
    outer loop
      vertex -1.033574462574026 -17.56792509817984 6.21
      vertex -1.0237666097699938 -17.56597419495968 6.21
      vertex -1.083378971447548 -17.327988306863844 6.21
    endloop
  endfacet
  facet normal 0 0 1
    outer loop
      vertex -1.033574462574026 -17.56792509817984 6.21
      vertex -1.083378971447548 -17.327988306863844 6.21
      vertex -1.09294837480487 -17.330891153636387 6.21
    endloop
  endfacet
  facet normal 0 0 1
    outer loop
      vertex -1.09294837480487 -17.330891153636387 6.21
      vertex -1.083378971447548 -17.327988306863844 6.21
      vertex -1.166030979499853 -17.096991419087274 6.21
    endloop
  endfacet
  facet normal 0 0 1
    outer loop
      vertex -1.09294837480487 -17.330891153636387 6.21
      vertex -1.166030979499853 -17.096991419087274 6.21
      vertex -1.1752697748249656 -17.100818253410925 6.21
    endloop
  endfacet
  facet normal 0 0 1
    outer loop
      vertex -1.1752697748249656 -17.100818253410925 6.21
      vertex -1.166030979499853 -17.096991419087274 6.21
      vertex -1.270926649907182 -16.875208157935006 6.21
    endloop
  endfacet
  facet normal 0 0 1
    outer loop
      vertex -1.1752697748249656 -17.100818253410925 6.21
      vertex -1.270926649907182 -16.875208157935006 6.21
      vertex -1.2797458625506657 -16.879922125303263 6.21
    endloop
  endfacet
  facet normal 0 0 1
    outer loop
      vertex -1.405370476144732 -16.67033011978119 6.21
      vertex -1.3970557800217067 -16.664774417450992 6.21
      vertex -1.5432036773712274 -16.467716789590884 6.21
    endloop
  endfacet
  facet normal 0 0 1
    outer loop
      vertex -1.405370476144732 -16.67033011978119 6.21
      vertex -1.5432036773712274 -16.467716789590884 6.21
      vertex -1.5509337819048548 -16.474060722432522 6.21
    endloop
  endfacet
  facet normal 0 0 1
    outer loop
      vertex -1.2797458625506657 -16.879922125303263 6.21
      vertex -1.270926649907182 -16.875208157935006 6.21
      vertex -1.3970557800217067 -16.664774417450992 6.21
    endloop
  endfacet
  facet normal 0 0 1
    outer loop
      vertex -1.2797458625506657 -16.879922125303263 6.21
      vertex -1.3970557800217067 -16.664774417450992 6.21
      vertex -1.405370476144732 -16.67033011978119 6.21
    endloop
  endfacet
  facet normal 0 0 1
    outer loop
      vertex -1.7150339256235665 -16.293004114845495 6.21
      vertex -1.5509337819048548 -16.474060722432522 6.21
      vertex -1.707962857811701 -16.28593304703363 6.21
    endloop
  endfacet
  facet normal 0 0 1
    outer loop
      vertex -1.707962857811701 -16.28593304703363 6.21
      vertex -1.5509337819048548 -16.474060722432522 6.21
      vertex -1.5432036773712274 -16.467716789590884 6.21
    endloop
  endfacet
  facet normal 0 0 1
    outer loop
      vertex -1.7150339256235665 -16.293004114845495 6.21
      vertex -1.707962857811701 -16.28593304703363 6.21
      vertex -1.889746600368956 -16.121173866593157 6.21
    endloop
  endfacet
  facet normal 0 0 1
    outer loop
      vertex -1.7150339256235665 -16.293004114845495 6.21
      vertex -1.889746600368956 -16.121173866593157 6.21
      vertex -1.8960905332105924 -16.128903971126785 6.21
    endloop
  endfacet
  facet normal 0 0 1
    outer loop
      vertex -5.061713021187184 -16.121173866593157 6.21
      vertex -5.0553690883455475 -16.128903971126785 6.21
      vertex -4.85909969099688 -15.983340665366661 6.21
    endloop
  endfacet
  facet normal 0 0 1
    outer loop
      vertex -5.061713021187184 -16.121173866593157 6.21
      vertex -4.85909969099688 -15.983340665366661 6.21
      vertex -4.864655393327075 -15.975025969243635 6.21
    endloop
  endfacet
  facet normal 0 0 1
    outer loop
      vertex -4.864655393327075 -15.975025969243635 6.21
      vertex -4.85909969099688 -15.983340665366661 6.21
      vertex -4.649507685474804 -15.857716051772595 6.21
    endloop
  endfacet
  facet normal 0 0 1
    outer loop
      vertex -4.864655393327075 -15.975025969243635 6.21
      vertex -4.649507685474804 -15.857716051772595 6.21
      vertex -4.654221652843064 -15.848896839129111 6.21
    endloop
  endfacet
  facet normal 0 0 1
    outer loop
      vertex -4.649507685474804 -15.857716051772595 6.21
      vertex -4.428611557367144 -15.753239964046895 6.21
      vertex -4.654221652843064 -15.848896839129111 6.21
    endloop
  endfacet
  facet normal 0 0 1
    outer loop
      vertex -4.654221652843064 -15.848896839129111 6.21
      vertex -4.428611557367144 -15.753239964046895 6.21
      vertex -4.432438391690795 -15.744001168721782 6.21
    endloop
  endfacet
  facet normal 0 0 1
    outer loop
      vertex -4.428611557367144 -15.753239964046895 6.21
      vertex -4.198538657141681 -15.670918564026799 6.21
      vertex -4.432438391690795 -15.744001168721782 6.21
    endloop
  endfacet
  facet normal 0 0 1
    outer loop
      vertex -4.432438391690795 -15.744001168721782 6.21
      vertex -4.198538657141681 -15.670918564026799 6.21
      vertex -4.201441503914226 -15.661349160669477 6.21
    endloop
  endfacet
  facet normal 0 0 1
    outer loop
      vertex -4.198538657141681 -15.670918564026799 6.21
      vertex -3.961504712598229 -15.611544651795956 6.21
      vertex -4.201441503914226 -15.661349160669477 6.21
    endloop
  endfacet
  facet normal 0 0 1
    outer loop
      vertex -4.201441503914226 -15.661349160669477 6.21
      vertex -3.961504712598229 -15.611544651795956 6.21
      vertex -3.9634556158183907 -15.601736798991922 6.21
    endloop
  endfacet
  facet normal 0 0 1
    outer loop
      vertex -3.961504712598229 -15.611544651795956 6.21
      vertex -3.719792490198676 -15.575690030586228 6.21
      vertex -3.9634556158183907 -15.601736798991922 6.21
    endloop
  endfacet
  facet normal 0 0 1
    outer loop
      vertex -3.9634556158183907 -15.601736798991922 6.21
      vertex -3.719792490198676 -15.575690030586228 6.21
      vertex -3.720772661601971 -15.565738183319507 6.21
    endloop
  endfacet
  facet normal 0 0 1
    outer loop
      vertex -3.719792490198676 -15.575690030586228 6.21
      vertex -3.47572981077807 -15.563699999999999 6.21
      vertex -3.720772661601971 -15.565738183319507 6.21
    endloop
  endfacet
  facet normal 0 0 1
    outer loop
      vertex -3.720772661601971 -15.565738183319507 6.21
      vertex -3.47572981077807 -15.563699999999999 6.21
      vertex -3.47572981077807 -15.5537 6.21
    endloop
  endfacet
  facet normal 0 0 1
    outer loop
      vertex -3.47572981077807 -15.563699999999999 6.21
      vertex -3.231667131357464 -15.575690030586228 6.21
      vertex -3.47572981077807 -15.5537 6.21
    endloop
  endfacet
  facet normal 0 0 1
    outer loop
      vertex -3.47572981077807 -15.5537 6.21
      vertex -3.231667131357464 -15.575690030586228 6.21
      vertex -3.2306869599541685 -15.565738183319507 6.21
    endloop
  endfacet
  facet normal 0 0 1
    outer loop
      vertex -2.9899549089579107 -15.611544651795956 6.21
      vertex -3.2306869599541685 -15.565738183319507 6.21
      vertex -3.231667131357464 -15.575690030586228 6.21
    endloop
  endfacet
  facet normal 0 0 1
    outer loop
      vertex -2.9899549089579107 -15.611544651795956 6.21
      vertex -2.988004005737749 -15.601736798991922 6.21
      vertex -3.2306869599541685 -15.565738183319507 6.21
    endloop
  endfacet
  facet normal 0 0 1
    outer loop
      vertex -2.9899549089579107 -15.611544651795956 6.21
      vertex -2.7529209644144585 -15.670918564026799 6.21
      vertex -2.988004005737749 -15.601736798991922 6.21
    endloop
  endfacet
  facet normal 0 0 1
    outer loop
      vertex -2.988004005737749 -15.601736798991922 6.21
      vertex -2.7529209644144585 -15.670918564026799 6.21
      vertex -2.750018117641914 -15.661349160669477 6.21
    endloop
  endfacet
  facet normal 0 0 1
    outer loop
      vertex -2.522848064188996 -15.753239964046895 6.21
      vertex -2.301951936081336 -15.857716051772595 6.21
      vertex -2.5190212298653454 -15.744001168721782 6.21
    endloop
  endfacet
  facet normal 0 0 1
    outer loop
      vertex -2.5190212298653454 -15.744001168721782 6.21
      vertex -2.301951936081336 -15.857716051772595 6.21
      vertex -2.297237968713076 -15.848896839129111 6.21
    endloop
  endfacet
  facet normal 0 0 1
    outer loop
      vertex -2.0923599305592604 -15.983340665366661 6.21
      vertex -2.0868042282290644 -15.975025969243635 6.21
      vertex -2.297237968713076 -15.848896839129111 6.21
    endloop
  endfacet
  facet normal 0 0 1
    outer loop
      vertex -2.0923599305592604 -15.983340665366661 6.21
      vertex -1.8960905332105924 -16.128903971126785 6.21
      vertex -2.0868042282290644 -15.975025969243635 6.21
    endloop
  endfacet
  facet normal 0 0 1
    outer loop
      vertex -2.0868042282290644 -15.975025969243635 6.21
      vertex -1.8960905332105924 -16.128903971126785 6.21
      vertex -1.889746600368956 -16.121173866593157 6.21
    endloop
  endfacet
  facet normal 0 0 1
    outer loop
      vertex -2.0923599305592604 -15.983340665366661 6.21
      vertex -2.297237968713076 -15.848896839129111 6.21
      vertex -2.301951936081336 -15.857716051772595 6.21
    endloop
  endfacet
  facet normal 0 0 1
    outer loop
      vertex -2.7529209644144585 -15.670918564026799 6.21
      vertex -2.522848064188996 -15.753239964046895 6.21
      vertex -2.750018117641914 -15.661349160669477 6.21
    endloop
  endfacet
  facet normal 0 0 1
    outer loop
      vertex -2.750018117641914 -15.661349160669477 6.21
      vertex -2.522848064188996 -15.753239964046895 6.21
      vertex -2.5190212298653454 -15.744001168721782 6.21
    endloop
  endfacet
  facet normal 0 0 -1
    outer loop
      vertex -47.26472580504032 4.494336798991924 4.7
      vertex -47.06963548302419 5.475122079395154 4.7
      vertex -47.0220428508239 4.4583381833195075 4.7
    endloop
  endfacet
  facet normal 0 0 -1
    outer loop
      vertex -47.0220428508239 4.4583381833195075 4.7
      vertex -46.777 5.4463 4.7
      vertex -46.777 4.4463 4.7
    endloop
  endfacet
  facet normal 0 0 -1
    outer loop
      vertex -46.777 4.4463 4.7
      vertex -46.777 5.4463 4.7
      vertex -46.5319571491761 4.4583381833195075 4.7
    endloop
  endfacet
  facet normal 0 0 -1
    outer loop
      vertex -46.5319571491761 4.4583381833195075 4.7
      vertex -46.48436451697581 5.475122079395154 4.7
      vertex -46.28927419495968 4.494336798991924 4.7
    endloop
  endfacet
  facet normal 0 0 -1
    outer loop
      vertex -47.733708580912726 4.636601168721783 4.7
      vertex -47.955491842064994 4.741496839129113 4.7
      vertex -47.837660171779824 5.885639828220178 4.7
    endloop
  endfacet
  facet normal 0 0 -1
    outer loop
      vertex -48.16592558254901 4.867625969243637 4.7
      vertex -48.02420441845382 6.112944650470597 4.7
      vertex -47.955491842064994 4.741496839129113 4.7
    endloop
  endfacet
  facet normal 0 0 -1
    outer loop
      vertex -48.16592558254901 4.867625969243637 4.7
      vertex -48.36298321040911 5.013773866593158 4.7
      vertex -48.21241050359831 6.510872984118306 4.7
    endloop
  endfacet
  facet normal 0 0 -1
    outer loop
      vertex -47.955491842064994 4.741496839129113 4.7
      vertex -47.93651568004411 5.994710073754532 4.7
      vertex -47.837660171779824 5.885639828220178 4.7
    endloop
  endfacet
  facet normal 0 0 -1
    outer loop
      vertex -47.955491842064994 4.741496839129113 4.7
      vertex -48.02420441845382 6.112944650470597 4.7
      vertex -47.93651568004411 5.994710073754532 4.7
    endloop
  endfacet
  facet normal 0 0 -1
    outer loop
      vertex -47.502711693136156 4.553949160669478 4.7
      vertex -47.733708580912726 4.636601168721783 4.7
      vertex -47.61035534952941 5.699095581546182 4.7
    endloop
  endfacet
  facet normal 0 0 -1
    outer loop
      vertex -47.502711693136156 4.553949160669478 4.7
      vertex -47.351025148547635 5.56048070123307 4.7
      vertex -47.26472580504032 4.494336798991924 4.7
    endloop
  endfacet
  facet normal 0 0 -1
    outer loop
      vertex -47.26472580504032 4.494336798991924 4.7
      vertex -47.351025148547635 5.56048070123307 4.7
      vertex -47.212427015881694 5.510889496401687 4.7
    endloop
  endfacet
  facet normal 0 0 -1
    outer loop
      vertex -47.26472580504032 4.494336798991924 4.7
      vertex -47.212427015881694 5.510889496401687 4.7
      vertex -47.06963548302419 5.475122079395154 4.7
    endloop
  endfacet
  facet normal 0 0 -1
    outer loop
      vertex -47.0220428508239 4.4583381833195075 4.7
      vertex -47.06963548302419 5.475122079395154 4.7
      vertex -46.92402571049434 5.453522909991705 4.7
    endloop
  endfacet
  facet normal 0 0 -1
    outer loop
      vertex -47.0220428508239 4.4583381833195075 4.7
      vertex -46.92402571049434 5.453522909991705 4.7
      vertex -46.777 5.4463 4.7
    endloop
  endfacet
  facet normal 0 0 -1
    outer loop
      vertex -47.733708580912726 4.636601168721783 4.7
      vertex -47.837660171779824 5.885639828220178 4.7
      vertex -47.72858992624547 5.786784319955895 4.7
    endloop
  endfacet
  facet normal 0 0 -1
    outer loop
      vertex -47.733708580912726 4.636601168721783 4.7
      vertex -47.72858992624547 5.786784319955895 4.7
      vertex -47.61035534952941 5.699095581546182 4.7
    endloop
  endfacet
  facet normal 0 0 -1
    outer loop
      vertex -47.502711693136156 4.553949160669478 4.7
      vertex -47.61035534952941 5.699095581546182 4.7
      vertex -47.484095105239 5.6234181034774675 4.7
    endloop
  endfacet
  facet normal 0 0 -1
    outer loop
      vertex -47.502711693136156 4.553949160669478 4.7
      vertex -47.484095105239 5.6234181034774675 4.7
      vertex -47.351025148547635 5.56048070123307 4.7
    endloop
  endfacet
  facet normal 0 0 -1
    outer loop
      vertex -48.16592558254901 4.867625969243637 4.7
      vertex -48.09988189652253 6.239204894761004 4.7
      vertex -48.02420441845382 6.112944650470597 4.7
    endloop
  endfacet
  facet normal 0 0 -1
    outer loop
      vertex -48.16592558254901 4.867625969243637 4.7
      vertex -48.162819298766934 6.3722748514523655 4.7
      vertex -48.09988189652253 6.239204894761004 4.7
    endloop
  endfacet
  facet normal 0 0 -1
    outer loop
      vertex -48.16592558254901 4.867625969243637 4.7
      vertex -48.21241050359831 6.510872984118306 4.7
      vertex -48.162819298766934 6.3722748514523655 4.7
    endloop
  endfacet
  facet normal 0 0 -1
    outer loop
      vertex -48.36298321040911 5.013773866593158 4.7
      vertex -48.2697770900083 6.799274289505659 4.7
      vertex -48.248177920604846 6.653664516975807 4.7
    endloop
  endfacet
  facet normal 0 0 -1
    outer loop
      vertex -48.54476695296637 5.178533047033631 4.7
      vertex -48.70952613340685 5.360316789590886 4.7
      vertex -48.54476695296637 8.71406695296637 4.7
    endloop
  endfacet
  facet normal 0 0 -1
    outer loop
      vertex -48.36298321040911 5.013773866593158 4.7
      vertex -48.277 6.9463 4.7
      vertex -48.2697770900083 6.799274289505659 4.7
    endloop
  endfacet
  facet normal 0 0 -1
    outer loop
      vertex -48.54476695296637 5.178533047033631 4.7
      vertex -48.36298321040911 8.878826133406843 4.7
      vertex -48.36298321040911 5.013773866593158 4.7
    endloop
  endfacet
  facet normal 0 0 -1
    outer loop
      vertex -48.36298321040911 5.013773866593158 4.7
      vertex -48.248177920604846 6.653664516975807 4.7
      vertex -48.21241050359831 6.510872984118306 4.7
    endloop
  endfacet
  facet normal 0 0 -1
    outer loop
      vertex -46.5319571491761 4.4583381833195075 4.7
      vertex -46.777 5.4463 4.7
      vertex -46.62997428950566 5.453522909991705 4.7
    endloop
  endfacet
  facet normal 0 0 -1
    outer loop
      vertex -46.5319571491761 4.4583381833195075 4.7
      vertex -46.62997428950566 5.453522909991705 4.7
      vertex -46.48436451697581 5.475122079395154 4.7
    endloop
  endfacet
  facet normal 0 0 -1
    outer loop
      vertex -46.28927419495968 4.494336798991924 4.7
      vertex -46.34157298411831 5.510889496401687 4.7
      vertex -46.051288306863846 4.553949160669478 4.7
    endloop
  endfacet
  facet normal 0 0 -1
    outer loop
      vertex -46.051288306863846 4.553949160669478 4.7
      vertex -46.069904894761 5.6234181034774675 4.7
      vertex -45.820291419087276 4.636601168721783 4.7
    endloop
  endfacet
  facet normal 0 0 -1
    outer loop
      vertex -46.28927419495968 4.494336798991924 4.7
      vertex -46.48436451697581 5.475122079395154 4.7
      vertex -46.34157298411831 5.510889496401687 4.7
    endloop
  endfacet
  facet normal 0 0 -1
    outer loop
      vertex -46.051288306863846 4.553949160669478 4.7
      vertex -46.34157298411831 5.510889496401687 4.7
      vertex -46.20297485145237 5.56048070123307 4.7
    endloop
  endfacet
  facet normal 0 0 -1
    outer loop
      vertex -46.051288306863846 4.553949160669478 4.7
      vertex -46.20297485145237 5.56048070123307 4.7
      vertex -46.069904894761 5.6234181034774675 4.7
    endloop
  endfacet
  facet normal 0 0 -1
    outer loop
      vertex -46.069904894761 5.6234181034774675 4.7
      vertex -45.943644650470596 5.699095581546182 4.7
      vertex -45.820291419087276 4.636601168721783 4.7
    endloop
  endfacet
  facet normal 0 0 -1
    outer loop
      vertex -45.820291419087276 4.636601168721783 4.7
      vertex -45.82541007375453 5.786784319955895 4.7
      vertex -45.59850815793501 4.741496839129113 4.7
    endloop
  endfacet
  facet normal 0 0 -1
    outer loop
      vertex -45.59850815793501 4.741496839129113 4.7
      vertex -45.61748431995589 5.994710073754532 4.7
      vertex -45.388074417450994 4.867625969243637 4.7
    endloop
  endfacet
  facet normal 0 0 -1
    outer loop
      vertex -45.943644650470596 5.699095581546182 4.7
      vertex -45.82541007375453 5.786784319955895 4.7
      vertex -45.820291419087276 4.636601168721783 4.7
    endloop
  endfacet
  facet normal 0 0 -1
    outer loop
      vertex -45.59850815793501 4.741496839129113 4.7
      vertex -45.82541007375453 5.786784319955895 4.7
      vertex -45.71633982822018 5.885639828220178 4.7
    endloop
  endfacet
  facet normal 0 0 -1
    outer loop
      vertex -45.59850815793501 4.741496839129113 4.7
      vertex -45.71633982822018 5.885639828220178 4.7
      vertex -45.61748431995589 5.994710073754532 4.7
    endloop
  endfacet
  facet normal 0 0 -1
    outer loop
      vertex -45.388074417450994 4.867625969243637 4.7
      vertex -45.305822079395156 6.653664516975807 4.7
      vertex -45.19101678959089 5.013773866593158 4.7
    endloop
  endfacet
  facet normal 0 0 -1
    outer loop
      vertex -45.388074417450994 4.867625969243637 4.7
      vertex -45.61748431995589 5.994710073754532 4.7
      vertex -45.52979558154618 6.112944650470597 4.7
    endloop
  endfacet
  facet normal 0 0 -1
    outer loop
      vertex -45.388074417450994 4.867625969243637 4.7
      vertex -45.52979558154618 6.112944650470597 4.7
      vertex -45.45411810347747 6.239204894761004 4.7
    endloop
  endfacet
  facet normal 0 0 -1
    outer loop
      vertex -45.388074417450994 4.867625969243637 4.7
      vertex -45.45411810347747 6.239204894761004 4.7
      vertex -45.39118070123307 6.3722748514523655 4.7
    endloop
  endfacet
  facet normal 0 0 -1
    outer loop
      vertex -45.388074417450994 4.867625969243637 4.7
      vertex -45.39118070123307 6.3722748514523655 4.7
      vertex -45.34158949640169 6.510872984118306 4.7
    endloop
  endfacet
  facet normal 0 0 -1
    outer loop
      vertex -45.388074417450994 4.867625969243637 4.7
      vertex -45.34158949640169 6.510872984118306 4.7
      vertex -45.305822079395156 6.653664516975807 4.7
    endloop
  endfacet
  facet normal 0 0 -1
    outer loop
      vertex -45.19101678959089 5.013773866593158 4.7
      vertex -45.305822079395156 6.653664516975807 4.7
      vertex -45.284222909991705 6.799274289505659 4.7
    endloop
  endfacet
  facet normal 0 0 -1
    outer loop
      vertex -45.19101678959089 5.013773866593158 4.7
      vertex -45.284222909991705 6.799274289505659 4.7
      vertex -45.277 6.9463 4.7
    endloop
  endfacet
  facet normal 0 0 -1
    outer loop
      vertex -45.19101678959089 5.013773866593158 4.7
      vertex -45.00923304703363 8.71406695296637 4.7
      vertex -45.00923304703363 5.178533047033631 4.7
    endloop
  endfacet
  facet normal -0.8032075314806563 -0.5956993044924181 0
    outer loop
      vertex -48.70952613340685 5.360316789590886 4.7
      vertex -48.70952613340685 5.360316789590886 6.21
      vertex -48.85567403075636 5.557374417450994 4.7
    endloop
  endfacet
  facet normal -0.8577286100002668 -0.5141027441932305 0
    outer loop
      vertex -48.85567403075636 5.557374417450994 4.7
      vertex -48.85567403075636 5.557374417450994 6.21
      vertex -48.98180316087089 5.767808157935006 4.7
    endloop
  endfacet
  facet normal -0.9039892931234416 -0.4275550934302858 0
    outer loop
      vertex -48.98180316087089 5.767808157935006 4.7
      vertex -48.98180316087089 5.767808157935006 6.21
      vertex -49.08669883127822 5.989591419087276 4.7
    endloop
  endfacet
  facet normal -0.9415440651830278 -0.3368898533922004 0
    outer loop
      vertex -49.08669883127822 5.989591419087276 4.7
      vertex -49.08669883127822 5.989591419087276 6.21
      vertex -49.16935083933052 6.220588306863844 4.7
    endloop
  endfacet
  facet normal -0.9700312531945395 -0.2429801799032816 0
    outer loop
      vertex -49.16935083933052 6.220588306863844 4.7
      vertex -49.16935083933052 6.220588306863844 6.21
      vertex -49.22896320100808 6.458574194959679 4.7
    endloop
  endfacet
  facet normal -0.5141027441932168 -0.8577286100002751 0
    outer loop
      vertex -48.16592558254901 4.867625969243637 4.7
      vertex -47.955491842064994 4.741496839129113 4.7
      vertex -48.16592558254901 4.867625969243637 6.21
    endloop
  endfacet
  facet normal -0.4275550934302856 -0.9039892931234418 -1.9440052442548157e-18
    outer loop
      vertex -47.733708580912726 4.636601168721783 4.7
      vertex -47.955491842064994 4.741496839129113 6.21
      vertex -47.955491842064994 4.741496839129113 4.7
    endloop
  endfacet
  facet normal -0.3368898533922174 -0.9415440651830217 1.4693461048538433e-18
    outer loop
      vertex -47.502711693136156 4.553949160669478 4.7
      vertex -47.733708580912726 4.636601168721783 6.21
      vertex -47.733708580912726 4.636601168721783 4.7
    endloop
  endfacet
  facet normal -0.2429801799032645 -0.9700312531945438 0
    outer loop
      vertex -47.502711693136156 4.553949160669478 4.7
      vertex -47.26472580504032 4.494336798991924 4.7
      vertex -47.502711693136156 4.553949160669478 6.21
    endloop
  endfacet
  facet normal -0.1467304744553623 -0.9891765099647808 0
    outer loop
      vertex -47.26472580504032 4.494336798991924 4.7
      vertex -47.0220428508239 4.4583381833195075 4.7
      vertex -47.26472580504032 4.494336798991924 6.21
    endloop
  endfacet
  facet normal -0.04906767432741743 -0.9987954562051724 -1.995658418223234e-20
    outer loop
      vertex -47.0220428508239 4.4583381833195075 4.7
      vertex -46.777 4.4463 4.7
      vertex -46.777 4.4463 6.21
    endloop
  endfacet
  facet normal 0.04906767432741743 -0.9987954562051724 1.995658418223234e-20
    outer loop
      vertex -46.777 4.4463 4.7
      vertex -46.5319571491761 4.4583381833195075 4.7
      vertex -46.5319571491761 4.4583381833195075 6.21
    endloop
  endfacet
  facet normal 0.1467304744553623 -0.9891765099647808 1.6534990819993255e-18
    outer loop
      vertex -46.5319571491761 4.4583381833195075 4.7
      vertex -46.28927419495968 4.494336798991924 4.7
      vertex -46.28927419495968 4.494336798991924 6.21
    endloop
  endfacet
  facet normal 0.2429801799032645 -0.9700312531945438 3.8145246069144583e-19
    outer loop
      vertex -46.28927419495968 4.494336798991924 4.7
      vertex -46.051288306863846 4.553949160669478 4.7
      vertex -46.051288306863846 4.553949160669478 6.21
    endloop
  endfacet
  facet normal 0.3368898533922174 -0.9415440651830217 -1.4693461048538433e-18
    outer loop
      vertex -46.051288306863846 4.553949160669478 4.7
      vertex -45.820291419087276 4.636601168721783 4.7
      vertex -45.820291419087276 4.636601168721783 6.21
    endloop
  endfacet
  facet normal 0.4275550934302856 -0.9039892931234418 1.9440052442548157e-18
    outer loop
      vertex -45.820291419087276 4.636601168721783 4.7
      vertex -45.59850815793501 4.741496839129113 4.7
      vertex -45.59850815793501 4.741496839129113 6.21
    endloop
  endfacet
  facet normal 0.5141027441932168 -0.8577286100002751 1.9790027926183674e-18
    outer loop
      vertex -45.59850815793501 4.741496839129113 4.7
      vertex -45.388074417450994 4.867625969243637 4.7
      vertex -45.388074417450994 4.867625969243637 6.21
    endloop
  endfacet
  facet normal -0.5956993044924415 -0.8032075314806388 2.5619202068355947e-18
    outer loop
      vertex -48.16592558254901 4.867625969243637 4.7
      vertex -48.36298321040911 5.013773866593158 6.21
      vertex -48.36298321040911 5.013773866593158 4.7
    endloop
  endfacet
  facet normal -0.7409511253549523 -0.6715589548470258 0
    outer loop
      vertex -48.54476695296637 5.178533047033631 4.7
      vertex -48.54476695296637 5.178533047033631 6.21
      vertex -48.70952613340685 5.360316789590886 4.7
    endloop
  endfacet
  facet normal -0.6715589548470123 -0.7409511253549645 3.191423652034866e-18
    outer loop
      vertex -48.54476695296637 5.178533047033631 4.7
      vertex -48.36298321040911 5.013773866593158 4.7
      vertex -48.36298321040911 5.013773866593158 6.21
    endloop
  endfacet
  facet normal 0.5956993044924415 -0.8032075314806388 -2.5619202068355947e-18
    outer loop
      vertex -45.388074417450994 4.867625969243637 4.7
      vertex -45.19101678959089 5.013773866593158 4.7
      vertex -45.19101678959089 5.013773866593158 6.21
    endloop
  endfacet
  facet normal 0.6715589548470123 -0.7409511253549645 -3.191423652034866e-18
    outer loop
      vertex -45.19101678959089 5.013773866593158 4.7
      vertex -45.00923304703363 5.178533047033631 4.7
      vertex -45.00923304703363 5.178533047033631 6.21
    endloop
  endfacet
  facet normal -0.8032075314806563 -0.5956993044924181 0
    outer loop
      vertex -48.85567403075636 5.557374417450994 4.7
      vertex -48.70952613340685 5.360316789590886 6.21
      vertex -48.85567403075636 5.557374417450994 6.21
    endloop
  endfacet
  facet normal -0.8577286100002668 -0.5141027441932305 0
    outer loop
      vertex -48.98180316087089 5.767808157935006 4.7
      vertex -48.85567403075636 5.557374417450994 6.21
      vertex -48.98180316087089 5.767808157935006 6.21
    endloop
  endfacet
  facet normal -0.9039892931234416 -0.4275550934302858 0
    outer loop
      vertex -49.08669883127822 5.989591419087276 4.7
      vertex -48.98180316087089 5.767808157935006 6.21
      vertex -49.08669883127822 5.989591419087276 6.21
    endloop
  endfacet
  facet normal -0.9415440651830278 -0.3368898533922004 0
    outer loop
      vertex -49.16935083933052 6.220588306863844 4.7
      vertex -49.08669883127822 5.989591419087276 6.21
      vertex -49.16935083933052 6.220588306863844 6.21
    endloop
  endfacet
  facet normal -0.9700312531945395 -0.2429801799032816 0
    outer loop
      vertex -49.22896320100808 6.458574194959679 4.7
      vertex -49.16935083933052 6.220588306863844 6.21
      vertex -49.22896320100808 6.458574194959679 6.21
    endloop
  endfacet
  facet normal -0.5141027441932168 -0.8577286100002751 0
    outer loop
      vertex -47.955491842064994 4.741496839129113 4.7
      vertex -47.955491842064994 4.741496839129113 6.21
      vertex -48.16592558254901 4.867625969243637 6.21
    endloop
  endfacet
  facet normal -0.3368898533922174 -0.9415440651830217 0
    outer loop
      vertex -47.502711693136156 4.553949160669478 4.7
      vertex -47.502711693136156 4.553949160669478 6.21
      vertex -47.733708580912726 4.636601168721783 6.21
    endloop
  endfacet
  facet normal -0.2429801799032645 -0.9700312531945438 0
    outer loop
      vertex -47.26472580504032 4.494336798991924 4.7
      vertex -47.26472580504032 4.494336798991924 6.21
      vertex -47.502711693136156 4.553949160669478 6.21
    endloop
  endfacet
  facet normal -0.4275550934302856 -0.9039892931234418 0
    outer loop
      vertex -47.733708580912726 4.636601168721783 4.7
      vertex -47.733708580912726 4.636601168721783 6.21
      vertex -47.955491842064994 4.741496839129113 6.21
    endloop
  endfacet
  facet normal -0.1467304744553623 -0.9891765099647808 0
    outer loop
      vertex -47.0220428508239 4.4583381833195075 4.7
      vertex -47.0220428508239 4.4583381833195075 6.21
      vertex -47.26472580504032 4.494336798991924 6.21
    endloop
  endfacet
  facet normal -0.04906767432741743 -0.9987954562051724 0
    outer loop
      vertex -47.0220428508239 4.4583381833195075 4.7
      vertex -46.777 4.4463 6.21
      vertex -47.0220428508239 4.4583381833195075 6.21
    endloop
  endfacet
  facet normal 0.04906767432741743 -0.9987954562051724 0
    outer loop
      vertex -46.777 4.4463 4.7
      vertex -46.5319571491761 4.4583381833195075 6.21
      vertex -46.777 4.4463 6.21
    endloop
  endfacet
  facet normal 0.1467304744553623 -0.9891765099647808 0
    outer loop
      vertex -46.5319571491761 4.4583381833195075 4.7
      vertex -46.28927419495968 4.494336798991924 6.21
      vertex -46.5319571491761 4.4583381833195075 6.21
    endloop
  endfacet
  facet normal 0.2429801799032645 -0.9700312531945438 0
    outer loop
      vertex -46.28927419495968 4.494336798991924 4.7
      vertex -46.051288306863846 4.553949160669478 6.21
      vertex -46.28927419495968 4.494336798991924 6.21
    endloop
  endfacet
  facet normal 0.3368898533922174 -0.9415440651830217 0
    outer loop
      vertex -46.051288306863846 4.553949160669478 4.7
      vertex -45.820291419087276 4.636601168721783 6.21
      vertex -46.051288306863846 4.553949160669478 6.21
    endloop
  endfacet
  facet normal 0.4275550934302856 -0.9039892931234418 0
    outer loop
      vertex -45.820291419087276 4.636601168721783 4.7
      vertex -45.59850815793501 4.741496839129113 6.21
      vertex -45.820291419087276 4.636601168721783 6.21
    endloop
  endfacet
  facet normal 0.5141027441932168 -0.8577286100002751 0
    outer loop
      vertex -45.59850815793501 4.741496839129113 4.7
      vertex -45.388074417450994 4.867625969243637 6.21
      vertex -45.59850815793501 4.741496839129113 6.21
    endloop
  endfacet
  facet normal -0.6715589548470123 -0.7409511253549645 0
    outer loop
      vertex -48.54476695296637 5.178533047033631 4.7
      vertex -48.36298321040911 5.013773866593158 6.21
      vertex -48.54476695296637 5.178533047033631 6.21
    endloop
  endfacet
  facet normal -0.5956993044924415 -0.8032075314806388 0
    outer loop
      vertex -48.16592558254901 4.867625969243637 4.7
      vertex -48.16592558254901 4.867625969243637 6.21
      vertex -48.36298321040911 5.013773866593158 6.21
    endloop
  endfacet
  facet normal -0.7409511253549523 -0.6715589548470258 0
    outer loop
      vertex -48.70952613340685 5.360316789590886 4.7
      vertex -48.54476695296637 5.178533047033631 6.21
      vertex -48.70952613340685 5.360316789590886 6.21
    endloop
  endfacet
  facet normal 0.5956993044924415 -0.8032075314806388 0
    outer loop
      vertex -45.388074417450994 4.867625969243637 4.7
      vertex -45.19101678959089 5.013773866593158 6.21
      vertex -45.388074417450994 4.867625969243637 6.21
    endloop
  endfacet
  facet normal 0.6715589548470123 -0.7409511253549645 0
    outer loop
      vertex -45.19101678959089 5.013773866593158 4.7
      vertex -45.00923304703363 5.178533047033631 6.21
      vertex -45.19101678959089 5.013773866593158 6.21
    endloop
  endfacet
  facet normal 0 0 -1
    outer loop
      vertex -48.98180316087089 5.767808157935006 4.7
      vertex -49.08669883127822 5.989591419087276 4.7
      vertex -48.98180316087089 8.124791842064994 4.7
    endloop
  endfacet
  facet normal 0 0 -1
    outer loop
      vertex -48.70952613340685 5.360316789590886 4.7
      vertex -48.85567403075636 5.557374417450994 4.7
      vertex -48.70952613340685 8.532283210409114 4.7
    endloop
  endfacet
  facet normal 0 0 -1
    outer loop
      vertex -48.85567403075636 5.557374417450994 4.7
      vertex -48.98180316087089 5.767808157935006 4.7
      vertex -48.85567403075636 8.335225582549006 4.7
    endloop
  endfacet
  facet normal 0 0 -1
    outer loop
      vertex -49.08669883127822 5.989591419087276 4.7
      vertex -49.16935083933052 6.220588306863844 4.7
      vertex -49.08669883127822 7.903008580912724 4.7
    endloop
  endfacet
  facet normal 0 0 -1
    outer loop
      vertex -49.16935083933052 6.220588306863844 4.7
      vertex -49.22896320100808 6.458574194959679 4.7
      vertex -49.16935083933052 7.672011693136156 4.7
    endloop
  endfacet
  facet normal 0 0 -1
    outer loop
      vertex -49.22896320100808 6.458574194959679 4.7
      vertex -49.2649618166805 6.701257149176098 4.7
      vertex -49.22896320100808 7.434025805040321 4.7
    endloop
  endfacet
  facet normal 0 0 -1
    outer loop
      vertex -49.2649618166805 6.701257149176098 4.7
      vertex -49.277 6.9463 4.7
      vertex -49.2649618166805 7.191342850823902 4.7
    endloop
  endfacet
  facet normal 0 0 -1
    outer loop
      vertex -49.2649618166805 6.701257149176098 4.7
      vertex -49.2649618166805 7.191342850823902 4.7
      vertex -49.22896320100808 7.434025805040321 4.7
    endloop
  endfacet
  facet normal 0 0 -1
    outer loop
      vertex -49.22896320100808 6.458574194959679 4.7
      vertex -49.22896320100808 7.434025805040321 4.7
      vertex -49.16935083933052 7.672011693136156 4.7
    endloop
  endfacet
  facet normal 0 0 -1
    outer loop
      vertex -49.16935083933052 6.220588306863844 4.7
      vertex -49.16935083933052 7.672011693136156 4.7
      vertex -49.08669883127822 7.903008580912724 4.7
    endloop
  endfacet
  facet normal 0 0 -1
    outer loop
      vertex -49.08669883127822 5.989591419087276 4.7
      vertex -49.08669883127822 7.903008580912724 4.7
      vertex -48.98180316087089 8.124791842064994 4.7
    endloop
  endfacet
  facet normal 0 0 -1
    outer loop
      vertex -48.98180316087089 5.767808157935006 4.7
      vertex -48.98180316087089 8.124791842064994 4.7
      vertex -48.85567403075636 8.335225582549006 4.7
    endloop
  endfacet
  facet normal 0 0 -1
    outer loop
      vertex -48.85567403075636 5.557374417450994 4.7
      vertex -48.85567403075636 8.335225582549006 4.7
      vertex -48.70952613340685 8.532283210409114 4.7
    endloop
  endfacet
  facet normal 0 0 -1
    outer loop
      vertex -48.36298321040911 5.013773866593158 4.7
      vertex -48.36298321040911 8.878826133406843 4.7
      vertex -48.277 6.9463 4.7
    endloop
  endfacet
  facet normal 0 0 -1
    outer loop
      vertex -48.70952613340685 5.360316789590886 4.7
      vertex -48.70952613340685 8.532283210409114 4.7
      vertex -48.54476695296637 8.71406695296637 4.7
    endloop
  endfacet
  facet normal 0 0 -1
    outer loop
      vertex -48.54476695296637 5.178533047033631 4.7
      vertex -48.54476695296637 8.71406695296637 4.7
      vertex -48.36298321040911 8.878826133406843 4.7
    endloop
  endfacet
  facet normal 0 0 -1
    outer loop
      vertex -48.277 6.9463 4.7
      vertex -48.36298321040911 8.878826133406843 4.7
      vertex -48.2697770900083 7.093325710494341 4.7
    endloop
  endfacet
  facet normal 0 0 -1
    outer loop
      vertex -48.2697770900083 7.093325710494341 4.7
      vertex -48.36298321040911 8.878826133406843 4.7
      vertex -48.248177920604846 7.238935483024193 4.7
    endloop
  endfacet
  facet normal 0 0 -1
    outer loop
      vertex -48.248177920604846 7.238935483024193 4.7
      vertex -48.16592558254901 9.024974030756363 4.7
      vertex -48.21241050359831 7.381727015881694 4.7
    endloop
  endfacet
  facet normal 0 0 -1
    outer loop
      vertex -48.21241050359831 7.381727015881694 4.7
      vertex -48.16592558254901 9.024974030756363 4.7
      vertex -48.162819298766934 7.520325148547634 4.7
    endloop
  endfacet
  facet normal 0 0 -1
    outer loop
      vertex -45.19101678959089 5.013773866593158 4.7
      vertex -45.277 6.9463 4.7
      vertex -45.19101678959089 8.878826133406843 4.7
    endloop
  endfacet
  facet normal 0 0 -1
    outer loop
      vertex -45.277 6.9463 4.7
      vertex -45.284222909991705 7.093325710494341 4.7
      vertex -45.19101678959089 8.878826133406843 4.7
    endloop
  endfacet
  facet normal 0 0 -1
    outer loop
      vertex -45.19101678959089 5.013773866593158 4.7
      vertex -45.19101678959089 8.878826133406843 4.7
      vertex -45.00923304703363 8.71406695296637 4.7
    endloop
  endfacet
  facet normal 0 0 -1
    outer loop
      vertex -45.284222909991705 7.093325710494341 4.7
      vertex -45.305822079395156 7.238935483024193 4.7
      vertex -45.19101678959089 8.878826133406843 4.7
    endloop
  endfacet
  facet normal 0 0 -1
    outer loop
      vertex -45.305822079395156 7.238935483024193 4.7
      vertex -45.34158949640169 7.381727015881694 4.7
      vertex -45.19101678959089 8.878826133406843 4.7
    endloop
  endfacet
  facet normal 0 0 -1
    outer loop
      vertex -45.34158949640169 7.381727015881694 4.7
      vertex -45.39118070123307 7.520325148547634 4.7
      vertex -45.388074417450994 9.024974030756363 4.7
    endloop
  endfacet
  facet normal 0 0 -1
    outer loop
      vertex -48.162819298766934 7.520325148547634 4.7
      vertex -48.16592558254901 9.024974030756363 4.7
      vertex -48.09988189652253 7.653395105238996 4.7
    endloop
  endfacet
  facet normal 0 0 -1
    outer loop
      vertex -48.09988189652253 7.653395105238996 4.7
      vertex -48.16592558254901 9.024974030756363 4.7
      vertex -48.02420441845382 7.779655349529403 4.7
    endloop
  endfacet
  facet normal 0 0 -1
    outer loop
      vertex -48.02420441845382 7.779655349529403 4.7
      vertex -48.16592558254901 9.024974030756363 4.7
      vertex -47.93651568004411 7.897889926245468 4.7
    endloop
  endfacet
  facet normal 0 0 -1
    outer loop
      vertex -48.248177920604846 7.238935483024193 4.7
      vertex -48.36298321040911 8.878826133406843 4.7
      vertex -48.16592558254901 9.024974030756363 4.7
    endloop
  endfacet
  facet normal 0 0 -1
    outer loop
      vertex -47.93651568004411 7.897889926245468 4.7
      vertex -47.955491842064994 9.151103160870887 4.7
      vertex -47.837660171779824 8.006960171779822 4.7
    endloop
  endfacet
  facet normal 0 0 -1
    outer loop
      vertex -47.837660171779824 8.006960171779822 4.7
      vertex -47.955491842064994 9.151103160870887 4.7
      vertex -47.72858992624547 8.105815680044106 4.7
    endloop
  endfacet
  facet normal 0 0 -1
    outer loop
      vertex -47.93651568004411 7.897889926245468 4.7
      vertex -48.16592558254901 9.024974030756363 4.7
      vertex -47.955491842064994 9.151103160870887 4.7
    endloop
  endfacet
  facet normal 0 0 -1
    outer loop
      vertex -47.72858992624547 8.105815680044106 4.7
      vertex -47.733708580912726 9.255998831278216 4.7
      vertex -47.61035534952941 8.193504418453818 4.7
    endloop
  endfacet
  facet normal 0 0 -1
    outer loop
      vertex -47.61035534952941 8.193504418453818 4.7
      vertex -47.733708580912726 9.255998831278216 4.7
      vertex -47.484095105239 8.269181896522532 4.7
    endloop
  endfacet
  facet normal 0 0 -1
    outer loop
      vertex -47.484095105239 8.269181896522532 4.7
      vertex -47.502711693136156 9.338650839330523 4.7
      vertex -47.351025148547635 8.33211929876693 4.7
    endloop
  endfacet
  facet normal 0 0 -1
    outer loop
      vertex -47.72858992624547 8.105815680044106 4.7
      vertex -47.955491842064994 9.151103160870887 4.7
      vertex -47.733708580912726 9.255998831278216 4.7
    endloop
  endfacet
  facet normal 0 0 -1
    outer loop
      vertex -47.351025148547635 8.33211929876693 4.7
      vertex -47.502711693136156 9.338650839330523 4.7
      vertex -47.212427015881694 8.381710503598313 4.7
    endloop
  endfacet
  facet normal 0 0 -1
    outer loop
      vertex -47.212427015881694 8.381710503598313 4.7
      vertex -47.26472580504032 9.398263201008076 4.7
      vertex -47.06963548302419 8.417477920604846 4.7
    endloop
  endfacet
  facet normal 0 0 -1
    outer loop
      vertex -47.06963548302419 8.417477920604846 4.7
      vertex -47.0220428508239 9.434261816680493 4.7
      vertex -46.92402571049434 8.439077090008295 4.7
    endloop
  endfacet
  facet normal 0 0 -1
    outer loop
      vertex -46.92402571049434 8.439077090008295 4.7
      vertex -47.0220428508239 9.434261816680493 4.7
      vertex -46.777 8.4463 4.7
    endloop
  endfacet
  facet normal 0 0 -1
    outer loop
      vertex -47.484095105239 8.269181896522532 4.7
      vertex -47.733708580912726 9.255998831278216 4.7
      vertex -47.502711693136156 9.338650839330523 4.7
    endloop
  endfacet
  facet normal 0 0 -1
    outer loop
      vertex -47.212427015881694 8.381710503598313 4.7
      vertex -47.502711693136156 9.338650839330523 4.7
      vertex -47.26472580504032 9.398263201008076 4.7
    endloop
  endfacet
  facet normal 0 0 -1
    outer loop
      vertex -47.06963548302419 8.417477920604846 4.7
      vertex -47.26472580504032 9.398263201008076 4.7
      vertex -47.0220428508239 9.434261816680493 4.7
    endloop
  endfacet
  facet normal 0 0 -1
    outer loop
      vertex -46.777 8.4463 4.7
      vertex -46.5319571491761 9.434261816680493 4.7
      vertex -46.62997428950566 8.439077090008295 4.7
    endloop
  endfacet
  facet normal 0 0 -1
    outer loop
      vertex -46.62997428950566 8.439077090008295 4.7
      vertex -46.5319571491761 9.434261816680493 4.7
      vertex -46.48436451697581 8.417477920604846 4.7
    endloop
  endfacet
  facet normal 0 0 -1
    outer loop
      vertex -46.20297485145237 8.33211929876693 4.7
      vertex -46.051288306863846 9.338650839330523 4.7
      vertex -46.069904894761 8.269181896522532 4.7
    endloop
  endfacet
  facet normal 0 0 -1
    outer loop
      vertex -45.943644650470596 8.193504418453818 4.7
      vertex -46.069904894761 8.269181896522532 4.7
      vertex -46.051288306863846 9.338650839330523 4.7
    endloop
  endfacet
  facet normal 0 0 -1
    outer loop
      vertex -46.48436451697581 8.417477920604846 4.7
      vertex -46.28927419495968 9.398263201008076 4.7
      vertex -46.34157298411831 8.381710503598313 4.7
    endloop
  endfacet
  facet normal 0 0 -1
    outer loop
      vertex -46.34157298411831 8.381710503598313 4.7
      vertex -46.28927419495968 9.398263201008076 4.7
      vertex -46.20297485145237 8.33211929876693 4.7
    endloop
  endfacet
  facet normal 0 0 -1
    outer loop
      vertex -45.71633982822018 8.006960171779822 4.7
      vertex -45.82541007375453 8.105815680044106 4.7
      vertex -45.820291419087276 9.255998831278216 4.7
    endloop
  endfacet
  facet normal 0 0 -1
    outer loop
      vertex -45.71633982822018 8.006960171779822 4.7
      vertex -45.59850815793501 9.151103160870887 4.7
      vertex -45.61748431995589 7.897889926245468 4.7
    endloop
  endfacet
  facet normal 0 0 -1
    outer loop
      vertex -45.52979558154618 7.779655349529403 4.7
      vertex -45.61748431995589 7.897889926245468 4.7
      vertex -45.59850815793501 9.151103160870887 4.7
    endloop
  endfacet
  facet normal 0 0 -1
    outer loop
      vertex -45.39118070123307 7.520325148547634 4.7
      vertex -45.45411810347747 7.653395105238996 4.7
      vertex -45.388074417450994 9.024974030756363 4.7
    endloop
  endfacet
  facet normal 0 0 -1
    outer loop
      vertex -45.52979558154618 7.779655349529403 4.7
      vertex -45.388074417450994 9.024974030756363 4.7
      vertex -45.45411810347747 7.653395105238996 4.7
    endloop
  endfacet
  facet normal 0 0 -1
    outer loop
      vertex -45.34158949640169 7.381727015881694 4.7
      vertex -45.388074417450994 9.024974030756363 4.7
      vertex -45.19101678959089 8.878826133406843 4.7
    endloop
  endfacet
  facet normal 0 0 -1
    outer loop
      vertex -45.943644650470596 8.193504418453818 4.7
      vertex -45.820291419087276 9.255998831278216 4.7
      vertex -45.82541007375453 8.105815680044106 4.7
    endloop
  endfacet
  facet normal 0 0 -1
    outer loop
      vertex -45.52979558154618 7.779655349529403 4.7
      vertex -45.59850815793501 9.151103160870887 4.7
      vertex -45.388074417450994 9.024974030756363 4.7
    endloop
  endfacet
  facet normal 0 0 -1
    outer loop
      vertex -45.71633982822018 8.006960171779822 4.7
      vertex -45.820291419087276 9.255998831278216 4.7
      vertex -45.59850815793501 9.151103160870887 4.7
    endloop
  endfacet
  facet normal 0 0 -1
    outer loop
      vertex -46.777 8.4463 4.7
      vertex -47.0220428508239 9.434261816680493 4.7
      vertex -46.777 9.4463 4.7
    endloop
  endfacet
  facet normal 0 0 -1
    outer loop
      vertex -46.777 8.4463 4.7
      vertex -46.777 9.4463 4.7
      vertex -46.5319571491761 9.434261816680493 4.7
    endloop
  endfacet
  facet normal 0 0 -1
    outer loop
      vertex -46.48436451697581 8.417477920604846 4.7
      vertex -46.5319571491761 9.434261816680493 4.7
      vertex -46.28927419495968 9.398263201008076 4.7
    endloop
  endfacet
  facet normal 0 0 -1
    outer loop
      vertex -46.20297485145237 8.33211929876693 4.7
      vertex -46.28927419495968 9.398263201008076 4.7
      vertex -46.051288306863846 9.338650839330523 4.7
    endloop
  endfacet
  facet normal 0 0 -1
    outer loop
      vertex -45.943644650470596 8.193504418453818 4.7
      vertex -46.051288306863846 9.338650839330523 4.7
      vertex -45.820291419087276 9.255998831278216 4.7
    endloop
  endfacet
  facet normal -0.9891765099647792 -0.1467304744553735 0
    outer loop
      vertex -49.22896320100808 6.458574194959679 4.7
      vertex -49.22896320100808 6.458574194959679 6.21
      vertex -49.2649618166805 6.701257149176098 4.7
    endloop
  endfacet
  facet normal -0.9987954562051731 -0.04906767432740263 0
    outer loop
      vertex -49.2649618166805 6.701257149176098 4.7
      vertex -49.2649618166805 6.701257149176098 6.21
      vertex -49.277 6.9463 4.7
    endloop
  endfacet
  facet normal -0.9987954562051731 0.04906767432740263 0
    outer loop
      vertex -49.277 6.9463 4.7
      vertex -49.277 6.9463 6.21
      vertex -49.2649618166805 7.191342850823902 4.7
    endloop
  endfacet
  facet normal -0.9891765099647792 0.1467304744553735 -1.4851293928843798e-18
    outer loop
      vertex -49.2649618166805 7.191342850823902 4.7
      vertex -49.22896320100808 7.434025805040321 6.21
      vertex -49.22896320100808 7.434025805040321 4.7
    endloop
  endfacet
  facet normal -0.9700312531945395 0.2429801799032816 1.523416653285918e-18
    outer loop
      vertex -49.22896320100808 7.434025805040321 4.7
      vertex -49.16935083933052 7.672011693136156 6.21
      vertex -49.16935083933052 7.672011693136156 4.7
    endloop
  endfacet
  facet normal -0.9415440651830278 0.3368898533922004 -2.6779062113833496e-18
    outer loop
      vertex -49.16935083933052 7.672011693136156 4.7
      vertex -49.08669883127822 7.903008580912724 6.21
      vertex -49.08669883127822 7.903008580912724 4.7
    endloop
  endfacet
  facet normal -0.9039892931234416 0.4275550934302858 -2.8968929715732077e-18
    outer loop
      vertex -49.08669883127822 7.903008580912724 4.7
      vertex -48.98180316087089 8.124791842064994 6.21
      vertex -48.98180316087089 8.124791842064994 4.7
    endloop
  endfacet
  facet normal -0.8577286100002668 0.5141027441932305 0
    outer loop
      vertex -48.98180316087089 8.124791842064994 4.7
      vertex -48.98180316087089 8.124791842064994 6.21
      vertex -48.85567403075636 8.335225582549006 4.7
    endloop
  endfacet
  facet normal -0.8032075314806563 0.5956993044924181 2.3845789188001788e-18
    outer loop
      vertex -48.85567403075636 8.335225582549006 4.7
      vertex -48.70952613340685 8.532283210409114 6.21
      vertex -48.70952613340685 8.532283210409114 4.7
    endloop
  endfacet
  facet normal -0.740951125354954 0.671558954847024 4.2057113369132096e-18
    outer loop
      vertex -48.70952613340685 8.532283210409114 4.7
      vertex -48.54476695296637 8.71406695296637 6.21
      vertex -48.54476695296637 8.71406695296637 4.7
    endloop
  endfacet
  facet normal -0.6715589548470123 0.7409511253549645 -3.191423652034866e-18
    outer loop
      vertex -48.54476695296637 8.71406695296637 4.7
      vertex -48.36298321040911 8.878826133406843 6.21
      vertex -48.36298321040911 8.878826133406843 4.7
    endloop
  endfacet
  facet normal -0.595699304492439 0.8032075314806406 2.619360283677034e-18
    outer loop
      vertex -48.36298321040911 8.878826133406843 4.7
      vertex -48.16592558254901 9.024974030756363 6.21
      vertex -48.16592558254901 9.024974030756363 4.7
    endloop
  endfacet
  facet normal -0.5141027441932168 0.8577286100002751 1.9790027926183674e-18
    outer loop
      vertex -48.16592558254901 9.024974030756363 4.7
      vertex -47.955491842064994 9.151103160870887 6.21
      vertex -47.955491842064994 9.151103160870887 4.7
    endloop
  endfacet
  facet normal -0.42755509343028264 0.9039892931234431 4.036992031853446e-18
    outer loop
      vertex -47.955491842064994 9.151103160870887 4.7
      vertex -47.733708580912726 9.255998831278216 6.21
      vertex -47.733708580912726 9.255998831278216 4.7
    endloop
  endfacet
  facet normal -0.33688985339222377 0.9415440651830194 1.0630697244300231e-18
    outer loop
      vertex -47.733708580912726 9.255998831278216 4.7
      vertex -47.502711693136156 9.338650839330523 6.21
      vertex -47.502711693136156 9.338650839330523 4.7
    endloop
  endfacet
  facet normal -0.24298017990326115 0.9700312531945446 1.089581281103051e-18
    outer loop
      vertex -47.502711693136156 9.338650839330523 4.7
      vertex -47.26472580504032 9.398263201008076 6.21
      vertex -47.26472580504032 9.398263201008076 4.7
    endloop
  endfacet
  facet normal -0.14673047445536588 0.9891765099647803 0
    outer loop
      vertex -47.26472580504032 9.398263201008076 4.7
      vertex -47.26472580504032 9.398263201008076 6.21
      vertex -47.0220428508239 9.434261816680493 4.7
    endloop
  endfacet
  facet normal 0.6715589548470123 0.7409511253549645 0
    outer loop
      vertex -45.19101678959089 8.878826133406843 4.7
      vertex -45.19101678959089 8.878826133406843 6.21
      vertex -45.00923304703363 8.71406695296637 4.7
    endloop
  endfacet
  facet normal -0.04906767432741743 0.9987954562051724 1.995658418223234e-20
    outer loop
      vertex -47.0220428508239 9.434261816680493 4.7
      vertex -46.777 9.4463 6.21
      vertex -46.777 9.4463 4.7
    endloop
  endfacet
  facet normal 0.04906767432741743 0.9987954562051724 -1.995658418223234e-20
    outer loop
      vertex -46.777 9.4463 4.7
      vertex -46.5319571491761 9.434261816680493 6.21
      vertex -46.5319571491761 9.434261816680493 4.7
    endloop
  endfacet
  facet normal 0.14673047445536588 0.9891765099647803 0
    outer loop
      vertex -46.5319571491761 9.434261816680493 4.7
      vertex -46.5319571491761 9.434261816680493 6.21
      vertex -46.28927419495968 9.398263201008076 4.7
    endloop
  endfacet
  facet normal 0.24298017990326115 0.9700312531945446 0
    outer loop
      vertex -46.051288306863846 9.338650839330523 4.7
      vertex -46.28927419495968 9.398263201008076 4.7
      vertex -46.051288306863846 9.338650839330523 6.21
    endloop
  endfacet
  facet normal 0.42755509343028264 0.9039892931234431 0
    outer loop
      vertex -45.59850815793501 9.151103160870887 4.7
      vertex -45.820291419087276 9.255998831278216 4.7
      vertex -45.59850815793501 9.151103160870887 6.21
    endloop
  endfacet
  facet normal 0.595699304492439 0.8032075314806406 -2.619360283677034e-18
    outer loop
      vertex -45.388074417450994 9.024974030756363 4.7
      vertex -45.19101678959089 8.878826133406843 6.21
      vertex -45.19101678959089 8.878826133406843 4.7
    endloop
  endfacet
  facet normal 0.5141027441932168 0.8577286100002751 -1.9790027926183674e-18
    outer loop
      vertex -45.59850815793501 9.151103160870887 4.7
      vertex -45.388074417450994 9.024974030756363 6.21
      vertex -45.388074417450994 9.024974030756363 4.7
    endloop
  endfacet
  facet normal 0.33688985339222377 0.9415440651830194 -1.0630697244300231e-18
    outer loop
      vertex -46.051288306863846 9.338650839330523 4.7
      vertex -45.820291419087276 9.255998831278216 6.21
      vertex -45.820291419087276 9.255998831278216 4.7
    endloop
  endfacet
  facet normal -0.9891765099647792 -0.1467304744553735 0
    outer loop
      vertex -49.2649618166805 6.701257149176098 4.7
      vertex -49.22896320100808 6.458574194959679 6.21
      vertex -49.2649618166805 6.701257149176098 6.21
    endloop
  endfacet
  facet normal -0.9987954562051731 -0.04906767432740263 0
    outer loop
      vertex -49.277 6.9463 4.7
      vertex -49.2649618166805 6.701257149176098 6.21
      vertex -49.277 6.9463 6.21
    endloop
  endfacet
  facet normal -0.9987954562051731 0.04906767432740263 0
    outer loop
      vertex -49.2649618166805 7.191342850823902 4.7
      vertex -49.277 6.9463 6.21
      vertex -49.2649618166805 7.191342850823902 6.21
    endloop
  endfacet
  facet normal -0.9891765099647792 0.1467304744553735 0
    outer loop
      vertex -49.2649618166805 7.191342850823902 4.7
      vertex -49.2649618166805 7.191342850823902 6.21
      vertex -49.22896320100808 7.434025805040321 6.21
    endloop
  endfacet
  facet normal -0.9700312531945395 0.2429801799032816 0
    outer loop
      vertex -49.22896320100808 7.434025805040321 4.7
      vertex -49.22896320100808 7.434025805040321 6.21
      vertex -49.16935083933052 7.672011693136156 6.21
    endloop
  endfacet
  facet normal -0.9415440651830278 0.3368898533922004 0
    outer loop
      vertex -49.16935083933052 7.672011693136156 4.7
      vertex -49.16935083933052 7.672011693136156 6.21
      vertex -49.08669883127822 7.903008580912724 6.21
    endloop
  endfacet
  facet normal -0.9039892931234416 0.4275550934302858 0
    outer loop
      vertex -49.08669883127822 7.903008580912724 4.7
      vertex -49.08669883127822 7.903008580912724 6.21
      vertex -48.98180316087089 8.124791842064994 6.21
    endloop
  endfacet
  facet normal -0.8577286100002668 0.5141027441932305 0
    outer loop
      vertex -48.85567403075636 8.335225582549006 4.7
      vertex -48.98180316087089 8.124791842064994 6.21
      vertex -48.85567403075636 8.335225582549006 6.21
    endloop
  endfacet
  facet normal -0.8032075314806563 0.5956993044924181 0
    outer loop
      vertex -48.85567403075636 8.335225582549006 4.7
      vertex -48.85567403075636 8.335225582549006 6.21
      vertex -48.70952613340685 8.532283210409114 6.21
    endloop
  endfacet
  facet normal -0.740951125354954 0.671558954847024 0
    outer loop
      vertex -48.70952613340685 8.532283210409114 4.7
      vertex -48.70952613340685 8.532283210409114 6.21
      vertex -48.54476695296637 8.71406695296637 6.21
    endloop
  endfacet
  facet normal -0.6715589548470123 0.7409511253549645 0
    outer loop
      vertex -48.54476695296637 8.71406695296637 4.7
      vertex -48.54476695296637 8.71406695296637 6.21
      vertex -48.36298321040911 8.878826133406843 6.21
    endloop
  endfacet
  facet normal -0.595699304492439 0.8032075314806406 0
    outer loop
      vertex -48.36298321040911 8.878826133406843 4.7
      vertex -48.36298321040911 8.878826133406843 6.21
      vertex -48.16592558254901 9.024974030756363 6.21
    endloop
  endfacet
  facet normal -0.5141027441932168 0.8577286100002751 0
    outer loop
      vertex -48.16592558254901 9.024974030756363 4.7
      vertex -48.16592558254901 9.024974030756363 6.21
      vertex -47.955491842064994 9.151103160870887 6.21
    endloop
  endfacet
  facet normal -0.42755509343028264 0.9039892931234431 0
    outer loop
      vertex -47.955491842064994 9.151103160870887 4.7
      vertex -47.955491842064994 9.151103160870887 6.21
      vertex -47.733708580912726 9.255998831278216 6.21
    endloop
  endfacet
  facet normal -0.33688985339222377 0.9415440651830194 0
    outer loop
      vertex -47.733708580912726 9.255998831278216 4.7
      vertex -47.733708580912726 9.255998831278216 6.21
      vertex -47.502711693136156 9.338650839330523 6.21
    endloop
  endfacet
  facet normal -0.24298017990326115 0.9700312531945446 0
    outer loop
      vertex -47.502711693136156 9.338650839330523 4.7
      vertex -47.502711693136156 9.338650839330523 6.21
      vertex -47.26472580504032 9.398263201008076 6.21
    endloop
  endfacet
  facet normal -0.14673047445536588 0.9891765099647803 0
    outer loop
      vertex -47.0220428508239 9.434261816680493 4.7
      vertex -47.26472580504032 9.398263201008076 6.21
      vertex -47.0220428508239 9.434261816680493 6.21
    endloop
  endfacet
  facet normal -0.04906767432741743 0.9987954562051724 0
    outer loop
      vertex -47.0220428508239 9.434261816680493 4.7
      vertex -47.0220428508239 9.434261816680493 6.21
      vertex -46.777 9.4463 6.21
    endloop
  endfacet
  facet normal 0.6715589548470123 0.7409511253549645 0
    outer loop
      vertex -45.00923304703363 8.71406695296637 4.7
      vertex -45.19101678959089 8.878826133406843 6.21
      vertex -45.00923304703363 8.71406695296637 6.21
    endloop
  endfacet
  facet normal 0.04906767432741743 0.9987954562051724 0
    outer loop
      vertex -46.777 9.4463 4.7
      vertex -46.777 9.4463 6.21
      vertex -46.5319571491761 9.434261816680493 6.21
    endloop
  endfacet
  facet normal 0.14673047445536588 0.9891765099647803 0
    outer loop
      vertex -46.28927419495968 9.398263201008076 4.7
      vertex -46.5319571491761 9.434261816680493 6.21
      vertex -46.28927419495968 9.398263201008076 6.21
    endloop
  endfacet
  facet normal 0.24298017990326115 0.9700312531945446 0
    outer loop
      vertex -46.28927419495968 9.398263201008076 4.7
      vertex -46.28927419495968 9.398263201008076 6.21
      vertex -46.051288306863846 9.338650839330523 6.21
    endloop
  endfacet
  facet normal 0.33688985339222377 0.9415440651830194 0
    outer loop
      vertex -46.051288306863846 9.338650839330523 4.7
      vertex -46.051288306863846 9.338650839330523 6.21
      vertex -45.820291419087276 9.255998831278216 6.21
    endloop
  endfacet
  facet normal 0.42755509343028264 0.9039892931234431 0
    outer loop
      vertex -45.820291419087276 9.255998831278216 4.7
      vertex -45.820291419087276 9.255998831278216 6.21
      vertex -45.59850815793501 9.151103160870887 6.21
    endloop
  endfacet
  facet normal 0.5141027441932168 0.8577286100002751 0
    outer loop
      vertex -45.59850815793501 9.151103160870887 4.7
      vertex -45.59850815793501 9.151103160870887 6.21
      vertex -45.388074417450994 9.024974030756363 6.21
    endloop
  endfacet
  facet normal 0.595699304492439 0.8032075314806406 0
    outer loop
      vertex -45.388074417450994 9.024974030756363 4.7
      vertex -45.388074417450994 9.024974030756363 6.21
      vertex -45.19101678959089 8.878826133406843 6.21
    endloop
  endfacet
  facet normal 0 0 -1
    outer loop
      vertex -45.00923304703363 5.178533047033631 4.7
      vertex -44.844473866593155 8.532283210409114 4.7
      vertex -44.844473866593155 5.360316789590886 4.7
    endloop
  endfacet
  facet normal 0 0 -1
    outer loop
      vertex -44.844473866593155 5.360316789590886 4.7
      vertex -44.69832596924364 8.335225582549006 4.7
      vertex -44.69832596924364 5.557374417450994 4.7
    endloop
  endfacet
  facet normal 0.7409511253549523 -0.6715589548470258 2.535423152952042e-18
    outer loop
      vertex -45.00923304703363 5.178533047033631 4.7
      vertex -44.844473866593155 5.360316789590886 4.7
      vertex -44.844473866593155 5.360316789590886 6.21
    endloop
  endfacet
  facet normal 0.8032075314806563 -0.5956993044924181 0
    outer loop
      vertex -44.844473866593155 5.360316789590886 4.7
      vertex -44.69832596924364 5.557374417450994 4.7
      vertex -44.844473866593155 5.360316789590886 6.21
    endloop
  endfacet
  facet normal 0.8577286100002668 -0.5141027441932305 0
    outer loop
      vertex -44.69832596924364 5.557374417450994 4.7
      vertex -44.57219683912911 5.767808157935006 4.7
      vertex -44.69832596924364 5.557374417450994 6.21
    endloop
  endfacet
  facet normal 0.9039892931234416 -0.4275550934302858 0
    outer loop
      vertex -44.57219683912911 5.767808157935006 4.7
      vertex -44.46730116872178 5.989591419087276 4.7
      vertex -44.57219683912911 5.767808157935006 6.21
    endloop
  endfacet
  facet normal 0.9415440651830278 -0.3368898533922004 0
    outer loop
      vertex -44.46730116872178 5.989591419087276 4.7
      vertex -44.38464916066948 6.220588306863844 4.7
      vertex -44.46730116872178 5.989591419087276 6.21
    endloop
  endfacet
  facet normal 0.9700312531945395 -0.2429801799032816 0
    outer loop
      vertex -44.38464916066948 6.220588306863844 4.7
      vertex -44.325036798991924 6.458574194959679 4.7
      vertex -44.38464916066948 6.220588306863844 6.21
    endloop
  endfacet
  facet normal 0.7409511253549523 -0.6715589548470258 0
    outer loop
      vertex -45.00923304703363 5.178533047033631 4.7
      vertex -44.844473866593155 5.360316789590886 6.21
      vertex -45.00923304703363 5.178533047033631 6.21
    endloop
  endfacet
  facet normal 0.8032075314806563 -0.5956993044924181 0
    outer loop
      vertex -44.69832596924364 5.557374417450994 4.7
      vertex -44.69832596924364 5.557374417450994 6.21
      vertex -44.844473866593155 5.360316789590886 6.21
    endloop
  endfacet
  facet normal 0.8577286100002668 -0.5141027441932305 0
    outer loop
      vertex -44.57219683912911 5.767808157935006 4.7
      vertex -44.57219683912911 5.767808157935006 6.21
      vertex -44.69832596924364 5.557374417450994 6.21
    endloop
  endfacet
  facet normal 0.9039892931234416 -0.4275550934302858 0
    outer loop
      vertex -44.46730116872178 5.989591419087276 4.7
      vertex -44.46730116872178 5.989591419087276 6.21
      vertex -44.57219683912911 5.767808157935006 6.21
    endloop
  endfacet
  facet normal 0.9415440651830278 -0.3368898533922004 0
    outer loop
      vertex -44.38464916066948 6.220588306863844 4.7
      vertex -44.38464916066948 6.220588306863844 6.21
      vertex -44.46730116872178 5.989591419087276 6.21
    endloop
  endfacet
  facet normal 0.9700312531945395 -0.2429801799032816 0
    outer loop
      vertex -44.325036798991924 6.458574194959679 4.7
      vertex -44.325036798991924 6.458574194959679 6.21
      vertex -44.38464916066948 6.220588306863844 6.21
    endloop
  endfacet
  facet normal 0 0 -1
    outer loop
      vertex -44.69832596924364 5.557374417450994 4.7
      vertex -44.57219683912911 8.124791842064994 4.7
      vertex -44.57219683912911 5.767808157935006 4.7
    endloop
  endfacet
  facet normal 0 0 -1
    outer loop
      vertex -44.57219683912911 5.767808157935006 4.7
      vertex -44.46730116872178 7.903008580912724 4.7
      vertex -44.46730116872178 5.989591419087276 4.7
    endloop
  endfacet
  facet normal 0 0 -1
    outer loop
      vertex -44.46730116872178 5.989591419087276 4.7
      vertex -44.38464916066948 7.672011693136156 4.7
      vertex -44.38464916066948 6.220588306863844 4.7
    endloop
  endfacet
  facet normal 0 0 -1
    outer loop
      vertex -44.38464916066948 6.220588306863844 4.7
      vertex -44.325036798991924 7.434025805040321 4.7
      vertex -44.325036798991924 6.458574194959679 4.7
    endloop
  endfacet
  facet normal 0 0 -1
    outer loop
      vertex -44.325036798991924 6.458574194959679 4.7
      vertex -44.289038183319505 7.191342850823902 4.7
      vertex -44.289038183319505 6.701257149176098 4.7
    endloop
  endfacet
  facet normal 0 0 -1
    outer loop
      vertex -44.325036798991924 6.458574194959679 4.7
      vertex -44.325036798991924 7.434025805040321 4.7
      vertex -44.289038183319505 7.191342850823902 4.7
    endloop
  endfacet
  facet normal 0 0 -1
    outer loop
      vertex -44.289038183319505 6.701257149176098 4.7
      vertex -44.289038183319505 7.191342850823902 4.7
      vertex -44.277 6.9463 4.7
    endloop
  endfacet
  facet normal 0 0 -1
    outer loop
      vertex -44.38464916066948 6.220588306863844 4.7
      vertex -44.38464916066948 7.672011693136156 4.7
      vertex -44.325036798991924 7.434025805040321 4.7
    endloop
  endfacet
  facet normal 0 0 -1
    outer loop
      vertex -44.46730116872178 5.989591419087276 4.7
      vertex -44.46730116872178 7.903008580912724 4.7
      vertex -44.38464916066948 7.672011693136156 4.7
    endloop
  endfacet
  facet normal 0 0 -1
    outer loop
      vertex -44.844473866593155 5.360316789590886 4.7
      vertex -44.844473866593155 8.532283210409114 4.7
      vertex -44.69832596924364 8.335225582549006 4.7
    endloop
  endfacet
  facet normal 0 0 -1
    outer loop
      vertex -44.69832596924364 5.557374417450994 4.7
      vertex -44.69832596924364 8.335225582549006 4.7
      vertex -44.57219683912911 8.124791842064994 4.7
    endloop
  endfacet
  facet normal 0 0 -1
    outer loop
      vertex -44.57219683912911 5.767808157935006 4.7
      vertex -44.57219683912911 8.124791842064994 4.7
      vertex -44.46730116872178 7.903008580912724 4.7
    endloop
  endfacet
  facet normal 0 0 -1
    outer loop
      vertex -45.00923304703363 5.178533047033631 4.7
      vertex -45.00923304703363 8.71406695296637 4.7
      vertex -44.844473866593155 8.532283210409114 4.7
    endloop
  endfacet
  facet normal 0.9891765099647792 -0.1467304744553735 0
    outer loop
      vertex -44.325036798991924 6.458574194959679 4.7
      vertex -44.289038183319505 6.701257149176098 4.7
      vertex -44.325036798991924 6.458574194959679 6.21
    endloop
  endfacet
  facet normal 0.9987954562051731 -0.04906767432740263 0
    outer loop
      vertex -44.289038183319505 6.701257149176098 4.7
      vertex -44.277 6.9463 4.7
      vertex -44.289038183319505 6.701257149176098 6.21
    endloop
  endfacet
  facet normal 0.9987954562051731 0.04906767432740263 0
    outer loop
      vertex -44.277 6.9463 4.7
      vertex -44.289038183319505 7.191342850823902 4.7
      vertex -44.277 6.9463 6.21
    endloop
  endfacet
  facet normal 0.9891765099647792 0.1467304744553735 0
    outer loop
      vertex -44.289038183319505 7.191342850823902 4.7
      vertex -44.325036798991924 7.434025805040321 4.7
      vertex -44.289038183319505 7.191342850823902 6.21
    endloop
  endfacet
  facet normal 0.9700312531945395 0.2429801799032816 -1.523416653285918e-18
    outer loop
      vertex -44.325036798991924 7.434025805040321 4.7
      vertex -44.38464916066948 7.672011693136156 4.7
      vertex -44.38464916066948 7.672011693136156 6.21
    endloop
  endfacet
  facet normal 0.9415440651830278 0.3368898533922004 0
    outer loop
      vertex -44.38464916066948 7.672011693136156 4.7
      vertex -44.46730116872178 7.903008580912724 4.7
      vertex -44.38464916066948 7.672011693136156 6.21
    endloop
  endfacet
  facet normal 0.9039892931234416 0.4275550934302858 0
    outer loop
      vertex -44.46730116872178 7.903008580912724 4.7
      vertex -44.57219683912911 8.124791842064994 4.7
      vertex -44.46730116872178 7.903008580912724 6.21
    endloop
  endfacet
  facet normal 0.8577286100002668 0.5141027441932305 0
    outer loop
      vertex -44.57219683912911 8.124791842064994 4.7
      vertex -44.69832596924364 8.335225582549006 4.7
      vertex -44.57219683912911 8.124791842064994 6.21
    endloop
  endfacet
  facet normal 0.8032075314806563 0.5956993044924181 0
    outer loop
      vertex -44.69832596924364 8.335225582549006 4.7
      vertex -44.844473866593155 8.532283210409114 4.7
      vertex -44.69832596924364 8.335225582549006 6.21
    endloop
  endfacet
  facet normal 0.740951125354954 0.671558954847024 -4.2057113369132096e-18
    outer loop
      vertex -44.844473866593155 8.532283210409114 4.7
      vertex -45.00923304703363 8.71406695296637 4.7
      vertex -45.00923304703363 8.71406695296637 6.21
    endloop
  endfacet
  facet normal 0.9891765099647792 -0.1467304744553735 0
    outer loop
      vertex -44.289038183319505 6.701257149176098 4.7
      vertex -44.289038183319505 6.701257149176098 6.21
      vertex -44.325036798991924 6.458574194959679 6.21
    endloop
  endfacet
  facet normal 0.9987954562051731 -0.04906767432740263 0
    outer loop
      vertex -44.277 6.9463 4.7
      vertex -44.277 6.9463 6.21
      vertex -44.289038183319505 6.701257149176098 6.21
    endloop
  endfacet
  facet normal 0.9987954562051731 0.04906767432740263 0
    outer loop
      vertex -44.289038183319505 7.191342850823902 4.7
      vertex -44.289038183319505 7.191342850823902 6.21
      vertex -44.277 6.9463 6.21
    endloop
  endfacet
  facet normal 0.9891765099647792 0.1467304744553735 0
    outer loop
      vertex -44.325036798991924 7.434025805040321 4.7
      vertex -44.325036798991924 7.434025805040321 6.21
      vertex -44.289038183319505 7.191342850823902 6.21
    endloop
  endfacet
  facet normal 0.9700312531945395 0.2429801799032816 0
    outer loop
      vertex -44.325036798991924 7.434025805040321 4.7
      vertex -44.38464916066948 7.672011693136156 6.21
      vertex -44.325036798991924 7.434025805040321 6.21
    endloop
  endfacet
  facet normal 0.9039892931234416 0.4275550934302858 0
    outer loop
      vertex -44.57219683912911 8.124791842064994 4.7
      vertex -44.57219683912911 8.124791842064994 6.21
      vertex -44.46730116872178 7.903008580912724 6.21
    endloop
  endfacet
  facet normal 0.9415440651830278 0.3368898533922004 0
    outer loop
      vertex -44.46730116872178 7.903008580912724 4.7
      vertex -44.46730116872178 7.903008580912724 6.21
      vertex -44.38464916066948 7.672011693136156 6.21
    endloop
  endfacet
  facet normal 0.8577286100002668 0.5141027441932305 0
    outer loop
      vertex -44.69832596924364 8.335225582549006 4.7
      vertex -44.69832596924364 8.335225582549006 6.21
      vertex -44.57219683912911 8.124791842064994 6.21
    endloop
  endfacet
  facet normal 0.8032075314806563 0.5956993044924181 0
    outer loop
      vertex -44.844473866593155 8.532283210409114 4.7
      vertex -44.844473866593155 8.532283210409114 6.21
      vertex -44.69832596924364 8.335225582549006 6.21
    endloop
  endfacet
  facet normal 0.740951125354954 0.671558954847024 0
    outer loop
      vertex -44.844473866593155 8.532283210409114 4.7
      vertex -45.00923304703363 8.71406695296637 6.21
      vertex -44.844473866593155 8.532283210409114 6.21
    endloop
  endfacet
  facet normal 0 0 1
    outer loop
      vertex -48.70952613340685 5.360316789590886 6.21
      vertex -48.70179602887322 5.366660722432522 6.21
      vertex -48.84735933463334 5.562930119781191 6.21
    endloop
  endfacet
  facet normal 0 0 1
    outer loop
      vertex -48.70952613340685 5.360316789590886 6.21
      vertex -48.84735933463334 5.562930119781191 6.21
      vertex -48.85567403075636 5.557374417450994 6.21
    endloop
  endfacet
  facet normal 0 0 1
    outer loop
      vertex -48.85567403075636 5.557374417450994 6.21
      vertex -48.84735933463334 5.562930119781191 6.21
      vertex -48.97298394822741 5.772522125303266 6.21
    endloop
  endfacet
  facet normal 0 0 1
    outer loop
      vertex -48.98180316087089 5.767808157935006 6.21
      vertex -48.97298394822741 5.772522125303266 6.21
      vertex -49.0774600359531 5.993418253410926 6.21
    endloop
  endfacet
  facet normal 0 0 1
    outer loop
      vertex -48.85567403075636 5.557374417450994 6.21
      vertex -48.97298394822741 5.772522125303266 6.21
      vertex -48.98180316087089 5.767808157935006 6.21
    endloop
  endfacet
  facet normal 0 0 1
    outer loop
      vertex -48.98180316087089 5.767808157935006 6.21
      vertex -49.0774600359531 5.993418253410926 6.21
      vertex -49.08669883127822 5.989591419087276 6.21
    endloop
  endfacet
  facet normal 0 0 1
    outer loop
      vertex -49.08669883127822 5.989591419087276 6.21
      vertex -49.0774600359531 5.993418253410926 6.21
      vertex -49.1597814359732 6.223491153636389 6.21
    endloop
  endfacet
  facet normal 0 0 1
    outer loop
      vertex -49.08669883127822 5.989591419087276 6.21
      vertex -49.1597814359732 6.223491153636389 6.21
      vertex -49.16935083933052 6.220588306863844 6.21
    endloop
  endfacet
  facet normal 0 0 1
    outer loop
      vertex -49.16935083933052 6.220588306863844 6.21
      vertex -49.1597814359732 6.223491153636389 6.21
      vertex -49.21915534820405 6.460525098179841 6.21
    endloop
  endfacet
  facet normal 0 0 1
    outer loop
      vertex -49.16935083933052 6.220588306863844 6.21
      vertex -49.21915534820405 6.460525098179841 6.21
      vertex -49.22896320100808 6.458574194959679 6.21
    endloop
  endfacet
  facet normal 0 0 1
    outer loop
      vertex -48.16592558254901 4.867625969243637 6.21
      vertex -47.955491842064994 4.741496839129113 6.21
      vertex -48.16036988021881 4.875940665366662 6.21
    endloop
  endfacet
  facet normal 0 0 1
    outer loop
      vertex -47.733708580912726 4.636601168721783 6.21
      vertex -47.95077787469673 4.750316051772596 6.21
      vertex -47.955491842064994 4.741496839129113 6.21
    endloop
  endfacet
  facet normal 0 0 1
    outer loop
      vertex -48.16036988021881 4.875940665366662 6.21
      vertex -47.955491842064994 4.741496839129113 6.21
      vertex -47.95077787469673 4.750316051772596 6.21
    endloop
  endfacet
  facet normal 0 0 1
    outer loop
      vertex -47.502711693136156 4.553949160669478 6.21
      vertex -47.72988174658907 4.645839964046896 6.21
      vertex -47.733708580912726 4.636601168721783 6.21
    endloop
  endfacet
  facet normal 0 0 1
    outer loop
      vertex -47.502711693136156 4.553949160669478 6.21
      vertex -47.499808846363614 4.563518564026801 6.21
      vertex -47.72988174658907 4.645839964046896 6.21
    endloop
  endfacet
  facet normal 0 0 1
    outer loop
      vertex -47.502711693136156 4.553949160669478 6.21
      vertex -47.26472580504032 4.494336798991924 6.21
      vertex -47.499808846363614 4.563518564026801 6.21
    endloop
  endfacet
  facet normal 0 0 1
    outer loop
      vertex -47.733708580912726 4.636601168721783 6.21
      vertex -47.72988174658907 4.645839964046896 6.21
      vertex -47.95077787469673 4.750316051772596 6.21
    endloop
  endfacet
  facet normal 0 0 1
    outer loop
      vertex -47.499808846363614 4.563518564026801 6.21
      vertex -47.26472580504032 4.494336798991924 6.21
      vertex -47.26277490182016 4.504144651795956 6.21
    endloop
  endfacet
  facet normal 0 0 1
    outer loop
      vertex -47.26472580504032 4.494336798991924 6.21
      vertex -47.0220428508239 4.4583381833195075 6.21
      vertex -47.26277490182016 4.504144651795956 6.21
    endloop
  endfacet
  facet normal 0 0 1
    outer loop
      vertex -47.26277490182016 4.504144651795956 6.21
      vertex -47.0220428508239 4.4583381833195075 6.21
      vertex -47.02106267942061 4.46829003058623 6.21
    endloop
  endfacet
  facet normal 0 0 1
    outer loop
      vertex -47.0220428508239 4.4583381833195075 6.21
      vertex -46.777 4.4463 6.21
      vertex -47.02106267942061 4.46829003058623 6.21
    endloop
  endfacet
  facet normal 0 0 1
    outer loop
      vertex -47.02106267942061 4.46829003058623 6.21
      vertex -46.777 4.4463 6.21
      vertex -46.777 4.4563 6.21
    endloop
  endfacet
  facet normal 0 0 1
    outer loop
      vertex -46.777 4.4463 6.21
      vertex -46.53293732057939 4.46829003058623 6.21
      vertex -46.777 4.4563 6.21
    endloop
  endfacet
  facet normal 0 0 1
    outer loop
      vertex -46.777 4.4463 6.21
      vertex -46.5319571491761 4.4583381833195075 6.21
      vertex -46.53293732057939 4.46829003058623 6.21
    endloop
  endfacet
  facet normal 0 0 1
    outer loop
      vertex -46.5319571491761 4.4583381833195075 6.21
      vertex -46.28927419495968 4.494336798991924 6.21
      vertex -46.53293732057939 4.46829003058623 6.21
    endloop
  endfacet
  facet normal 0 0 1
    outer loop
      vertex -46.53293732057939 4.46829003058623 6.21
      vertex -46.28927419495968 4.494336798991924 6.21
      vertex -46.291225098179844 4.504144651795956 6.21
    endloop
  endfacet
  facet normal 0 0 1
    outer loop
      vertex -46.28927419495968 4.494336798991924 6.21
      vertex -46.051288306863846 4.553949160669478 6.21
      vertex -46.291225098179844 4.504144651795956 6.21
    endloop
  endfacet
  facet normal 0 0 1
    outer loop
      vertex -46.291225098179844 4.504144651795956 6.21
      vertex -46.051288306863846 4.553949160669478 6.21
      vertex -46.05419115363639 4.563518564026801 6.21
    endloop
  endfacet
  facet normal 0 0 1
    outer loop
      vertex -46.051288306863846 4.553949160669478 6.21
      vertex -45.820291419087276 4.636601168721783 6.21
      vertex -46.05419115363639 4.563518564026801 6.21
    endloop
  endfacet
  facet normal 0 0 1
    outer loop
      vertex -46.05419115363639 4.563518564026801 6.21
      vertex -45.820291419087276 4.636601168721783 6.21
      vertex -45.82411825341093 4.645839964046896 6.21
    endloop
  endfacet
  facet normal 0 0 1
    outer loop
      vertex -45.820291419087276 4.636601168721783 6.21
      vertex -45.59850815793501 4.741496839129113 6.21
      vertex -45.82411825341093 4.645839964046896 6.21
    endloop
  endfacet
  facet normal 0 0 1
    outer loop
      vertex -45.82411825341093 4.645839964046896 6.21
      vertex -45.59850815793501 4.741496839129113 6.21
      vertex -45.60322212530327 4.750316051772596 6.21
    endloop
  endfacet
  facet normal 0 0 1
    outer loop
      vertex -45.59850815793501 4.741496839129113 6.21
      vertex -45.388074417450994 4.867625969243637 6.21
      vertex -45.60322212530327 4.750316051772596 6.21
    endloop
  endfacet
  facet normal 0 0 1
    outer loop
      vertex -45.60322212530327 4.750316051772596 6.21
      vertex -45.388074417450994 4.867625969243637 6.21
      vertex -45.39363011978119 4.875940665366662 6.21
    endloop
  endfacet
  facet normal 0 0 1
    outer loop
      vertex -48.16592558254901 4.867625969243637 6.21
      vertex -48.35663927756748 5.021503971126785 6.21
      vertex -48.36298321040911 5.013773866593158 6.21
    endloop
  endfacet
  facet normal 0 0 1
    outer loop
      vertex -48.537695885154506 5.185604114845496 6.21
      vertex -48.36298321040911 5.013773866593158 6.21
      vertex -48.35663927756748 5.021503971126785 6.21
    endloop
  endfacet
  facet normal 0 0 1
    outer loop
      vertex -48.54476695296637 5.178533047033631 6.21
      vertex -48.36298321040911 5.013773866593158 6.21
      vertex -48.537695885154506 5.185604114845496 6.21
    endloop
  endfacet
  facet normal 0 0 1
    outer loop
      vertex -48.16592558254901 4.867625969243637 6.21
      vertex -48.16036988021881 4.875940665366662 6.21
      vertex -48.35663927756748 5.021503971126785 6.21
    endloop
  endfacet
  facet normal 0 0 1
    outer loop
      vertex -48.54476695296637 5.178533047033631 6.21
      vertex -48.70179602887322 5.366660722432522 6.21
      vertex -48.70952613340685 5.360316789590886 6.21
    endloop
  endfacet
  facet normal 0 0 1
    outer loop
      vertex -48.54476695296637 5.178533047033631 6.21
      vertex -48.537695885154506 5.185604114845496 6.21
      vertex -48.70179602887322 5.366660722432522 6.21
    endloop
  endfacet
  facet normal 0 0 1
    outer loop
      vertex -45.39363011978119 4.875940665366662 6.21
      vertex -45.388074417450994 4.867625969243637 6.21
      vertex -45.19101678959089 5.013773866593158 6.21
    endloop
  endfacet
  facet normal 0 0 1
    outer loop
      vertex -45.39363011978119 4.875940665366662 6.21
      vertex -45.19101678959089 5.013773866593158 6.21
      vertex -45.19736072243252 5.021503971126785 6.21
    endloop
  endfacet
  facet normal 0 0 1
    outer loop
      vertex -45.19101678959089 5.013773866593158 6.21
      vertex -45.00923304703363 5.178533047033631 6.21
      vertex -45.19736072243252 5.021503971126785 6.21
    endloop
  endfacet
  facet normal 0 0 1
    outer loop
      vertex -45.19736072243252 5.021503971126785 6.21
      vertex -45.00923304703363 5.178533047033631 6.21
      vertex -45.0163041148455 5.185604114845496 6.21
    endloop
  endfacet
  facet normal 0 0 1
    outer loop
      vertex -49.22896320100808 6.458574194959679 6.21
      vertex -49.21915534820405 6.460525098179841 6.21
      vertex -49.25500996941377 6.702237320579394 6.21
    endloop
  endfacet
  facet normal 0 0 1
    outer loop
      vertex -49.22896320100808 6.458574194959679 6.21
      vertex -49.25500996941377 6.702237320579394 6.21
      vertex -49.2649618166805 6.701257149176098 6.21
    endloop
  endfacet
  facet normal 0 0 1
    outer loop
      vertex -49.2649618166805 6.701257149176098 6.21
      vertex -49.25500996941377 6.702237320579394 6.21
      vertex -49.267 6.9463 6.21
    endloop
  endfacet
  facet normal 0 0 1
    outer loop
      vertex -49.2649618166805 6.701257149176098 6.21
      vertex -49.267 6.9463 6.21
      vertex -49.277 6.9463 6.21
    endloop
  endfacet
  facet normal 0 0 1
    outer loop
      vertex -49.277 6.9463 6.21
      vertex -49.267 6.9463 6.21
      vertex -49.25500996941377 7.1903626794206055 6.21
    endloop
  endfacet
  facet normal 0 0 1
    outer loop
      vertex -49.277 6.9463 6.21
      vertex -49.25500996941377 7.1903626794206055 6.21
      vertex -49.2649618166805 7.191342850823902 6.21
    endloop
  endfacet
  facet normal 0 0 1
    outer loop
      vertex -49.2649618166805 7.191342850823902 6.21
      vertex -49.25500996941377 7.1903626794206055 6.21
      vertex -49.21915534820405 7.432074901820159 6.21
    endloop
  endfacet
  facet normal 0 0 1
    outer loop
      vertex -49.2649618166805 7.191342850823902 6.21
      vertex -49.21915534820405 7.432074901820159 6.21
      vertex -49.22896320100808 7.434025805040321 6.21
    endloop
  endfacet
  facet normal 0 0 1
    outer loop
      vertex -49.22896320100808 7.434025805040321 6.21
      vertex -49.21915534820405 7.432074901820159 6.21
      vertex -49.1597814359732 7.669108846363611 6.21
    endloop
  endfacet
  facet normal 0 0 1
    outer loop
      vertex -49.22896320100808 7.434025805040321 6.21
      vertex -49.1597814359732 7.669108846363611 6.21
      vertex -49.16935083933052 7.672011693136156 6.21
    endloop
  endfacet
  facet normal 0 0 1
    outer loop
      vertex -49.16935083933052 7.672011693136156 6.21
      vertex -49.1597814359732 7.669108846363611 6.21
      vertex -49.0774600359531 7.899181746589074 6.21
    endloop
  endfacet
  facet normal 0 0 1
    outer loop
      vertex -49.16935083933052 7.672011693136156 6.21
      vertex -49.0774600359531 7.899181746589074 6.21
      vertex -49.08669883127822 7.903008580912724 6.21
    endloop
  endfacet
  facet normal 0 0 1
    outer loop
      vertex -49.08669883127822 7.903008580912724 6.21
      vertex -49.0774600359531 7.899181746589074 6.21
      vertex -48.97298394822741 8.120077874696735 6.21
    endloop
  endfacet
  facet normal 0 0 1
    outer loop
      vertex -49.08669883127822 7.903008580912724 6.21
      vertex -48.97298394822741 8.120077874696735 6.21
      vertex -48.98180316087089 8.124791842064994 6.21
    endloop
  endfacet
  facet normal 0 0 1
    outer loop
      vertex -48.98180316087089 8.124791842064994 6.21
      vertex -48.97298394822741 8.120077874696735 6.21
      vertex -48.84735933463334 8.329669880218809 6.21
    endloop
  endfacet
  facet normal 0 0 1
    outer loop
      vertex -48.98180316087089 8.124791842064994 6.21
      vertex -48.84735933463334 8.329669880218809 6.21
      vertex -48.85567403075636 8.335225582549006 6.21
    endloop
  endfacet
  facet normal 0 0 1
    outer loop
      vertex -48.85567403075636 8.335225582549006 6.21
      vertex -48.84735933463334 8.329669880218809 6.21
      vertex -48.70179602887322 8.525939277567478 6.21
    endloop
  endfacet
  facet normal 0 0 1
    outer loop
      vertex -48.85567403075636 8.335225582549006 6.21
      vertex -48.70179602887322 8.525939277567478 6.21
      vertex -48.70952613340685 8.532283210409114 6.21
    endloop
  endfacet
  facet normal 0 0 1
    outer loop
      vertex -48.70179602887322 8.525939277567478 6.21
      vertex -48.537695885154506 8.706995885154504 6.21
      vertex -48.70952613340685 8.532283210409114 6.21
    endloop
  endfacet
  facet normal 0 0 1
    outer loop
      vertex -48.70952613340685 8.532283210409114 6.21
      vertex -48.537695885154506 8.706995885154504 6.21
      vertex -48.54476695296637 8.71406695296637 6.21
    endloop
  endfacet
  facet normal 0 0 1
    outer loop
      vertex -48.54476695296637 8.71406695296637 6.21
      vertex -48.537695885154506 8.706995885154504 6.21
      vertex -48.35663927756748 8.871096028873215 6.21
    endloop
  endfacet
  facet normal 0 0 1
    outer loop
      vertex -48.54476695296637 8.71406695296637 6.21
      vertex -48.35663927756748 8.871096028873215 6.21
      vertex -48.36298321040911 8.878826133406843 6.21
    endloop
  endfacet
  facet normal 0 0 1
    outer loop
      vertex -48.36298321040911 8.878826133406843 6.21
      vertex -48.35663927756748 8.871096028873215 6.21
      vertex -48.16036988021881 9.016659334633339 6.21
    endloop
  endfacet
  facet normal 0 0 1
    outer loop
      vertex -48.36298321040911 8.878826133406843 6.21
      vertex -48.16036988021881 9.016659334633339 6.21
      vertex -48.16592558254901 9.024974030756363 6.21
    endloop
  endfacet
  facet normal 0 0 1
    outer loop
      vertex -48.16592558254901 9.024974030756363 6.21
      vertex -48.16036988021881 9.016659334633339 6.21
      vertex -47.95077787469673 9.142283948227405 6.21
    endloop
  endfacet
  facet normal 0 0 1
    outer loop
      vertex -48.16592558254901 9.024974030756363 6.21
      vertex -47.95077787469673 9.142283948227405 6.21
      vertex -47.955491842064994 9.151103160870887 6.21
    endloop
  endfacet
  facet normal 0 0 1
    outer loop
      vertex -47.95077787469673 9.142283948227405 6.21
      vertex -47.72988174658907 9.246760035953104 6.21
      vertex -47.955491842064994 9.151103160870887 6.21
    endloop
  endfacet
  facet normal 0 0 1
    outer loop
      vertex -47.955491842064994 9.151103160870887 6.21
      vertex -47.72988174658907 9.246760035953104 6.21
      vertex -47.733708580912726 9.255998831278216 6.21
    endloop
  endfacet
  facet normal 0 0 1
    outer loop
      vertex -47.72988174658907 9.246760035953104 6.21
      vertex -47.499808846363614 9.3290814359732 6.21
      vertex -47.733708580912726 9.255998831278216 6.21
    endloop
  endfacet
  facet normal 0 0 1
    outer loop
      vertex -47.733708580912726 9.255998831278216 6.21
      vertex -47.499808846363614 9.3290814359732 6.21
      vertex -47.502711693136156 9.338650839330523 6.21
    endloop
  endfacet
  facet normal 0 0 1
    outer loop
      vertex -47.499808846363614 9.3290814359732 6.21
      vertex -47.26277490182016 9.388455348204044 6.21
      vertex -47.502711693136156 9.338650839330523 6.21
    endloop
  endfacet
  facet normal 0 0 1
    outer loop
      vertex -47.502711693136156 9.338650839330523 6.21
      vertex -47.26277490182016 9.388455348204044 6.21
      vertex -47.26472580504032 9.398263201008076 6.21
    endloop
  endfacet
  facet normal 0 0 1
    outer loop
      vertex -47.26277490182016 9.388455348204044 6.21
      vertex -47.02106267942061 9.42430996941377 6.21
      vertex -47.26472580504032 9.398263201008076 6.21
    endloop
  endfacet
  facet normal 0 0 1
    outer loop
      vertex -47.26472580504032 9.398263201008076 6.21
      vertex -47.02106267942061 9.42430996941377 6.21
      vertex -47.0220428508239 9.434261816680493 6.21
    endloop
  endfacet
  facet normal 0 0 1
    outer loop
      vertex -47.02106267942061 9.42430996941377 6.21
      vertex -46.777 9.4363 6.21
      vertex -47.0220428508239 9.434261816680493 6.21
    endloop
  endfacet
  facet normal 0 0 1
    outer loop
      vertex -45.19101678959089 8.878826133406843 6.21
      vertex -45.0163041148455 8.706995885154504 6.21
      vertex -45.00923304703363 8.71406695296637 6.21
    endloop
  endfacet
  facet normal 0 0 1
    outer loop
      vertex -45.19736072243252 8.871096028873215 6.21
      vertex -45.0163041148455 8.706995885154504 6.21
      vertex -45.19101678959089 8.878826133406843 6.21
    endloop
  endfacet
  facet normal 0 0 1
    outer loop
      vertex -47.0220428508239 9.434261816680493 6.21
      vertex -46.777 9.4363 6.21
      vertex -46.777 9.4463 6.21
    endloop
  endfacet
  facet normal 0 0 1
    outer loop
      vertex -46.777 9.4363 6.21
      vertex -46.53293732057939 9.42430996941377 6.21
      vertex -46.777 9.4463 6.21
    endloop
  endfacet
  facet normal 0 0 1
    outer loop
      vertex -46.777 9.4463 6.21
      vertex -46.53293732057939 9.42430996941377 6.21
      vertex -46.5319571491761 9.434261816680493 6.21
    endloop
  endfacet
  facet normal 0 0 1
    outer loop
      vertex -46.53293732057939 9.42430996941377 6.21
      vertex -46.291225098179844 9.388455348204044 6.21
      vertex -46.5319571491761 9.434261816680493 6.21
    endloop
  endfacet
  facet normal 0 0 1
    outer loop
      vertex -46.5319571491761 9.434261816680493 6.21
      vertex -46.291225098179844 9.388455348204044 6.21
      vertex -46.28927419495968 9.398263201008076 6.21
    endloop
  endfacet
  facet normal 0 0 1
    outer loop
      vertex -46.05419115363639 9.3290814359732 6.21
      vertex -46.28927419495968 9.398263201008076 6.21
      vertex -46.291225098179844 9.388455348204044 6.21
    endloop
  endfacet
  facet normal 0 0 1
    outer loop
      vertex -46.05419115363639 9.3290814359732 6.21
      vertex -46.051288306863846 9.338650839330523 6.21
      vertex -46.28927419495968 9.398263201008076 6.21
    endloop
  endfacet
  facet normal 0 0 1
    outer loop
      vertex -46.05419115363639 9.3290814359732 6.21
      vertex -45.82411825341093 9.246760035953104 6.21
      vertex -46.051288306863846 9.338650839330523 6.21
    endloop
  endfacet
  facet normal 0 0 1
    outer loop
      vertex -45.60322212530327 9.142283948227405 6.21
      vertex -45.820291419087276 9.255998831278216 6.21
      vertex -45.82411825341093 9.246760035953104 6.21
    endloop
  endfacet
  facet normal 0 0 1
    outer loop
      vertex -45.60322212530327 9.142283948227405 6.21
      vertex -45.39363011978119 9.016659334633339 6.21
      vertex -45.59850815793501 9.151103160870887 6.21
    endloop
  endfacet
  facet normal 0 0 1
    outer loop
      vertex -45.60322212530327 9.142283948227405 6.21
      vertex -45.59850815793501 9.151103160870887 6.21
      vertex -45.820291419087276 9.255998831278216 6.21
    endloop
  endfacet
  facet normal 0 0 1
    outer loop
      vertex -45.388074417450994 9.024974030756363 6.21
      vertex -45.19736072243252 8.871096028873215 6.21
      vertex -45.19101678959089 8.878826133406843 6.21
    endloop
  endfacet
  facet normal 0 0 1
    outer loop
      vertex -45.59850815793501 9.151103160870887 6.21
      vertex -45.39363011978119 9.016659334633339 6.21
      vertex -45.388074417450994 9.024974030756363 6.21
    endloop
  endfacet
  facet normal 0 0 1
    outer loop
      vertex -45.39363011978119 9.016659334633339 6.21
      vertex -45.19736072243252 8.871096028873215 6.21
      vertex -45.388074417450994 9.024974030756363 6.21
    endloop
  endfacet
  facet normal 0 0 1
    outer loop
      vertex -46.051288306863846 9.338650839330523 6.21
      vertex -45.82411825341093 9.246760035953104 6.21
      vertex -45.820291419087276 9.255998831278216 6.21
    endloop
  endfacet
  facet normal 0 0 1
    outer loop
      vertex -45.00923304703363 5.178533047033631 6.21
      vertex -44.844473866593155 5.360316789590886 6.21
      vertex -45.0163041148455 5.185604114845496 6.21
    endloop
  endfacet
  facet normal 0 0 1
    outer loop
      vertex -45.0163041148455 5.185604114845496 6.21
      vertex -44.844473866593155 5.360316789590886 6.21
      vertex -44.852203971126784 5.366660722432522 6.21
    endloop
  endfacet
  facet normal 0 0 1
    outer loop
      vertex -44.852203971126784 5.366660722432522 6.21
      vertex -44.844473866593155 5.360316789590886 6.21
      vertex -44.69832596924364 5.557374417450994 6.21
    endloop
  endfacet
  facet normal 0 0 1
    outer loop
      vertex -44.852203971126784 5.366660722432522 6.21
      vertex -44.69832596924364 5.557374417450994 6.21
      vertex -44.70664066536666 5.562930119781191 6.21
    endloop
  endfacet
  facet normal 0 0 1
    outer loop
      vertex -44.69832596924364 5.557374417450994 6.21
      vertex -44.57219683912911 5.767808157935006 6.21
      vertex -44.70664066536666 5.562930119781191 6.21
    endloop
  endfacet
  facet normal 0 0 1
    outer loop
      vertex -44.70664066536666 5.562930119781191 6.21
      vertex -44.57219683912911 5.767808157935006 6.21
      vertex -44.58101605177259 5.772522125303266 6.21
    endloop
  endfacet
  facet normal 0 0 1
    outer loop
      vertex -44.58101605177259 5.772522125303266 6.21
      vertex -44.57219683912911 5.767808157935006 6.21
      vertex -44.46730116872178 5.989591419087276 6.21
    endloop
  endfacet
  facet normal 0 0 1
    outer loop
      vertex -44.58101605177259 5.772522125303266 6.21
      vertex -44.46730116872178 5.989591419087276 6.21
      vertex -44.4765399640469 5.993418253410926 6.21
    endloop
  endfacet
  facet normal 0 0 1
    outer loop
      vertex -44.4765399640469 5.993418253410926 6.21
      vertex -44.46730116872178 5.989591419087276 6.21
      vertex -44.38464916066948 6.220588306863844 6.21
    endloop
  endfacet
  facet normal 0 0 1
    outer loop
      vertex -44.4765399640469 5.993418253410926 6.21
      vertex -44.38464916066948 6.220588306863844 6.21
      vertex -44.3942185640268 6.223491153636389 6.21
    endloop
  endfacet
  facet normal 0 0 1
    outer loop
      vertex -44.3942185640268 6.223491153636389 6.21
      vertex -44.38464916066948 6.220588306863844 6.21
      vertex -44.325036798991924 6.458574194959679 6.21
    endloop
  endfacet
  facet normal 0 0 1
    outer loop
      vertex -44.3942185640268 6.223491153636389 6.21
      vertex -44.325036798991924 6.458574194959679 6.21
      vertex -44.334844651795954 6.460525098179841 6.21
    endloop
  endfacet
  facet normal 0 0 1
    outer loop
      vertex -44.334844651795954 6.460525098179841 6.21
      vertex -44.325036798991924 6.458574194959679 6.21
      vertex -44.289038183319505 6.701257149176098 6.21
    endloop
  endfacet
  facet normal 0 0 1
    outer loop
      vertex -44.334844651795954 6.460525098179841 6.21
      vertex -44.289038183319505 6.701257149176098 6.21
      vertex -44.29899003058623 6.702237320579394 6.21
    endloop
  endfacet
  facet normal 0 0 1
    outer loop
      vertex -44.29899003058623 6.702237320579394 6.21
      vertex -44.289038183319505 6.701257149176098 6.21
      vertex -44.277 6.9463 6.21
    endloop
  endfacet
  facet normal 0 0 1
    outer loop
      vertex -44.29899003058623 6.702237320579394 6.21
      vertex -44.277 6.9463 6.21
      vertex -44.287 6.9463 6.21
    endloop
  endfacet
  facet normal 0 0 1
    outer loop
      vertex -44.287 6.9463 6.21
      vertex -44.277 6.9463 6.21
      vertex -44.289038183319505 7.191342850823902 6.21
    endloop
  endfacet
  facet normal 0 0 1
    outer loop
      vertex -44.287 6.9463 6.21
      vertex -44.289038183319505 7.191342850823902 6.21
      vertex -44.29899003058623 7.1903626794206055 6.21
    endloop
  endfacet
  facet normal 0 0 1
    outer loop
      vertex -44.29899003058623 7.1903626794206055 6.21
      vertex -44.289038183319505 7.191342850823902 6.21
      vertex -44.325036798991924 7.434025805040321 6.21
    endloop
  endfacet
  facet normal 0 0 1
    outer loop
      vertex -44.29899003058623 7.1903626794206055 6.21
      vertex -44.325036798991924 7.434025805040321 6.21
      vertex -44.334844651795954 7.432074901820159 6.21
    endloop
  endfacet
  facet normal 0 0 1
    outer loop
      vertex -44.334844651795954 7.432074901820159 6.21
      vertex -44.325036798991924 7.434025805040321 6.21
      vertex -44.38464916066948 7.672011693136156 6.21
    endloop
  endfacet
  facet normal 0 0 1
    outer loop
      vertex -44.334844651795954 7.432074901820159 6.21
      vertex -44.38464916066948 7.672011693136156 6.21
      vertex -44.3942185640268 7.669108846363611 6.21
    endloop
  endfacet
  facet normal 0 0 1
    outer loop
      vertex -44.4765399640469 7.899181746589074 6.21
      vertex -44.57219683912911 8.124791842064994 6.21
      vertex -44.58101605177259 8.120077874696735 6.21
    endloop
  endfacet
  facet normal 0 0 1
    outer loop
      vertex -44.3942185640268 7.669108846363611 6.21
      vertex -44.38464916066948 7.672011693136156 6.21
      vertex -44.46730116872178 7.903008580912724 6.21
    endloop
  endfacet
  facet normal 0 0 1
    outer loop
      vertex -44.3942185640268 7.669108846363611 6.21
      vertex -44.46730116872178 7.903008580912724 6.21
      vertex -44.4765399640469 7.899181746589074 6.21
    endloop
  endfacet
  facet normal 0 0 1
    outer loop
      vertex -44.4765399640469 7.899181746589074 6.21
      vertex -44.46730116872178 7.903008580912724 6.21
      vertex -44.57219683912911 8.124791842064994 6.21
    endloop
  endfacet
  facet normal 0 0 1
    outer loop
      vertex -44.58101605177259 8.120077874696735 6.21
      vertex -44.69832596924364 8.335225582549006 6.21
      vertex -44.70664066536666 8.329669880218809 6.21
    endloop
  endfacet
  facet normal 0 0 1
    outer loop
      vertex -44.58101605177259 8.120077874696735 6.21
      vertex -44.57219683912911 8.124791842064994 6.21
      vertex -44.69832596924364 8.335225582549006 6.21
    endloop
  endfacet
  facet normal 0 0 1
    outer loop
      vertex -44.70664066536666 8.329669880218809 6.21
      vertex -44.844473866593155 8.532283210409114 6.21
      vertex -44.852203971126784 8.525939277567478 6.21
    endloop
  endfacet
  facet normal 0 0 1
    outer loop
      vertex -44.70664066536666 8.329669880218809 6.21
      vertex -44.69832596924364 8.335225582549006 6.21
      vertex -44.844473866593155 8.532283210409114 6.21
    endloop
  endfacet
  facet normal 0 0 1
    outer loop
      vertex -44.852203971126784 8.525939277567478 6.21
      vertex -44.844473866593155 8.532283210409114 6.21
      vertex -45.00923304703363 8.71406695296637 6.21
    endloop
  endfacet
  facet normal 0 0 1
    outer loop
      vertex -44.852203971126784 8.525939277567478 6.21
      vertex -45.00923304703363 8.71406695296637 6.21
      vertex -45.0163041148455 8.706995885154504 6.21
    endloop
  endfacet
  facet normal -0.524247209490108 -0.4751499741875435 0.7066805256772056
    outer loop
      vertex -5.400525839651285 -19.633339277567476 6.21
      vertex -5.2364256959325735 -19.814395885154504 6.21
      vertex -4.182836591964618 -18.760806781186545 7.7
    endloop
  endfacet
  facet normal -0.47514997418754207 -0.5242472094901097 0.7066805256772052
    outer loop
      vertex -5.0553690883455475 -19.978496028873213 6.21
      vertex -4.110123094941716 -18.826710453362736 7.7
      vertex -5.2364256959325735 -19.814395885154504 6.21
    endloop
  endfacet
  facet normal -0.3637445437516378 -0.6068711078305691 0.7066805256772051
    outer loop
      vertex -4.649507685474804 -20.249683948227403 6.21
      vertex -3.9471265476040673 -18.935621264348356 7.7
      vertex -4.85909969099688 -20.124059334633337 6.21
    endloop
  endfacet
  facet normal -0.3025092438137937 -0.6396020575606327 0.7066805256772054
    outer loop
      vertex -4.649507685474804 -20.249683948227403 6.21
      vertex -4.428611557367144 -20.354160035953104 6.21
      vertex -3.8584132431431595 -18.977579532511285 7.7
    endloop
  endfacet
  facet normal -0.17191644214679483 -0.6863289091595788 0.7066805256772047
    outer loop
      vertex -4.198538657141681 -20.4364814359732 6.21
      vertex -3.961504712598229 -20.495855348204042 6.21
      vertex -3.6708201327941983 -19.03448528040323 7.7
    endloop
  endfacet
  facet normal -0.10381662048698713 -0.699874805904063 0.7066805256772052
    outer loop
      vertex -3.961504712598229 -20.495855348204042 6.21
      vertex -3.719792490198676 -20.531709969413768 6.21
      vertex -3.5737469511076303 -19.048884726672195 7.7
    endloop
  endfacet
  facet normal -0.2383606144896437 -0.6661732898343405 0.7066805256772052
    outer loop
      vertex -4.198538657141681 -20.4364814359732 6.21
      vertex -3.7660144880325324 -19.01064033573221 7.7
      vertex -4.428611557367144 -20.354160035953104 6.21
    endloop
  endfacet
  facet normal -0.42147678489016427 -0.5682956575825993 0.7066805256772054
    outer loop
      vertex -5.0553690883455475 -19.978496028873213 6.21
      vertex -4.85909969099688 -20.124059334633337 6.21
      vertex -4.031300043797672 -18.885169612302544 7.7
    endloop
  endfacet
  facet normal -0.0347169880199617 -0.7066805256772046 0.7066805256772055
    outer loop
      vertex -3.719792490198676 -20.531709969413768 6.21
      vertex -3.47572981077807 -20.5437 6.21
      vertex -3.47572981077807 -19.0537 7.7
    endloop
  endfacet
  facet normal 0.03471698801996171 -0.7066805256772047 0.7066805256772053
    outer loop
      vertex -3.47572981077807 -20.5437 6.21
      vertex -3.231667131357464 -20.531709969413768 6.21
      vertex -3.3777126704485094 -19.048884726672195 7.7
    endloop
  endfacet
  facet normal 0.1038166204869872 -0.6998748059040635 0.7066805256772046
    outer loop
      vertex -3.231667131357464 -20.531709969413768 6.21
      vertex -2.9899549089579107 -20.495855348204042 6.21
      vertex -3.2806394887619414 -19.03448528040323 7.7
    endloop
  endfacet
  facet normal 0.1719164421467944 -0.6863289091595784 0.7066805256772051
    outer loop
      vertex -2.9899549089579107 -20.495855348204042 6.21
      vertex -2.7529209644144585 -20.4364814359732 6.21
      vertex -3.1854451335236074 -19.01064033573221 7.7
    endloop
  endfacet
  facet normal 0.23836061448964402 -0.6661732898343401 0.7066805256772055
    outer loop
      vertex -2.7529209644144585 -20.4364814359732 6.21
      vertex -2.522848064188996 -20.354160035953104 6.21
      vertex -3.0930463784129802 -18.977579532511285 7.7
    endloop
  endfacet
  facet normal 0.30250924381379396 -0.6396020575606333 0.7066805256772049
    outer loop
      vertex -2.522848064188996 -20.354160035953104 6.21
      vertex -2.301951936081336 -20.249683948227403 6.21
      vertex -3.0043330739520724 -18.935621264348356 7.7
    endloop
  endfacet
  facet normal 0.36374454375163806 -0.6068711078305683 0.7066805256772053
    outer loop
      vertex -2.301951936081336 -20.249683948227403 6.21
      vertex -2.0923599305592604 -20.124059334633337 6.21
      vertex -2.9201595777584677 -18.885169612302544 7.7
    endloop
  endfacet
  facet normal 0.4214767848901641 -0.5682956575825997 0.7066805256772051
    outer loop
      vertex -2.0923599305592604 -20.124059334633337 6.21
      vertex -1.8960905332105924 -19.978496028873213 6.21
      vertex -2.841336526614424 -18.826710453362736 7.7
    endloop
  endfacet
  facet normal 0.47514997418754185 -0.5242472094901095 0.7066805256772056
    outer loop
      vertex -1.8960905332105924 -19.978496028873213 6.21
      vertex -1.7150339256235665 -19.814395885154504 6.21
      vertex -2.7686230295915224 -18.760806781186545 7.7
    endloop
  endfacet
  facet normal 0.5242472094901086 -0.47514997418754346 0.7066805256772052
    outer loop
      vertex -1.7150339256235665 -19.814395885154504 6.21
      vertex -1.5509337819048548 -19.633339277567476 6.21
      vertex -2.702719357415333 -18.688093284163646 7.7
    endloop
  endfacet
  facet normal -0.3025092438137789 -0.6396020575606408 0.7066805256772046
    outer loop
      vertex -4.649507685474804 -20.249683948227403 6.21
      vertex -3.8584132431431595 -18.977579532511285 7.7
      vertex -3.9471265476040673 -18.935621264348356 7.7
    endloop
  endfacet
  facet normal -0.23836061448965362 -0.6661732898343363 0.706680525677206
    outer loop
      vertex -4.428611557367144 -20.354160035953104 6.21
      vertex -3.7660144880325324 -19.01064033573221 7.7
      vertex -3.8584132431431595 -18.977579532511285 7.7
    endloop
  endfacet
  facet normal -0.1719164421468042 -0.6863289091595757 0.7066805256772055
    outer loop
      vertex -4.198538657141681 -20.4364814359732 6.21
      vertex -3.6708201327941983 -19.03448528040323 7.7
      vertex -3.7660144880325324 -19.01064033573221 7.7
    endloop
  endfacet
  facet normal -0.10381662048697128 -0.6998748059040663 0.7066805256772044
    outer loop
      vertex -3.961504712598229 -20.495855348204042 6.21
      vertex -3.5737469511076303 -19.048884726672195 7.7
      vertex -3.6708201327941983 -19.03448528040323 7.7
    endloop
  endfacet
  facet normal -0.034716988019956437 -0.7066805256772051 0.7066805256772053
    outer loop
      vertex -3.719792490198676 -20.531709969413768 6.21
      vertex -3.47572981077807 -19.0537 7.7
      vertex -3.5737469511076303 -19.048884726672195 7.7
    endloop
  endfacet
  facet normal 0.03471698801995776 -0.7066805256772047 0.7066805256772056
    outer loop
      vertex -3.47572981077807 -20.5437 6.21
      vertex -3.3777126704485094 -19.048884726672195 7.7
      vertex -3.47572981077807 -19.0537 7.7
    endloop
  endfacet
  facet normal 0.10381662048697152 -0.6998748059040648 0.7066805256772055
    outer loop
      vertex -3.231667131357464 -20.531709969413768 6.21
      vertex -3.2806394887619414 -19.03448528040323 7.7
      vertex -3.3777126704485094 -19.048884726672195 7.7
    endloop
  endfacet
  facet normal 0.17191644214680527 -0.6863289091595765 0.7066805256772045
    outer loop
      vertex -2.9899549089579107 -20.495855348204042 6.21
      vertex -3.1854451335236074 -19.01064033573221 7.7
      vertex -3.2806394887619414 -19.03448528040323 7.7
    endloop
  endfacet
  facet normal 0.23836061448965534 -0.6661732898343369 0.7066805256772047
    outer loop
      vertex -2.7529209644144585 -20.4364814359732 6.21
      vertex -3.0930463784129802 -18.977579532511285 7.7
      vertex -3.1854451335236074 -19.01064033573221 7.7
    endloop
  endfacet
  facet normal 0.3025092438137789 -0.6396020575606397 0.7066805256772059
    outer loop
      vertex -2.522848064188996 -20.354160035953104 6.21
      vertex -3.0043330739520724 -18.935621264348356 7.7
      vertex -3.0930463784129802 -18.977579532511285 7.7
    endloop
  endfacet
  facet normal 0.3637445437516487 -0.6068711078305628 0.7066805256772047
    outer loop
      vertex -2.301951936081336 -20.249683948227403 6.21
      vertex -2.9201595777584677 -18.885169612302544 7.7
      vertex -3.0043330739520724 -18.935621264348356 7.7
    endloop
  endfacet
  facet normal -0.606871107830566 -0.36374454375164206 0.7066805256772055
    outer loop
      vertex -5.546089145411408 -19.437069880218807 6.21
      vertex -4.307199423080615 -18.6092702330196 7.7
      vertex -5.671713759005474 -19.227477874696735 6.21
    endloop
  endfacet
  facet normal -0.5682956575826028 -0.4214767848901599 0.7066805256772051
    outer loop
      vertex -5.400525839651285 -19.633339277567476 6.21
      vertex -4.248740264140807 -18.688093284163646 7.7
      vertex -5.546089145411408 -19.437069880218807 6.21
    endloop
  endfacet
  facet normal -0.6396020575606334 -0.3025092438137928 0.7066805256772055
    outer loop
      vertex -5.671713759005474 -19.227477874696735 6.21
      vertex -4.357651075126425 -18.525096736825997 7.7
      vertex -5.7761898467311745 -19.006581746589074 6.21
    endloop
  endfacet
  facet normal -0.6863289091595774 -0.17191644214679705 0.7066805256772055
    outer loop
      vertex -5.85851124675127 -18.776508846363612 6.21
      vertex -4.4326701465102785 -18.34398467725446 7.7
      vertex -5.917885158982114 -18.53947490182016 6.21
    endloop
  endfacet
  facet normal -0.6661732898343401 -0.2383606144896445 0.7066805256772052
    outer loop
      vertex -5.7761898467311745 -19.006581746589074 6.21
      vertex -4.399609343289357 -18.43638343236509 7.7
      vertex -5.85851124675127 -18.776508846363612 6.21
    endloop
  endfacet
  facet normal -0.6998748059040626 -0.10381662048698832 0.7066805256772053
    outer loop
      vertex -5.917885158982114 -18.53947490182016 6.21
      vertex -4.4565150911813 -18.248790322016127 7.7
      vertex -5.953739780191841 -18.297762679420604 6.21
    endloop
  endfacet
  facet normal -0.7066805256772054 -0.03471698801995164 0.7066805256772053
    outer loop
      vertex -5.953739780191841 -18.297762679420604 6.21
      vertex -4.470914537450267 -18.15171714032956 7.7
      vertex -5.96572981077807 -18.0537 6.21
    endloop
  endfacet
  facet normal -0.7066805256772054 0.03471698801995164 0.7066805256772054
    outer loop
      vertex -5.96572981077807 -18.0537 6.21
      vertex -4.47572981077807 -18.0537 7.7
      vertex -5.953739780191841 -17.809637320579395 6.21
    endloop
  endfacet
  facet normal -0.6998748059040626 0.10381662048698832 0.7066805256772052
    outer loop
      vertex -5.953739780191841 -17.809637320579395 6.21
      vertex -4.470914537450267 -17.95568285967044 7.7
      vertex -5.917885158982114 -17.56792509817984 6.21
    endloop
  endfacet
  facet normal -0.6863289091595774 0.17191644214679705 0.7066805256772054
    outer loop
      vertex -5.917885158982114 -17.56792509817984 6.21
      vertex -4.4565150911813 -17.85860967798387 7.7
      vertex -5.85851124675127 -17.330891153636387 6.21
    endloop
  endfacet
  facet normal -0.6661732898343399 0.23836061448964438 0.7066805256772054
    outer loop
      vertex -5.85851124675127 -17.330891153636387 6.21
      vertex -4.4326701465102785 -17.763415322745537 7.7
      vertex -5.7761898467311745 -17.100818253410925 6.21
    endloop
  endfacet
  facet normal -0.6396020575606336 0.3025092438137929 0.7066805256772053
    outer loop
      vertex -5.7761898467311745 -17.100818253410925 6.21
      vertex -4.399609343289357 -17.671016567634908 7.7
      vertex -5.671713759005474 -16.879922125303263 6.21
    endloop
  endfacet
  facet normal -0.606871107830566 0.36374454375164206 0.7066805256772054
    outer loop
      vertex -5.671713759005474 -16.879922125303263 6.21
      vertex -4.357651075126425 -17.582303263174 7.7
      vertex -5.546089145411408 -16.67033011978119 6.21
    endloop
  endfacet
  facet normal -0.5682956575826026 0.4214767848901597 0.7066805256772053
    outer loop
      vertex -5.546089145411408 -16.67033011978119 6.21
      vertex -4.307199423080615 -17.498129766980398 7.7
      vertex -5.400525839651285 -16.474060722432522 6.21
    endloop
  endfacet
  facet normal -0.5242472094901083 0.47514997418754384 0.7066805256772052
    outer loop
      vertex -5.400525839651285 -16.474060722432522 6.21
      vertex -4.248740264140807 -17.419306715836353 7.7
      vertex -5.2364256959325735 -16.293004114845495 6.21
    endloop
  endfacet
  facet normal -0.47514997418754185 0.5242472094901095 0.7066805256772056
    outer loop
      vertex -5.2364256959325735 -16.293004114845495 6.21
      vertex -4.182836591964618 -17.346593218813453 7.7
      vertex -5.0553690883455475 -16.128903971126785 6.21
    endloop
  endfacet
  facet normal -0.4214767848901644 0.5682956575825994 0.7066805256772051
    outer loop
      vertex -5.0553690883455475 -16.128903971126785 6.21
      vertex -4.110123094941716 -17.280689546637262 7.7
      vertex -4.85909969099688 -15.983340665366661 6.21
    endloop
  endfacet
  facet normal -0.3637445437516375 0.6068711078305687 0.7066805256772055
    outer loop
      vertex -4.85909969099688 -15.983340665366661 6.21
      vertex -4.031300043797672 -17.222230387697454 7.7
      vertex -4.649507685474804 -15.857716051772595 6.21
    endloop
  endfacet
  facet normal -0.30250924381379396 0.6396020575606333 0.7066805256772049
    outer loop
      vertex -4.649507685474804 -15.857716051772595 6.21
      vertex -3.9471265476040673 -17.171778735651642 7.7
      vertex -4.428611557367144 -15.753239964046895 6.21
    endloop
  endfacet
  facet normal -0.23836061448964363 0.6661732898343403 0.7066805256772056
    outer loop
      vertex -4.428611557367144 -15.753239964046895 6.21
      vertex -3.8584132431431595 -17.129820467488713 7.7
      vertex -4.198538657141681 -15.670918564026799 6.21
    endloop
  endfacet
  facet normal -0.17191644214679475 0.6863289091595786 0.7066805256772052
    outer loop
      vertex -4.198538657141681 -15.670918564026799 6.21
      vertex -3.7660144880325324 -17.09675966426779 7.7
      vertex -3.961504712598229 -15.611544651795956 6.21
    endloop
  endfacet
  facet normal 0.5682956575826021 -0.4214767848901606 0.7066805256772053
    outer loop
      vertex -1.5509337819048548 -19.633339277567476 6.21
      vertex -1.405370476144732 -19.437069880218807 6.21
      vertex -2.6442601984755245 -18.6092702330196 7.7
    endloop
  endfacet
  facet normal 0.606871107830566 -0.36374454375164206 0.7066805256772054
    outer loop
      vertex -1.405370476144732 -19.437069880218807 6.21
      vertex -1.2797458625506657 -19.227477874696735 6.21
      vertex -2.593808546429715 -18.525096736825997 7.7
    endloop
  endfacet
  facet normal 0.6396020575606342 -0.3025092438137919 0.7066805256772053
    outer loop
      vertex -1.2797458625506657 -19.227477874696735 6.21
      vertex -1.1752697748249656 -19.006581746589074 6.21
      vertex -2.551850278266783 -18.43638343236509 7.7
    endloop
  endfacet
  facet normal 0.66617328983434 -0.23836061448964443 0.7066805256772054
    outer loop
      vertex -1.1752697748249656 -19.006581746589074 6.21
      vertex -1.09294837480487 -18.776508846363612 6.21
      vertex -2.5187894750458613 -18.34398467725446 7.7
    endloop
  endfacet
  facet normal 0.6863289091595772 -0.17191644214679827 0.7066805256772053
    outer loop
      vertex -1.09294837480487 -18.776508846363612 6.21
      vertex -1.033574462574026 -18.53947490182016 6.21
      vertex -2.4949445303748394 -18.248790322016127 7.7
    endloop
  endfacet
  facet normal 0.6998748059040629 -0.10381662048698707 0.7066805256772052
    outer loop
      vertex -1.033574462574026 -18.53947490182016 6.21
      vertex -0.9977198413642996 -18.297762679420604 6.21
      vertex -2.4805450841058727 -18.15171714032956 7.7
    endloop
  endfacet
  facet normal 0.7066805256772054 -0.034716988019952925 0.7066805256772053
    outer loop
      vertex -0.9977198413642996 -18.297762679420604 6.21
      vertex -0.9857298107780696 -18.0537 6.21
      vertex -2.47572981077807 -18.0537 7.7
    endloop
  endfacet
  facet normal 0.7066805256772054 0.03471698801995164 0.7066805256772053
    outer loop
      vertex -0.9857298107780696 -18.0537 6.21
      vertex -0.9977198413642991 -17.809637320579395 6.21
      vertex -2.4805450841058727 -17.95568285967044 7.7
    endloop
  endfacet
  facet normal 0.6998748059040626 0.10381662048698832 0.7066805256772054
    outer loop
      vertex -0.9977198413642991 -17.809637320579395 6.21
      vertex -1.033574462574026 -17.56792509817984 6.21
      vertex -2.4949445303748394 -17.85860967798387 7.7
    endloop
  endfacet
  facet normal 0.23836061448964413 0.6661732898343404 0.7066805256772051
    outer loop
      vertex -2.7529209644144585 -15.670918564026799 6.21
      vertex -3.1854451335236074 -17.09675966426779 7.7
      vertex -2.522848064188996 -15.753239964046895 6.21
    endloop
  endfacet
  facet normal 0.5682956575826024 0.4214767848901608 0.7066805256772051
    outer loop
      vertex -1.405370476144732 -16.67033011978119 6.21
      vertex -1.5509337819048548 -16.474060722432522 6.21
      vertex -2.702719357415333 -17.419306715836353 7.7
    endloop
  endfacet
  facet normal 0.47514997418754207 0.5242472094901097 0.7066805256772051
    outer loop
      vertex -1.7150339256235665 -16.293004114845495 6.21
      vertex -1.8960905332105924 -16.128903971126785 6.21
      vertex -2.841336526614424 -17.280689546637262 7.7
    endloop
  endfacet
  facet normal 0.5242472094901083 0.4751499741875432 0.7066805256772056
    outer loop
      vertex -1.7150339256235665 -16.293004114845495 6.21
      vertex -2.7686230295915224 -17.346593218813453 7.7
      vertex -1.5509337819048548 -16.474060722432522 6.21
    endloop
  endfacet
  facet normal 0.36374454375163834 0.6068711078305687 0.706680525677205
    outer loop
      vertex -2.0923599305592604 -15.983340665366661 6.21
      vertex -2.301951936081336 -15.857716051772595 6.21
      vertex -3.0043330739520724 -17.171778735651642 7.7
    endloop
  endfacet
  facet normal 0.3025092438137937 0.6396020575606327 0.7066805256772054
    outer loop
      vertex -2.522848064188996 -15.753239964046895 6.21
      vertex -3.0930463784129802 -17.129820467488713 7.7
      vertex -2.301951936081336 -15.857716051772595 6.21
    endloop
  endfacet
  facet normal 0.421476784890164 0.5682956575825996 0.7066805256772054
    outer loop
      vertex -2.0923599305592604 -15.983340665366661 6.21
      vertex -2.9201595777584677 -17.222230387697454 7.7
      vertex -1.8960905332105924 -16.128903971126785 6.21
    endloop
  endfacet
  facet normal 0.6863289091595772 0.17191644214679827 0.7066805256772054
    outer loop
      vertex -1.033574462574026 -17.56792509817984 6.21
      vertex -1.09294837480487 -17.330891153636387 6.21
      vertex -2.5187894750458613 -17.763415322745537 7.7
    endloop
  endfacet
  facet normal 0.6661732898343403 0.23836061448964455 0.7066805256772052
    outer loop
      vertex -1.09294837480487 -17.330891153636387 6.21
      vertex -1.1752697748249656 -17.100818253410925 6.21
      vertex -2.551850278266783 -17.671016567634908 7.7
    endloop
  endfacet
  facet normal 0.6396020575606339 0.3025092438137918 0.7066805256772054
    outer loop
      vertex -1.1752697748249656 -17.100818253410925 6.21
      vertex -1.2797458625506657 -16.879922125303263 6.21
      vertex -2.593808546429715 -17.582303263174 7.7
    endloop
  endfacet
  facet normal 0.606871107830566 0.36374454375164206 0.7066805256772053
    outer loop
      vertex -1.2797458625506657 -16.879922125303263 6.21
      vertex -1.405370476144732 -16.67033011978119 6.21
      vertex -2.6442601984755245 -17.498129766980398 7.7
    endloop
  endfacet
  facet normal -0.10381662048699222 0.6998748059040627 0.7066805256772047
    outer loop
      vertex -3.961504712598229 -15.611544651795956 6.21
      vertex -3.6708201327941983 -17.072914719596767 7.7
      vertex -3.719792490198676 -15.575690030586228 6.21
    endloop
  endfacet
  facet normal -0.03471698801995145 0.7066805256772053 0.7066805256772056
    outer loop
      vertex -3.719792490198676 -15.575690030586228 6.21
      vertex -3.5737469511076303 -17.058515273327803 7.7
      vertex -3.47572981077807 -15.563699999999999 6.21
    endloop
  endfacet
  facet normal 0.03471698801995145 0.7066805256772053 0.7066805256772053
    outer loop
      vertex -3.47572981077807 -15.563699999999999 6.21
      vertex -3.47572981077807 -17.0537 7.7
      vertex -3.231667131357464 -15.575690030586228 6.21
    endloop
  endfacet
  facet normal 0.10381662048699211 0.6998748059040619 0.7066805256772054
    outer loop
      vertex -2.9899549089579107 -15.611544651795956 6.21
      vertex -3.231667131357464 -15.575690030586228 6.21
      vertex -3.3777126704485094 -17.058515273327803 7.7
    endloop
  endfacet
  facet normal 0.17191644214679452 0.6863289091595789 0.7066805256772047
    outer loop
      vertex -2.9899549089579107 -15.611544651795956 6.21
      vertex -3.2806394887619414 -17.072914719596767 7.7
      vertex -2.7529209644144585 -15.670918564026799 6.21
    endloop
  endfacet
  facet normal -0.5682956575826071 -0.4214767848901533 0.7066805256772055
    outer loop
      vertex -5.546089145411408 -19.437069880218807 6.21
      vertex -4.248740264140807 -18.688093284163646 7.7
      vertex -4.307199423080615 -18.6092702330196 7.7
    endloop
  endfacet
  facet normal -0.6068711078305651 -0.36374454375164306 0.7066805256772056
    outer loop
      vertex -5.671713759005474 -19.227477874696735 6.21
      vertex -4.307199423080615 -18.6092702330196 7.7
      vertex -4.357651075126425 -18.525096736825997 7.7
    endloop
  endfacet
  facet normal -0.6396020575606315 -0.302509243813798 0.706680525677205
    outer loop
      vertex -5.7761898467311745 -19.006581746589074 6.21
      vertex -4.357651075126425 -18.525096736825997 7.7
      vertex -4.399609343289357 -18.43638343236509 7.7
    endloop
  endfacet
  facet normal -0.36374454375164816 -0.6068711078305619 0.7066805256772057
    outer loop
      vertex -4.85909969099688 -20.124059334633337 6.21
      vertex -3.9471265476040673 -18.935621264348356 7.7
      vertex -4.031300043797672 -18.885169612302544 7.7
    endloop
  endfacet
  facet normal -0.42147678489015966 -0.5682956575826027 0.7066805256772053
    outer loop
      vertex -5.0553690883455475 -19.978496028873213 6.21
      vertex -4.031300043797672 -18.885169612302544 7.7
      vertex -4.110123094941716 -18.826710453362736 7.7
    endloop
  endfacet
  facet normal -0.4751499741875499 -0.5242472094901022 0.7066805256772057
    outer loop
      vertex -5.2364256959325735 -19.814395885154504 6.21
      vertex -4.110123094941716 -18.826710453362736 7.7
      vertex -4.182836591964618 -18.760806781186545 7.7
    endloop
  endfacet
  facet normal -0.5242472094900998 -0.47514997418755345 0.706680525677205
    outer loop
      vertex -5.400525839651285 -19.633339277567476 6.21
      vertex -4.182836591964618 -18.760806781186545 7.7
      vertex -4.248740264140807 -18.688093284163646 7.7
    endloop
  endfacet
  facet normal -0.6863289091595769 -0.17191644214679974 0.7066805256772052
    outer loop
      vertex -5.917885158982114 -18.53947490182016 6.21
      vertex -4.4326701465102785 -18.34398467725446 7.7
      vertex -4.4565150911813 -18.248790322016127 7.7
    endloop
  endfacet
  facet normal -0.6661732898343421 -0.23836061448963836 0.7066805256772054
    outer loop
      vertex -5.85851124675127 -18.776508846363612 6.21
      vertex -4.399609343289357 -18.43638343236509 7.7
      vertex -4.4326701465102785 -18.34398467725446 7.7
    endloop
  endfacet
  facet normal -0.6998748059040625 -0.10381662048699039 0.7066805256772053
    outer loop
      vertex -5.953739780191841 -18.297762679420604 6.21
      vertex -4.4565150911813 -18.248790322016127 7.7
      vertex -4.470914537450267 -18.15171714032956 7.7
    endloop
  endfacet
  facet normal -0.7066805256772053 -0.034716988019951336 0.7066805256772053
    outer loop
      vertex -5.96572981077807 -18.0537 6.21
      vertex -4.470914537450267 -18.15171714032956 7.7
      vertex -4.47572981077807 -18.0537 7.7
    endloop
  endfacet
  facet normal -0.7066805256772055 0.034716988019950594 0.7066805256772053
    outer loop
      vertex -5.953739780191841 -17.809637320579395 6.21
      vertex -4.47572981077807 -18.0537 7.7
      vertex -4.470914537450267 -17.95568285967044 7.7
    endloop
  endfacet
  facet normal -0.6998748059040624 0.10381662048699064 0.7066805256772052
    outer loop
      vertex -5.917885158982114 -17.56792509817984 6.21
      vertex -4.470914537450267 -17.95568285967044 7.7
      vertex -4.4565150911813 -17.85860967798387 7.7
    endloop
  endfacet
  facet normal -0.6863289091595768 0.1719164421467983 0.7066805256772057
    outer loop
      vertex -5.85851124675127 -17.330891153636387 6.21
      vertex -4.4565150911813 -17.85860967798387 7.7
      vertex -4.4326701465102785 -17.763415322745537 7.7
    endloop
  endfacet
  facet normal -0.6661732898343428 0.238360614489638 0.7066805256772051
    outer loop
      vertex -5.7761898467311745 -17.100818253410925 6.21
      vertex -4.4326701465102785 -17.763415322745537 7.7
      vertex -4.399609343289357 -17.671016567634908 7.7
    endloop
  endfacet
  facet normal -0.639602057560631 0.302509243813797 0.7066805256772056
    outer loop
      vertex -5.671713759005474 -16.879922125303263 6.21
      vertex -4.399609343289357 -17.671016567634908 7.7
      vertex -4.357651075126425 -17.582303263174 7.7
    endloop
  endfacet
  facet normal -0.6068711078305652 0.3637445437516428 0.7066805256772059
    outer loop
      vertex -5.546089145411408 -16.67033011978119 6.21
      vertex -4.357651075126425 -17.582303263174 7.7
      vertex -4.307199423080615 -17.498129766980398 7.7
    endloop
  endfacet
  facet normal -0.568295657582608 0.42147678489015383 0.7066805256772046
    outer loop
      vertex -5.400525839651285 -16.474060722432522 6.21
      vertex -4.307199423080615 -17.498129766980398 7.7
      vertex -4.248740264140807 -17.419306715836353 7.7
    endloop
  endfacet
  facet normal -0.5242472094900993 0.4751499741875526 0.7066805256772057
    outer loop
      vertex -5.2364256959325735 -16.293004114845495 6.21
      vertex -4.248740264140807 -17.419306715836353 7.7
      vertex -4.182836591964618 -17.346593218813453 7.7
    endloop
  endfacet
  facet normal -0.4751499741875507 0.5242472094901023 0.7066805256772049
    outer loop
      vertex -5.0553690883455475 -16.128903971126785 6.21
      vertex -4.182836591964618 -17.346593218813453 7.7
      vertex -4.110123094941716 -17.280689546637262 7.7
    endloop
  endfacet
  facet normal -0.42147678489015966 0.5682956575826026 0.7066805256772054
    outer loop
      vertex -4.85909969099688 -15.983340665366661 6.21
      vertex -4.110123094941716 -17.280689546637262 7.7
      vertex -4.031300043797672 -17.222230387697454 7.7
    endloop
  endfacet
  facet normal -0.3637445437516487 0.6068711078305628 0.7066805256772047
    outer loop
      vertex -4.649507685474804 -15.857716051772595 6.21
      vertex -4.031300043797672 -17.222230387697454 7.7
      vertex -3.9471265476040673 -17.171778735651642 7.7
    endloop
  endfacet
  facet normal -0.3025092438137789 0.6396020575606397 0.7066805256772059
    outer loop
      vertex -4.428611557367144 -15.753239964046895 6.21
      vertex -3.9471265476040673 -17.171778735651642 7.7
      vertex -3.8584132431431595 -17.129820467488713 7.7
    endloop
  endfacet
  facet normal -0.2383606144896554 0.666173289834337 0.7066805256772045
    outer loop
      vertex -4.198538657141681 -15.670918564026799 6.21
      vertex -3.8584132431431595 -17.129820467488713 7.7
      vertex -3.7660144880325324 -17.09675966426779 7.7
    endloop
  endfacet
  facet normal -0.17191644214680527 0.6863289091595765 0.7066805256772045
    outer loop
      vertex -3.961504712598229 -15.611544651795956 6.21
      vertex -3.7660144880325324 -17.09675966426779 7.7
      vertex -3.6708201327941983 -17.072914719596767 7.7
    endloop
  endfacet
  facet normal 0.42147678489015983 -0.5682956575826028 0.7066805256772052
    outer loop
      vertex -2.0923599305592604 -20.124059334633337 6.21
      vertex -2.841336526614424 -18.826710453362736 7.7
      vertex -2.9201595777584677 -18.885169612302544 7.7
    endloop
  endfacet
  facet normal 0.4751499741875522 -0.5242472094901013 0.7066805256772047
    outer loop
      vertex -1.8960905332105924 -19.978496028873213 6.21
      vertex -2.7686230295915224 -18.760806781186545 7.7
      vertex -2.841336526614424 -18.826710453362736 7.7
    endloop
  endfacet
  facet normal 0.5242472094900978 -0.475149974187554 0.7066805256772061
    outer loop
      vertex -1.7150339256235665 -19.814395885154504 6.21
      vertex -2.702719357415333 -18.688093284163646 7.7
      vertex -2.7686230295915224 -18.760806781186545 7.7
    endloop
  endfacet
  facet normal 0.5682956575826065 -0.4214767848901559 0.7066805256772045
    outer loop
      vertex -1.5509337819048548 -19.633339277567476 6.21
      vertex -2.6442601984755245 -18.6092702330196 7.7
      vertex -2.702719357415333 -18.688093284163646 7.7
    endloop
  endfacet
  facet normal 0.6068711078305667 -0.36374454375164045 0.7066805256772054
    outer loop
      vertex -1.405370476144732 -19.437069880218807 6.21
      vertex -2.593808546429715 -18.525096736825997 7.7
      vertex -2.6442601984755245 -18.6092702330196 7.7
    endloop
  endfacet
  facet normal 0.639602057560631 -0.302509243813797 0.7066805256772056
    outer loop
      vertex -1.2797458625506657 -19.227477874696735 6.21
      vertex -2.551850278266783 -18.43638343236509 7.7
      vertex -2.593808546429715 -18.525096736825997 7.7
    endloop
  endfacet
  facet normal 0.6661732898343425 -0.23836061448963905 0.7066805256772051
    outer loop
      vertex -1.1752697748249656 -19.006581746589074 6.21
      vertex -2.5187894750458613 -18.34398467725446 7.7
      vertex -2.551850278266783 -18.43638343236509 7.7
    endloop
  endfacet
  facet normal 0.6863289091595768 -0.1719164421467994 0.7066805256772055
    outer loop
      vertex -1.09294837480487 -18.776508846363612 6.21
      vertex -2.4949445303748394 -18.248790322016127 7.7
      vertex -2.5187894750458613 -18.34398467725446 7.7
    endloop
  endfacet
  facet normal 0.6998748059040624 -0.10381662048699064 0.7066805256772052
    outer loop
      vertex -1.033574462574026 -18.53947490182016 6.21
      vertex -2.4805450841058727 -18.15171714032956 7.7
      vertex -2.4949445303748394 -18.248790322016127 7.7
    endloop
  endfacet
  facet normal 0.7066805256772055 -0.034716988019949546 0.7066805256772052
    outer loop
      vertex -0.9977198413642996 -18.297762679420604 6.21
      vertex -2.47572981077807 -18.0537 7.7
      vertex -2.4805450841058727 -18.15171714032956 7.7
    endloop
  endfacet
  facet normal 0.7066805256772053 0.034716988019951336 0.7066805256772053
    outer loop
      vertex -0.9857298107780696 -18.0537 6.21
      vertex -2.4805450841058727 -17.95568285967044 7.7
      vertex -2.47572981077807 -18.0537 7.7
    endloop
  endfacet
  facet normal 0.6998748059040625 0.10381662048699039 0.7066805256772053
    outer loop
      vertex -0.9977198413642991 -17.809637320579395 6.21
      vertex -2.4949445303748394 -17.85860967798387 7.7
      vertex -2.4805450841058727 -17.95568285967044 7.7
    endloop
  endfacet
  facet normal 0.6863289091595769 0.17191644214679974 0.7066805256772052
    outer loop
      vertex -1.033574462574026 -17.56792509817984 6.21
      vertex -2.5187894750458613 -17.763415322745537 7.7
      vertex -2.4949445303748394 -17.85860967798387 7.7
    endloop
  endfacet
  facet normal 0.6661732898343423 0.23836061448963733 0.7066805256772057
    outer loop
      vertex -1.09294837480487 -17.330891153636387 6.21
      vertex -2.551850278266783 -17.671016567634908 7.7
      vertex -2.5187894750458613 -17.763415322745537 7.7
    endloop
  endfacet
  facet normal 0.6396020575606317 0.302509243813797 0.7066805256772052
    outer loop
      vertex -1.1752697748249656 -17.100818253410925 6.21
      vertex -2.593808546429715 -17.582303263174 7.7
      vertex -2.551850278266783 -17.671016567634908 7.7
    endloop
  endfacet
  facet normal 0.47514997418755156 0.5242472094901002 0.7066805256772059
    outer loop
      vertex -1.7150339256235665 -16.293004114845495 6.21
      vertex -2.841336526614424 -17.280689546637262 7.7
      vertex -2.7686230295915224 -17.346593218813453 7.7
    endloop
  endfacet
  facet normal 0.6068711078305662 0.3637445437516416 0.7066805256772054
    outer loop
      vertex -1.2797458625506657 -16.879922125303263 6.21
      vertex -2.6442601984755245 -17.498129766980398 7.7
      vertex -2.593808546429715 -17.582303263174 7.7
    endloop
  endfacet
  facet normal 0.5682956575826057 0.4214767848901554 0.7066805256772053
    outer loop
      vertex -1.405370476144732 -16.67033011978119 6.21
      vertex -2.702719357415333 -17.419306715836353 7.7
      vertex -2.6442601984755245 -17.498129766980398 7.7
    endloop
  endfacet
  facet normal 0.5242472094900983 0.47514997418755517 0.706680525677205
    outer loop
      vertex -1.5509337819048548 -16.474060722432522 6.21
      vertex -2.7686230295915224 -17.346593218813453 7.7
      vertex -2.702719357415333 -17.419306715836353 7.7
    endloop
  endfacet
  facet normal -0.10381662048697136 0.6998748059040645 0.706680525677206
    outer loop
      vertex -3.719792490198676 -15.575690030586228 6.21
      vertex -3.6708201327941983 -17.072914719596767 7.7
      vertex -3.5737469511076303 -17.058515273327803 7.7
    endloop
  endfacet
  facet normal -0.03471698801995573 0.7066805256772053 0.7066805256772053
    outer loop
      vertex -3.47572981077807 -15.563699999999999 6.21
      vertex -3.5737469511076303 -17.058515273327803 7.7
      vertex -3.47572981077807 -17.0537 7.7
    endloop
  endfacet
  facet normal 0.034716988019956506 0.7066805256772046 0.7066805256772057
    outer loop
      vertex -3.231667131357464 -15.575690030586228 6.21
      vertex -3.47572981077807 -17.0537 7.7
      vertex -3.3777126704485094 -17.058515273327803 7.7
    endloop
  endfacet
  facet normal 0.10381662048697128 0.6998748059040663 0.7066805256772044
    outer loop
      vertex -2.9899549089579107 -15.611544651795956 6.21
      vertex -3.3777126704485094 -17.058515273327803 7.7
      vertex -3.2806394887619414 -17.072914719596767 7.7
    endloop
  endfacet
  facet normal 0.17191644214680415 0.6863289091595755 0.7066805256772057
    outer loop
      vertex -2.7529209644144585 -15.670918564026799 6.21
      vertex -3.2806394887619414 -17.072914719596767 7.7
      vertex -3.1854451335236074 -17.09675966426779 7.7
    endloop
  endfacet
  facet normal 0.23836061448965362 0.6661732898343363 0.706680525677206
    outer loop
      vertex -2.522848064188996 -15.753239964046895 6.21
      vertex -3.1854451335236074 -17.09675966426779 7.7
      vertex -3.0930463784129802 -17.129820467488713 7.7
    endloop
  endfacet
  facet normal 0.36374454375164816 0.6068711078305619 0.7066805256772057
    outer loop
      vertex -2.0923599305592604 -15.983340665366661 6.21
      vertex -3.0043330739520724 -17.171778735651642 7.7
      vertex -2.9201595777584677 -17.222230387697454 7.7
    endloop
  endfacet
  facet normal 0.4214767848901596 0.5682956575826031 0.7066805256772051
    outer loop
      vertex -1.8960905332105924 -16.128903971126785 6.21
      vertex -2.9201595777584677 -17.222230387697454 7.7
      vertex -2.841336526614424 -17.280689546637262 7.7
    endloop
  endfacet
  facet normal 0.3025092438137789 0.6396020575606408 0.7066805256772046
    outer loop
      vertex -2.301951936081336 -15.857716051772595 6.21
      vertex -3.0930463784129802 -17.129820467488713 7.7
      vertex -3.0043330739520724 -17.171778735651642 7.7
    endloop
  endfacet
  facet normal 0 0 1
    outer loop
      vertex -4.182836591964618 -18.760806781186545 7.7
      vertex -4.248740264140807 -17.419306715836353 7.7
      vertex -4.248740264140807 -18.688093284163646 7.7
    endloop
  endfacet
  facet normal 0 0 1
    outer loop
      vertex -4.248740264140807 -18.688093284163646 7.7
      vertex -4.307199423080615 -17.498129766980398 7.7
      vertex -4.307199423080615 -18.6092702330196 7.7
    endloop
  endfacet
  facet normal 0 0 1
    outer loop
      vertex -4.357651075126425 -18.525096736825997 7.7
      vertex -4.399609343289357 -17.671016567634908 7.7
      vertex -4.399609343289357 -18.43638343236509 7.7
    endloop
  endfacet
  facet normal 0 0 1
    outer loop
      vertex -4.307199423080615 -18.6092702330196 7.7
      vertex -4.357651075126425 -17.582303263174 7.7
      vertex -4.357651075126425 -18.525096736825997 7.7
    endloop
  endfacet
  facet normal 0 0 1
    outer loop
      vertex -4.399609343289357 -18.43638343236509 7.7
      vertex -4.4326701465102785 -17.763415322745537 7.7
      vertex -4.4326701465102785 -18.34398467725446 7.7
    endloop
  endfacet
  facet normal 0 0 1
    outer loop
      vertex -4.4326701465102785 -18.34398467725446 7.7
      vertex -4.4565150911813 -17.85860967798387 7.7
      vertex -4.4565150911813 -18.248790322016127 7.7
    endloop
  endfacet
  facet normal 0 0 1
    outer loop
      vertex -3.9471265476040673 -18.935621264348356 7.7
      vertex -4.031300043797672 -17.222230387697454 7.7
      vertex -4.031300043797672 -18.885169612302544 7.7
    endloop
  endfacet
  facet normal 0 0 1
    outer loop
      vertex -3.9471265476040673 -18.935621264348356 7.7
      vertex -3.8584132431431595 -18.977579532511285 7.7
      vertex -3.9471265476040673 -17.171778735651642 7.7
    endloop
  endfacet
  facet normal 0 0 1
    outer loop
      vertex -3.7660144880325324 -19.01064033573221 7.7
      vertex -3.8584132431431595 -17.129820467488713 7.7
      vertex -3.8584132431431595 -18.977579532511285 7.7
    endloop
  endfacet
  facet normal 0 0 1
    outer loop
      vertex -4.182836591964618 -18.760806781186545 7.7
      vertex -4.110123094941716 -18.826710453362736 7.7
      vertex -4.182836591964618 -17.346593218813453 7.7
    endloop
  endfacet
  facet normal 0 0 1
    outer loop
      vertex -4.031300043797672 -18.885169612302544 7.7
      vertex -4.110123094941716 -17.280689546637262 7.7
      vertex -4.110123094941716 -18.826710453362736 7.7
    endloop
  endfacet
  facet normal 0 0 1
    outer loop
      vertex -4.4565150911813 -18.248790322016127 7.7
      vertex -4.470914537450267 -17.95568285967044 7.7
      vertex -4.470914537450267 -18.15171714032956 7.7
    endloop
  endfacet
  facet normal 0 0 1
    outer loop
      vertex -4.470914537450267 -18.15171714032956 7.7
      vertex -4.470914537450267 -17.95568285967044 7.7
      vertex -4.47572981077807 -18.0537 7.7
    endloop
  endfacet
  facet normal 0 0 1
    outer loop
      vertex -4.4565150911813 -18.248790322016127 7.7
      vertex -4.4565150911813 -17.85860967798387 7.7
      vertex -4.470914537450267 -17.95568285967044 7.7
    endloop
  endfacet
  facet normal 0 0 1
    outer loop
      vertex -4.4326701465102785 -18.34398467725446 7.7
      vertex -4.4326701465102785 -17.763415322745537 7.7
      vertex -4.4565150911813 -17.85860967798387 7.7
    endloop
  endfacet
  facet normal 0 0 1
    outer loop
      vertex -4.399609343289357 -18.43638343236509 7.7
      vertex -4.399609343289357 -17.671016567634908 7.7
      vertex -4.4326701465102785 -17.763415322745537 7.7
    endloop
  endfacet
  facet normal 0 0 1
    outer loop
      vertex -4.357651075126425 -18.525096736825997 7.7
      vertex -4.357651075126425 -17.582303263174 7.7
      vertex -4.399609343289357 -17.671016567634908 7.7
    endloop
  endfacet
  facet normal 0 0 1
    outer loop
      vertex -4.307199423080615 -18.6092702330196 7.7
      vertex -4.307199423080615 -17.498129766980398 7.7
      vertex -4.357651075126425 -17.582303263174 7.7
    endloop
  endfacet
  facet normal 0 0 1
    outer loop
      vertex -4.248740264140807 -18.688093284163646 7.7
      vertex -4.248740264140807 -17.419306715836353 7.7
      vertex -4.307199423080615 -17.498129766980398 7.7
    endloop
  endfacet
  facet normal 0 0 1
    outer loop
      vertex -4.182836591964618 -18.760806781186545 7.7
      vertex -4.182836591964618 -17.346593218813453 7.7
      vertex -4.248740264140807 -17.419306715836353 7.7
    endloop
  endfacet
  facet normal 0 0 1
    outer loop
      vertex -4.110123094941716 -18.826710453362736 7.7
      vertex -4.110123094941716 -17.280689546637262 7.7
      vertex -4.182836591964618 -17.346593218813453 7.7
    endloop
  endfacet
  facet normal 0 0 1
    outer loop
      vertex -4.031300043797672 -18.885169612302544 7.7
      vertex -4.031300043797672 -17.222230387697454 7.7
      vertex -4.110123094941716 -17.280689546637262 7.7
    endloop
  endfacet
  facet normal 0 0 1
    outer loop
      vertex -3.9471265476040673 -18.935621264348356 7.7
      vertex -3.9471265476040673 -17.171778735651642 7.7
      vertex -4.031300043797672 -17.222230387697454 7.7
    endloop
  endfacet
  facet normal 0 0 1
    outer loop
      vertex -3.8584132431431595 -18.977579532511285 7.7
      vertex -3.8584132431431595 -17.129820467488713 7.7
      vertex -3.9471265476040673 -17.171778735651642 7.7
    endloop
  endfacet
  facet normal 0 0 1
    outer loop
      vertex -3.7660144880325324 -19.01064033573221 7.7
      vertex -3.7660144880325324 -17.09675966426779 7.7
      vertex -3.8584132431431595 -17.129820467488713 7.7
    endloop
  endfacet
  facet normal 0 0 1
    outer loop
      vertex -3.7660144880325324 -19.01064033573221 7.7
      vertex -3.6708201327941983 -19.03448528040323 7.7
      vertex -3.7660144880325324 -17.09675966426779 7.7
    endloop
  endfacet
  facet normal 0 0 1
    outer loop
      vertex -3.6708201327941983 -19.03448528040323 7.7
      vertex -3.5737469511076303 -19.048884726672195 7.7
      vertex -3.6708201327941983 -17.072914719596767 7.7
    endloop
  endfacet
  facet normal 0 0 1
    outer loop
      vertex -3.5737469511076303 -19.048884726672195 7.7
      vertex -3.47572981077807 -19.0537 7.7
      vertex -3.5737469511076303 -17.058515273327803 7.7
    endloop
  endfacet
  facet normal 0 0 1
    outer loop
      vertex -3.47572981077807 -19.0537 7.7
      vertex -3.3777126704485094 -19.048884726672195 7.7
      vertex -3.47572981077807 -17.0537 7.7
    endloop
  endfacet
  facet normal 0 0 1
    outer loop
      vertex -3.3777126704485094 -19.048884726672195 7.7
      vertex -3.2806394887619414 -19.03448528040323 7.7
      vertex -3.3777126704485094 -17.058515273327803 7.7
    endloop
  endfacet
  facet normal 0 0 1
    outer loop
      vertex -3.2806394887619414 -19.03448528040323 7.7
      vertex -3.1854451335236074 -19.01064033573221 7.7
      vertex -3.2806394887619414 -17.072914719596767 7.7
    endloop
  endfacet
  facet normal 0 0 1
    outer loop
      vertex -3.1854451335236074 -19.01064033573221 7.7
      vertex -3.0930463784129802 -18.977579532511285 7.7
      vertex -3.1854451335236074 -17.09675966426779 7.7
    endloop
  endfacet
  facet normal 0 0 1
    outer loop
      vertex -3.0930463784129802 -18.977579532511285 7.7
      vertex -3.0043330739520724 -18.935621264348356 7.7
      vertex -3.0930463784129802 -17.129820467488713 7.7
    endloop
  endfacet
  facet normal 0 0 1
    outer loop
      vertex -3.0043330739520724 -18.935621264348356 7.7
      vertex -2.9201595777584677 -18.885169612302544 7.7
      vertex -3.0043330739520724 -17.171778735651642 7.7
    endloop
  endfacet
  facet normal 0 0 1
    outer loop
      vertex -2.9201595777584677 -18.885169612302544 7.7
      vertex -2.841336526614424 -18.826710453362736 7.7
      vertex -2.9201595777584677 -17.222230387697454 7.7
    endloop
  endfacet
  facet normal 0 0 1
    outer loop
      vertex -2.841336526614424 -18.826710453362736 7.7
      vertex -2.7686230295915224 -18.760806781186545 7.7
      vertex -2.841336526614424 -17.280689546637262 7.7
    endloop
  endfacet
  facet normal 0 0 1
    outer loop
      vertex -3.0043330739520724 -18.935621264348356 7.7
      vertex -3.0043330739520724 -17.171778735651642 7.7
      vertex -3.0930463784129802 -17.129820467488713 7.7
    endloop
  endfacet
  facet normal 0 0 1
    outer loop
      vertex -2.9201595777584677 -18.885169612302544 7.7
      vertex -2.9201595777584677 -17.222230387697454 7.7
      vertex -3.0043330739520724 -17.171778735651642 7.7
    endloop
  endfacet
  facet normal 0 0 1
    outer loop
      vertex -2.841336526614424 -18.826710453362736 7.7
      vertex -2.841336526614424 -17.280689546637262 7.7
      vertex -2.9201595777584677 -17.222230387697454 7.7
    endloop
  endfacet
  facet normal 0 0 1
    outer loop
      vertex -2.7686230295915224 -18.760806781186545 7.7
      vertex -2.702719357415333 -18.688093284163646 7.7
      vertex -2.7686230295915224 -17.346593218813453 7.7
    endloop
  endfacet
  facet normal 0 0 1
    outer loop
      vertex -2.702719357415333 -18.688093284163646 7.7
      vertex -2.6442601984755245 -18.6092702330196 7.7
      vertex -2.702719357415333 -17.419306715836353 7.7
    endloop
  endfacet
  facet normal 0 0 1
    outer loop
      vertex -2.6442601984755245 -18.6092702330196 7.7
      vertex -2.593808546429715 -18.525096736825997 7.7
      vertex -2.6442601984755245 -17.498129766980398 7.7
    endloop
  endfacet
  facet normal 0 0 1
    outer loop
      vertex -2.593808546429715 -18.525096736825997 7.7
      vertex -2.551850278266783 -18.43638343236509 7.7
      vertex -2.593808546429715 -17.582303263174 7.7
    endloop
  endfacet
  facet normal 0 0 1
    outer loop
      vertex -2.551850278266783 -18.43638343236509 7.7
      vertex -2.5187894750458613 -18.34398467725446 7.7
      vertex -2.551850278266783 -17.671016567634908 7.7
    endloop
  endfacet
  facet normal 0 0 1
    outer loop
      vertex -2.5187894750458613 -18.34398467725446 7.7
      vertex -2.4949445303748394 -18.248790322016127 7.7
      vertex -2.5187894750458613 -17.763415322745537 7.7
    endloop
  endfacet
  facet normal 0 0 1
    outer loop
      vertex -2.4949445303748394 -18.248790322016127 7.7
      vertex -2.4805450841058727 -18.15171714032956 7.7
      vertex -2.4949445303748394 -17.85860967798387 7.7
    endloop
  endfacet
  facet normal 0 0 1
    outer loop
      vertex -2.4805450841058727 -18.15171714032956 7.7
      vertex -2.47572981077807 -18.0537 7.7
      vertex -2.4805450841058727 -17.95568285967044 7.7
    endloop
  endfacet
  facet normal 0 0 1
    outer loop
      vertex -2.4805450841058727 -18.15171714032956 7.7
      vertex -2.4805450841058727 -17.95568285967044 7.7
      vertex -2.4949445303748394 -17.85860967798387 7.7
    endloop
  endfacet
  facet normal 0 0 1
    outer loop
      vertex -2.4949445303748394 -18.248790322016127 7.7
      vertex -2.4949445303748394 -17.85860967798387 7.7
      vertex -2.5187894750458613 -17.763415322745537 7.7
    endloop
  endfacet
  facet normal 0 0 1
    outer loop
      vertex -2.6442601984755245 -18.6092702330196 7.7
      vertex -2.6442601984755245 -17.498129766980398 7.7
      vertex -2.702719357415333 -17.419306715836353 7.7
    endloop
  endfacet
  facet normal 0 0 1
    outer loop
      vertex -2.593808546429715 -18.525096736825997 7.7
      vertex -2.593808546429715 -17.582303263174 7.7
      vertex -2.6442601984755245 -17.498129766980398 7.7
    endloop
  endfacet
  facet normal 0 0 1
    outer loop
      vertex -2.7686230295915224 -18.760806781186545 7.7
      vertex -2.7686230295915224 -17.346593218813453 7.7
      vertex -2.841336526614424 -17.280689546637262 7.7
    endloop
  endfacet
  facet normal 0 0 1
    outer loop
      vertex -2.702719357415333 -18.688093284163646 7.7
      vertex -2.702719357415333 -17.419306715836353 7.7
      vertex -2.7686230295915224 -17.346593218813453 7.7
    endloop
  endfacet
  facet normal 0 0 1
    outer loop
      vertex -2.5187894750458613 -18.34398467725446 7.7
      vertex -2.5187894750458613 -17.763415322745537 7.7
      vertex -2.551850278266783 -17.671016567634908 7.7
    endloop
  endfacet
  facet normal 0 0 1
    outer loop
      vertex -2.551850278266783 -18.43638343236509 7.7
      vertex -2.551850278266783 -17.671016567634908 7.7
      vertex -2.593808546429715 -17.582303263174 7.7
    endloop
  endfacet
  facet normal 0 0 1
    outer loop
      vertex -3.6708201327941983 -19.03448528040323 7.7
      vertex -3.6708201327941983 -17.072914719596767 7.7
      vertex -3.7660144880325324 -17.09675966426779 7.7
    endloop
  endfacet
  facet normal 0 0 1
    outer loop
      vertex -3.5737469511076303 -19.048884726672195 7.7
      vertex -3.5737469511076303 -17.058515273327803 7.7
      vertex -3.6708201327941983 -17.072914719596767 7.7
    endloop
  endfacet
  facet normal 0 0 1
    outer loop
      vertex -3.47572981077807 -19.0537 7.7
      vertex -3.47572981077807 -17.0537 7.7
      vertex -3.5737469511076303 -17.058515273327803 7.7
    endloop
  endfacet
  facet normal 0 0 1
    outer loop
      vertex -3.3777126704485094 -19.048884726672195 7.7
      vertex -3.3777126704485094 -17.058515273327803 7.7
      vertex -3.47572981077807 -17.0537 7.7
    endloop
  endfacet
  facet normal 0 0 1
    outer loop
      vertex -3.2806394887619414 -19.03448528040323 7.7
      vertex -3.2806394887619414 -17.072914719596767 7.7
      vertex -3.3777126704485094 -17.058515273327803 7.7
    endloop
  endfacet
  facet normal 0 0 1
    outer loop
      vertex -3.1854451335236074 -19.01064033573221 7.7
      vertex -3.1854451335236074 -17.09675966426779 7.7
      vertex -3.2806394887619414 -17.072914719596767 7.7
    endloop
  endfacet
  facet normal 0 0 1
    outer loop
      vertex -3.0930463784129802 -18.977579532511285 7.7
      vertex -3.0930463784129802 -17.129820467488713 7.7
      vertex -3.1854451335236074 -17.09675966426779 7.7
    endloop
  endfacet
  facet normal -0.42147678489015644 -0.568295657582605 0.7066805256772055
    outer loop
      vertex -48.16036988021881 4.875940665366662 6.21
      vertex -47.3325702330196 6.114830387697455 7.7
      vertex -48.35663927756748 5.021503971126785 6.21
    endloop
  endfacet
  facet normal -0.47514997418754695 -0.5242472094901042 0.7066805256772061
    outer loop
      vertex -48.537695885154506 5.185604114845496 6.21
      vertex -48.35663927756748 5.021503971126785 6.21
      vertex -47.411393284163644 6.173289546637263 7.7
    endloop
  endfacet
  facet normal -0.5242472094901042 -0.47514997418754734 0.7066805256772057
    outer loop
      vertex -48.537695885154506 5.185604114845496 6.21
      vertex -47.48410678118655 6.239193218813452 7.7
      vertex -48.70179602887322 5.366660722432522 6.21
    endloop
  endfacet
  facet normal -0.3637445437516375 -0.6068711078305687 0.7066805256772056
    outer loop
      vertex -48.16036988021881 4.875940665366662 6.21
      vertex -47.95077787469673 4.750316051772596 6.21
      vertex -47.248396736825995 6.064378735651645 7.7
    endloop
  endfacet
  facet normal -0.302509243813791 -0.639602057560635 0.7066805256772049
    outer loop
      vertex -47.72988174658907 4.645839964046896 6.21
      vertex -47.15968343236509 6.022420467488713 7.7
      vertex -47.95077787469673 4.750316051772596 6.21
    endloop
  endfacet
  facet normal -0.2383606144896478 -0.6661732898343391 0.7066805256772053
    outer loop
      vertex -47.499808846363614 4.563518564026801 6.21
      vertex -47.06728467725446 5.989359664267791 7.7
      vertex -47.72988174658907 4.645839964046896 6.21
    endloop
  endfacet
  facet normal -0.17191644214679708 -0.6863289091595777 0.7066805256772052
    outer loop
      vertex -47.499808846363614 4.563518564026801 6.21
      vertex -47.26277490182016 4.504144651795956 6.21
      vertex -46.97209032201613 5.9655147195967695 7.7
    endloop
  endfacet
  facet normal -0.10381662048698882 -0.6998748059040628 0.7066805256772053
    outer loop
      vertex -47.26277490182016 4.504144651795956 6.21
      vertex -47.02106267942061 4.46829003058623 6.21
      vertex -46.87501714032956 5.951115273327803 7.7
    endloop
  endfacet
  facet normal -0.5682956575826049 -0.4214767848901563 0.7066805256772056
    outer loop
      vertex -48.70179602887322 5.366660722432522 6.21
      vertex -47.55001045336274 6.311906715836354 7.7
      vertex -48.84735933463334 5.562930119781191 6.21
    endloop
  endfacet
  facet normal -0.6068711078305639 -0.3637445437516465 0.7066805256772047
    outer loop
      vertex -48.97298394822741 5.772522125303266 6.21
      vertex -48.84735933463334 5.562930119781191 6.21
      vertex -47.60846961230255 6.390729766980398 7.7
    endloop
  endfacet
  facet normal -0.6396020575606411 -0.30250924381377714 0.7066805256772054
    outer loop
      vertex -48.97298394822741 5.772522125303266 6.21
      vertex -47.65892126434836 6.474903263174002 7.7
      vertex -49.0774600359531 5.993418253410926 6.21
    endloop
  endfacet
  facet normal -0.6661732898343375 -0.23836061448965296 0.706680525677205
    outer loop
      vertex -49.0774600359531 5.993418253410926 6.21
      vertex -47.70087953251129 6.56361656763491 7.7
      vertex -49.1597814359732 6.223491153636389 6.21
    endloop
  endfacet
  facet normal -0.686328909159575 -0.17191644214680413 0.7066805256772061
    outer loop
      vertex -49.1597814359732 6.223491153636389 6.21
      vertex -47.73394033573221 6.656015322745538 7.7
      vertex -49.21915534820405 6.460525098179841 6.21
    endloop
  endfacet
  facet normal -0.03471698801995371 -0.7066805256772053 0.7066805256772053
    outer loop
      vertex -47.02106267942061 4.46829003058623 6.21
      vertex -46.777 4.4563 6.21
      vertex -46.777 5.9463 7.7
    endloop
  endfacet
  facet normal 0.03471698801995371 -0.7066805256772053 0.7066805256772051
    outer loop
      vertex -46.777 4.4563 6.21
      vertex -46.53293732057939 4.46829003058623 6.21
      vertex -46.67898285967044 5.951115273327803 7.7
    endloop
  endfacet
  facet normal 0.10381662048698882 -0.6998748059040628 0.7066805256772053
    outer loop
      vertex -46.53293732057939 4.46829003058623 6.21
      vertex -46.291225098179844 4.504144651795956 6.21
      vertex -46.58190967798387 5.9655147195967695 7.7
    endloop
  endfacet
  facet normal 0.17191644214679708 -0.6863289091595777 0.7066805256772053
    outer loop
      vertex -46.291225098179844 4.504144651795956 6.21
      vertex -46.05419115363639 4.563518564026801 6.21
      vertex -46.48671532274554 5.989359664267791 7.7
    endloop
  endfacet
  facet normal 0.23836061448964788 -0.6661732898343394 0.7066805256772049
    outer loop
      vertex -46.05419115363639 4.563518564026801 6.21
      vertex -45.82411825341093 4.645839964046896 6.21
      vertex -46.39431656763491 6.022420467488713 7.7
    endloop
  endfacet
  facet normal 0.30250924381379074 -0.6396020575606345 0.7066805256772055
    outer loop
      vertex -45.82411825341093 4.645839964046896 6.21
      vertex -45.60322212530327 4.750316051772596 6.21
      vertex -46.30560326317401 6.064378735651645 7.7
    endloop
  endfacet
  facet normal 0.3637445437516376 -0.6068711078305689 0.7066805256772053
    outer loop
      vertex -45.60322212530327 4.750316051772596 6.21
      vertex -45.39363011978119 4.875940665366662 6.21
      vertex -46.2214297669804 6.114830387697455 7.7
    endloop
  endfacet
  facet normal 0.42147678489015616 -0.5682956575826046 0.7066805256772059
    outer loop
      vertex -45.39363011978119 4.875940665366662 6.21
      vertex -45.19736072243252 5.021503971126785 6.21
      vertex -46.14260671583636 6.173289546637263 7.7
    endloop
  endfacet
  facet normal 0.4751499741875471 -0.5242472094901044 0.7066805256772057
    outer loop
      vertex -45.19736072243252 5.021503971126785 6.21
      vertex -45.0163041148455 5.185604114845496 6.21
      vertex -46.069893218813455 6.239193218813452 7.7
    endloop
  endfacet
  facet normal 0.5242472094901043 -0.47514997418754745 0.7066805256772056
    outer loop
      vertex -45.0163041148455 5.185604114845496 6.21
      vertex -44.852203971126784 5.366660722432522 6.21
      vertex -46.003989546637264 6.311906715836354 7.7
    endloop
  endfacet
  facet normal 0.5682956575826056 -0.4214767848901567 0.7066805256772047
    outer loop
      vertex -44.852203971126784 5.366660722432522 6.21
      vertex -44.70664066536666 5.562930119781191 6.21
      vertex -45.94553038769745 6.390729766980398 7.7
    endloop
  endfacet
  facet normal 0.6068711078305634 -0.36374454375164617 0.7066805256772053
    outer loop
      vertex -44.70664066536666 5.562930119781191 6.21
      vertex -44.58101605177259 5.772522125303266 6.21
      vertex -45.895078735651644 6.474903263174002 7.7
    endloop
  endfacet
  facet normal -0.30250924381380784 -0.6396020575606258 0.706680525677206
    outer loop
      vertex -47.95077787469673 4.750316051772596 6.21
      vertex -47.15968343236509 6.022420467488713 7.7
      vertex -47.248396736825995 6.064378735651645 7.7
    endloop
  endfacet
  facet normal -0.17191644214679816 -0.6863289091595771 0.7066805256772055
    outer loop
      vertex -47.499808846363614 4.563518564026801 6.21
      vertex -46.97209032201613 5.9655147195967695 7.7
      vertex -47.06728467725446 5.989359664267791 7.7
    endloop
  endfacet
  facet normal -0.23836061448963747 -0.6661732898343432 0.7066805256772047
    outer loop
      vertex -47.72988174658907 4.645839964046896 6.21
      vertex -47.06728467725446 5.989359664267791 7.7
      vertex -47.15968343236509 6.022420467488713 7.7
    endloop
  endfacet
  facet normal -0.10381662048699004 -0.6998748059040624 0.7066805256772054
    outer loop
      vertex -47.26277490182016 4.504144651795956 6.21
      vertex -46.87501714032956 5.951115273327803 7.7
      vertex -46.97209032201613 5.9655147195967695 7.7
    endloop
  endfacet
  facet normal -0.03471698801995022 -0.7066805256772056 0.7066805256772051
    outer loop
      vertex -47.02106267942061 4.46829003058623 6.21
      vertex -46.777 5.9463 7.7
      vertex -46.87501714032956 5.951115273327803 7.7
    endloop
  endfacet
  facet normal -0.5242472094901015 -0.4751499741875504 0.7066805256772057
    outer loop
      vertex -48.70179602887322 5.366660722432522 6.21
      vertex -47.48410678118655 6.239193218813452 7.7
      vertex -47.55001045336274 6.311906715836354 7.7
    endloop
  endfacet
  facet normal -0.6068711078305725 -0.36374454375163034 0.7066805256772059
    outer loop
      vertex -48.97298394822741 5.772522125303266 6.21
      vertex -47.60846961230255 6.390729766980398 7.7
      vertex -47.65892126434836 6.474903263174002 7.7
    endloop
  endfacet
  facet normal -0.5682956575825915 -0.4214767848901768 0.7066805256772042
    outer loop
      vertex -48.84735933463334 5.562930119781191 6.21
      vertex -47.55001045336274 6.311906715836354 7.7
      vertex -47.60846961230255 6.390729766980398 7.7
    endloop
  endfacet
  facet normal -0.6396020575606411 -0.30250924381377703 0.7066805256772052
    outer loop
      vertex -49.0774600359531 5.993418253410926 6.21
      vertex -47.65892126434836 6.474903263174002 7.7
      vertex -47.70087953251129 6.56361656763491 7.7
    endloop
  endfacet
  facet normal -0.36374454375163184 -0.6068711078305721 0.7066805256772053
    outer loop
      vertex -48.16036988021881 4.875940665366662 6.21
      vertex -47.248396736825995 6.064378735651645 7.7
      vertex -47.3325702330196 6.114830387697455 7.7
    endloop
  endfacet
  facet normal -0.4214767848901651 -0.5682956575825974 0.7066805256772063
    outer loop
      vertex -48.35663927756748 5.021503971126785 6.21
      vertex -47.3325702330196 6.114830387697455 7.7
      vertex -47.411393284163644 6.173289546637263 7.7
    endloop
  endfacet
  facet normal -0.47514997418754024 -0.5242472094901112 0.7066805256772053
    outer loop
      vertex -48.537695885154506 5.185604114845496 6.21
      vertex -47.411393284163644 6.173289546637263 7.7
      vertex -47.48410678118655 6.239193218813452 7.7
    endloop
  endfacet
  facet normal 0.03471698801994948 -0.7066805256772054 0.7066805256772054
    outer loop
      vertex -46.777 4.4563 6.21
      vertex -46.67898285967044 5.951115273327803 7.7
      vertex -46.777 5.9463 7.7
    endloop
  endfacet
  facet normal 0.10381662048699039 -0.6998748059040626 0.7066805256772051
    outer loop
      vertex -46.53293732057939 4.46829003058623 6.21
      vertex -46.58190967798387 5.9655147195967695 7.7
      vertex -46.67898285967044 5.951115273327803 7.7
    endloop
  endfacet
  facet normal 0.17191644214679896 -0.6863289091595774 0.7066805256772051
    outer loop
      vertex -46.291225098179844 4.504144651795956 6.21
      vertex -46.48671532274554 5.989359664267791 7.7
      vertex -46.58190967798387 5.9655147195967695 7.7
    endloop
  endfacet
  facet normal 0.23836061448963877 -0.6661732898343423 0.7066805256772052
    outer loop
      vertex -46.05419115363639 4.563518564026801 6.21
      vertex -46.39431656763491 6.022420467488713 7.7
      vertex -46.48671532274554 5.989359664267791 7.7
    endloop
  endfacet
  facet normal 0.30250924381380884 -0.6396020575606274 0.706680525677204
    outer loop
      vertex -45.82411825341093 4.645839964046896 6.21
      vertex -46.30560326317401 6.064378735651645 7.7
      vertex -46.39431656763491 6.022420467488713 7.7
    endloop
  endfacet
  facet normal 0.36374454375163146 -0.6068711078305716 0.7066805256772059
    outer loop
      vertex -45.60322212530327 4.750316051772596 6.21
      vertex -46.2214297669804 6.114830387697455 7.7
      vertex -46.30560326317401 6.064378735651645 7.7
    endloop
  endfacet
  facet normal 0.42147678489016593 -0.5682956575825981 0.7066805256772052
    outer loop
      vertex -45.39363011978119 4.875940665366662 6.21
      vertex -46.14260671583636 6.173289546637263 7.7
      vertex -46.2214297669804 6.114830387697455 7.7
    endloop
  endfacet
  facet normal 0.47514997418753946 -0.5242472094901102 0.7066805256772065
    outer loop
      vertex -45.19736072243252 5.021503971126785 6.21
      vertex -46.069893218813455 6.239193218813452 7.7
      vertex -46.14260671583636 6.173289546637263 7.7
    endloop
  endfacet
  facet normal 0.5242472094901016 -0.47514997418754995 0.7066805256772061
    outer loop
      vertex -45.0163041148455 5.185604114845496 6.21
      vertex -46.003989546637264 6.311906715836354 7.7
      vertex -46.069893218813455 6.239193218813452 7.7
    endloop
  endfacet
  facet normal 0.5682956575825902 -0.42147678489017587 0.7066805256772057
    outer loop
      vertex -44.852203971126784 5.366660722432522 6.21
      vertex -45.94553038769745 6.390729766980398 7.7
      vertex -46.003989546637264 6.311906715836354 7.7
    endloop
  endfacet
  facet normal 0.6068711078305736 -0.3637445437516312 0.7066805256772044
    outer loop
      vertex -44.70664066536666 5.562930119781191 6.21
      vertex -45.895078735651644 6.474903263174002 7.7
      vertex -45.94553038769745 6.390729766980398 7.7
    endloop
  endfacet
  facet normal 0.6396020575606407 -0.3025092438137776 0.7066805256772054
    outer loop
      vertex -44.58101605177259 5.772522125303266 6.21
      vertex -45.853120467488715 6.56361656763491 7.7
      vertex -45.895078735651644 6.474903263174002 7.7
    endloop
  endfacet
  facet normal 0.6661732898343458 -0.23836061448963095 0.7066805256772046
    outer loop
      vertex -44.4765399640469 5.993418253410926 6.21
      vertex -45.820059664267795 6.656015322745538 7.7
      vertex -45.853120467488715 6.56361656763491 7.7
    endloop
  endfacet
  facet normal -0.7066805256772057 -0.034716988019961814 0.7066805256772045
    outer loop
      vertex -49.25500996941377 6.702237320579394 6.21
      vertex -47.7721847266722 6.848282859670439 7.7
      vertex -49.267 6.9463 6.21
    endloop
  endfacet
  facet normal -0.7066805256772046 0.034716988019961766 0.7066805256772054
    outer loop
      vertex -49.267 6.9463 6.21
      vertex -47.777 6.9463 7.7
      vertex -49.25500996941377 7.1903626794206055 6.21
    endloop
  endfacet
  facet normal -0.6998748059040645 -0.10381662048697687 0.7066805256772053
    outer loop
      vertex -49.21915534820405 6.460525098179841 6.21
      vertex -47.75778528040323 6.751209677983872 7.7
      vertex -49.25500996941377 6.702237320579394 6.21
    endloop
  endfacet
  facet normal -0.6998748059040653 0.10381662048697698 0.7066805256772046
    outer loop
      vertex -49.25500996941377 7.1903626794206055 6.21
      vertex -47.7721847266722 7.044317140329561 7.7
      vertex -49.21915534820405 7.432074901820159 6.21
    endloop
  endfacet
  facet normal -0.6863289091595759 0.17191644214680435 0.7066805256772054
    outer loop
      vertex -49.21915534820405 7.432074901820159 6.21
      vertex -47.75778528040323 7.141390322016128 7.7
      vertex -49.1597814359732 7.669108846363611 6.21
    endloop
  endfacet
  facet normal -0.6661732898343369 0.23836061448965268 0.7066805256772057
    outer loop
      vertex -49.1597814359732 7.669108846363611 6.21
      vertex -47.73394033573221 7.236584677254462 7.7
      vertex -49.0774600359531 7.899181746589074 6.21
    endloop
  endfacet
  facet normal -0.6396020575606415 0.3025092438137761 0.7066805256772053
    outer loop
      vertex -49.0774600359531 7.899181746589074 6.21
      vertex -47.70087953251129 7.3289834323650895 7.7
      vertex -48.97298394822741 8.120077874696735 6.21
    endloop
  endfacet
  facet normal -0.6068711078305628 0.3637445437516474 0.7066805256772055
    outer loop
      vertex -48.97298394822741 8.120077874696735 6.21
      vertex -47.65892126434836 7.417696736825998 7.7
      vertex -48.84735933463334 8.329669880218809 6.21
    endloop
  endfacet
  facet normal 0.6068711078305633 0.36374454375164766 0.7066805256772049
    outer loop
      vertex -44.58101605177259 8.120077874696735 6.21
      vertex -44.70664066536666 8.329669880218809 6.21
      vertex -45.94553038769745 7.501870233019602 7.7
    endloop
  endfacet
  facet normal -0.5682956575826056 0.4214767848901567 0.7066805256772047
    outer loop
      vertex -48.84735933463334 8.329669880218809 6.21
      vertex -47.60846961230255 7.501870233019602 7.7
      vertex -48.70179602887322 8.525939277567478 6.21
    endloop
  endfacet
  facet normal -0.5242472094901043 0.47514997418754745 0.7066805256772056
    outer loop
      vertex -48.70179602887322 8.525939277567478 6.21
      vertex -47.55001045336274 7.580693284163646 7.7
      vertex -48.537695885154506 8.706995885154504 6.21
    endloop
  endfacet
  facet normal -0.4751499741875471 0.5242472094901044 0.7066805256772057
    outer loop
      vertex -48.537695885154506 8.706995885154504 6.21
      vertex -47.48410678118655 7.653406781186548 7.7
      vertex -48.35663927756748 8.871096028873215 6.21
    endloop
  endfacet
  facet normal -0.42147678489015783 0.5682956575826034 0.7066805256772059
    outer loop
      vertex -48.35663927756748 8.871096028873215 6.21
      vertex -47.411393284163644 7.719310453362737 7.7
      vertex -48.16036988021881 9.016659334633339 6.21
    endloop
  endfacet
  facet normal -0.3637445437516375 0.6068711078305687 0.7066805256772056
    outer loop
      vertex -48.16036988021881 9.016659334633339 6.21
      vertex -47.3325702330196 7.777769612302545 7.7
      vertex -47.95077787469673 9.142283948227405 6.21
    endloop
  endfacet
  facet normal -0.3025092438137886 0.6396020575606353 0.7066805256772055
    outer loop
      vertex -47.95077787469673 9.142283948227405 6.21
      vertex -47.248396736825995 7.828221264348355 7.7
      vertex -47.72988174658907 9.246760035953104 6.21
    endloop
  endfacet
  facet normal -0.23836061448964788 0.6661732898343394 0.7066805256772049
    outer loop
      vertex -47.72988174658907 9.246760035953104 6.21
      vertex -47.15968343236509 7.870179532511287 7.7
      vertex -47.499808846363614 9.3290814359732 6.21
    endloop
  endfacet
  facet normal -0.17191644214679708 0.6863289091595777 0.7066805256772054
    outer loop
      vertex -47.499808846363614 9.3290814359732 6.21
      vertex -47.06728467725446 7.9032403357322085 7.7
      vertex -47.26277490182016 9.388455348204044 6.21
    endloop
  endfacet
  facet normal -0.10381662048698882 0.6998748059040628 0.7066805256772053
    outer loop
      vertex -47.26277490182016 9.388455348204044 6.21
      vertex -46.97209032201613 7.92708528040323 7.7
      vertex -47.02106267942061 9.42430996941377 6.21
    endloop
  endfacet
  facet normal -0.03471698801995115 0.7066805256772056 0.7066805256772052
    outer loop
      vertex -47.02106267942061 9.42430996941377 6.21
      vertex -46.87501714032956 7.941484726672197 7.7
      vertex -46.777 9.4363 6.21
    endloop
  endfacet
  facet normal 0.30250924381378885 0.6396020575606358 0.7066805256772047
    outer loop
      vertex -45.60322212530327 9.142283948227405 6.21
      vertex -45.82411825341093 9.246760035953104 6.21
      vertex -46.39431656763491 7.870179532511287 7.7
    endloop
  endfacet
  facet normal 0.2383606144896478 0.6661732898343391 0.7066805256772053
    outer loop
      vertex -46.05419115363639 9.3290814359732 6.21
      vertex -46.48671532274554 7.9032403357322085 7.7
      vertex -45.82411825341093 9.246760035953104 6.21
    endloop
  endfacet
  facet normal 0.5682956575826049 0.4214767848901563 0.7066805256772056
    outer loop
      vertex -44.70664066536666 8.329669880218809 6.21
      vertex -44.852203971126784 8.525939277567478 6.21
      vertex -46.003989546637264 7.580693284163646 7.7
    endloop
  endfacet
  facet normal 0.5242472094901042 0.47514997418754734 0.7066805256772057
    outer loop
      vertex -44.852203971126784 8.525939277567478 6.21
      vertex -45.0163041148455 8.706995885154504 6.21
      vertex -46.069893218813455 7.653406781186548 7.7
    endloop
  endfacet
  facet normal 0.47514997418754695 0.5242472094901042 0.7066805256772061
    outer loop
      vertex -45.19736072243252 8.871096028873215 6.21
      vertex -46.14260671583636 7.719310453362737 7.7
      vertex -45.0163041148455 8.706995885154504 6.21
    endloop
  endfacet
  facet normal 0.3637445437516374 0.6068711078305684 0.7066805256772057
    outer loop
      vertex -45.60322212530327 9.142283948227405 6.21
      vertex -46.30560326317401 7.828221264348355 7.7
      vertex -45.39363011978119 9.016659334633339 6.21
    endloop
  endfacet
  facet normal 0.421476784890158 0.5682956575826037 0.7066805256772055
    outer loop
      vertex -45.39363011978119 9.016659334633339 6.21
      vertex -46.2214297669804 7.777769612302545 7.7
      vertex -45.19736072243252 8.871096028873215 6.21
    endloop
  endfacet
  facet normal 0.03471698801995115 0.7066805256772056 0.7066805256772052
    outer loop
      vertex -46.777 9.4363 6.21
      vertex -46.777 7.9463 7.7
      vertex -46.53293732057939 9.42430996941377 6.21
    endloop
  endfacet
  facet normal 0.10381662048698882 0.6998748059040628 0.7066805256772053
    outer loop
      vertex -46.53293732057939 9.42430996941377 6.21
      vertex -46.67898285967044 7.941484726672197 7.7
      vertex -46.291225098179844 9.388455348204044 6.21
    endloop
  endfacet
  facet normal 0.17191644214679708 0.6863289091595777 0.7066805256772052
    outer loop
      vertex -46.05419115363639 9.3290814359732 6.21
      vertex -46.291225098179844 9.388455348204044 6.21
      vertex -46.58190967798387 7.92708528040323 7.7
    endloop
  endfacet
  facet normal -0.6661732898343441 -0.23836061448963092 0.7066805256772063
    outer loop
      vertex -49.1597814359732 6.223491153636389 6.21
      vertex -47.70087953251129 6.56361656763491 7.7
      vertex -47.73394033573221 6.656015322745538 7.7
    endloop
  endfacet
  facet normal -0.6863289091595703 -0.17191644214682816 0.7066805256772047
    outer loop
      vertex -49.21915534820405 6.460525098179841 6.21
      vertex -47.73394033573221 6.656015322745538 7.7
      vertex -47.75778528040323 6.751209677983872 7.7
    endloop
  endfacet
  facet normal -0.6998748059040626 -0.10381662048699758 0.7066805256772041
    outer loop
      vertex -49.25500996941377 6.702237320579394 6.21
      vertex -47.75778528040323 6.751209677983872 7.7
      vertex -47.7721847266722 6.848282859670439 7.7
    endloop
  endfacet
  facet normal -0.7066805256772055 -0.03471698801993178 0.7066805256772063
    outer loop
      vertex -49.267 6.9463 6.21
      vertex -47.7721847266722 6.848282859670439 7.7
      vertex -47.777 6.9463 7.7
    endloop
  endfacet
  facet normal -0.706680525677208 0.034716988019931276 0.7066805256772036
    outer loop
      vertex -49.25500996941377 7.1903626794206055 6.21
      vertex -47.777 6.9463 7.7
      vertex -47.7721847266722 7.044317140329561 7.7
    endloop
  endfacet
  facet normal -0.6998748059040609 0.10381662048699782 0.7066805256772056
    outer loop
      vertex -49.21915534820405 7.432074901820159 6.21
      vertex -47.7721847266722 7.044317140329561 7.7
      vertex -47.75778528040323 7.141390322016128 7.7
    endloop
  endfacet
  facet normal -0.6863289091595681 0.17191644214682822 0.7066805256772071
    outer loop
      vertex -49.1597814359732 7.669108846363611 6.21
      vertex -47.75778528040323 7.141390322016128 7.7
      vertex -47.73394033573221 7.236584677254462 7.7
    endloop
  endfacet
  facet normal -0.6661732898343458 0.23836061448963095 0.7066805256772046
    outer loop
      vertex -49.0774600359531 7.899181746589074 6.21
      vertex -47.73394033573221 7.236584677254462 7.7
      vertex -47.70087953251129 7.3289834323650895 7.7
    endloop
  endfacet
  facet normal -0.6396020575606408 0.3025092438137776 0.7066805256772054
    outer loop
      vertex -48.97298394822741 8.120077874696735 6.21
      vertex -47.70087953251129 7.3289834323650895 7.7
      vertex -47.65892126434836 7.417696736825998 7.7
    endloop
  endfacet
  facet normal -0.6068711078305736 0.3637445437516312 0.7066805256772044
    outer loop
      vertex -48.84735933463334 8.329669880218809 6.21
      vertex -47.65892126434836 7.417696736825998 7.7
      vertex -47.60846961230255 7.501870233019602 7.7
    endloop
  endfacet
  facet normal -0.5682956575825902 0.42147678489017587 0.7066805256772057
    outer loop
      vertex -48.70179602887322 8.525939277567478 6.21
      vertex -47.60846961230255 7.501870233019602 7.7
      vertex -47.55001045336274 7.580693284163646 7.7
    endloop
  endfacet
  facet normal -0.5242472094901016 0.47514997418754995 0.7066805256772061
    outer loop
      vertex -48.537695885154506 8.706995885154504 6.21
      vertex -47.55001045336274 7.580693284163646 7.7
      vertex -47.48410678118655 7.653406781186548 7.7
    endloop
  endfacet
  facet normal 0.6863289091595681 -0.17191644214682822 0.7066805256772071
    outer loop
      vertex -44.3942185640268 6.223491153636389 6.21
      vertex -45.79621471959677 6.751209677983872 7.7
      vertex -45.820059664267795 6.656015322745538 7.7
    endloop
  endfacet
  facet normal 0.6998748059040609 -0.10381662048699782 0.7066805256772056
    outer loop
      vertex -44.334844651795954 6.460525098179841 6.21
      vertex -45.7818152733278 6.848282859670439 7.7
      vertex -45.79621471959677 6.751209677983872 7.7
    endloop
  endfacet
  facet normal 0.706680525677208 -0.034716988019931276 0.7066805256772036
    outer loop
      vertex -44.29899003058623 6.702237320579394 6.21
      vertex -45.777 6.9463 7.7
      vertex -45.7818152733278 6.848282859670439 7.7
    endloop
  endfacet
  facet normal 0.7066805256772055 0.03471698801993178 0.7066805256772063
    outer loop
      vertex -44.287 6.9463 6.21
      vertex -45.7818152733278 7.044317140329561 7.7
      vertex -45.777 6.9463 7.7
    endloop
  endfacet
  facet normal 0.6998748059040626 0.10381662048699758 0.7066805256772041
    outer loop
      vertex -44.29899003058623 7.1903626794206055 6.21
      vertex -45.79621471959677 7.141390322016128 7.7
      vertex -45.7818152733278 7.044317140329561 7.7
    endloop
  endfacet
  facet normal 0.6863289091595703 0.17191644214682816 0.7066805256772047
    outer loop
      vertex -44.334844651795954 7.432074901820159 6.21
      vertex -45.820059664267795 7.236584677254462 7.7
      vertex -45.79621471959677 7.141390322016128 7.7
    endloop
  endfacet
  facet normal 0.6661732898343441 0.23836061448963092 0.7066805256772063
    outer loop
      vertex -44.3942185640268 7.669108846363611 6.21
      vertex -45.853120467488715 7.3289834323650895 7.7
      vertex -45.820059664267795 7.236584677254462 7.7
    endloop
  endfacet
  facet normal 0.6396020575606411 0.30250924381377703 0.7066805256772052
    outer loop
      vertex -44.4765399640469 7.899181746589074 6.21
      vertex -45.895078735651644 7.417696736825998 7.7
      vertex -45.853120467488715 7.3289834323650895 7.7
    endloop
  endfacet
  facet normal 0.6068711078305726 0.3637445437516304 0.7066805256772057
    outer loop
      vertex -44.58101605177259 8.120077874696735 6.21
      vertex -45.94553038769745 7.501870233019602 7.7
      vertex -45.895078735651644 7.417696736825998 7.7
    endloop
  endfacet
  facet normal 0.5682956575825915 0.4214767848901768 0.7066805256772042
    outer loop
      vertex -44.70664066536666 8.329669880218809 6.21
      vertex -46.003989546637264 7.580693284163646 7.7
      vertex -45.94553038769745 7.501870233019602 7.7
    endloop
  endfacet
  facet normal 0.47514997418754024 0.5242472094901112 0.7066805256772053
    outer loop
      vertex -45.0163041148455 8.706995885154504 6.21
      vertex -46.14260671583636 7.719310453362737 7.7
      vertex -46.069893218813455 7.653406781186548 7.7
    endloop
  endfacet
  facet normal 0.5242472094901015 0.4751499741875504 0.7066805256772057
    outer loop
      vertex -44.852203971126784 8.525939277567478 6.21
      vertex -46.069893218813455 7.653406781186548 7.7
      vertex -46.003989546637264 7.580693284163646 7.7
    endloop
  endfacet
  facet normal -0.47514997418753946 0.5242472094901102 0.7066805256772065
    outer loop
      vertex -48.35663927756748 8.871096028873215 6.21
      vertex -47.48410678118655 7.653406781186548 7.7
      vertex -47.411393284163644 7.719310453362737 7.7
    endloop
  endfacet
  facet normal -0.4214767848901659 0.5682956575825981 0.7066805256772052
    outer loop
      vertex -48.16036988021881 9.016659334633339 6.21
      vertex -47.411393284163644 7.719310453362737 7.7
      vertex -47.3325702330196 7.777769612302545 7.7
    endloop
  endfacet
  facet normal -0.3637445437516314 0.6068711078305716 0.7066805256772059
    outer loop
      vertex -47.95077787469673 9.142283948227405 6.21
      vertex -47.3325702330196 7.777769612302545 7.7
      vertex -47.248396736825995 7.828221264348355 7.7
    endloop
  endfacet
  facet normal -0.30250924381380884 0.6396020575606274 0.706680525677204
    outer loop
      vertex -47.72988174658907 9.246760035953104 6.21
      vertex -47.248396736825995 7.828221264348355 7.7
      vertex -47.15968343236509 7.870179532511287 7.7
    endloop
  endfacet
  facet normal -0.23836061448963877 0.6661732898343423 0.7066805256772052
    outer loop
      vertex -47.499808846363614 9.3290814359732 6.21
      vertex -47.15968343236509 7.870179532511287 7.7
      vertex -47.06728467725446 7.9032403357322085 7.7
    endloop
  endfacet
  facet normal -0.17191644214679896 0.6863289091595774 0.7066805256772051
    outer loop
      vertex -47.26277490182016 9.388455348204044 6.21
      vertex -47.06728467725446 7.9032403357322085 7.7
      vertex -46.97209032201613 7.92708528040323 7.7
    endloop
  endfacet
  facet normal -0.10381662048699039 0.6998748059040626 0.7066805256772051
    outer loop
      vertex -47.02106267942061 9.42430996941377 6.21
      vertex -46.97209032201613 7.92708528040323 7.7
      vertex -46.87501714032956 7.941484726672197 7.7
    endloop
  endfacet
  facet normal -0.03471698801994953 0.7066805256772057 0.7066805256772052
    outer loop
      vertex -46.777 9.4363 6.21
      vertex -46.87501714032956 7.941484726672197 7.7
      vertex -46.777 7.9463 7.7
    endloop
  endfacet
  facet normal 0.03471698801995022 0.7066805256772056 0.7066805256772051
    outer loop
      vertex -46.53293732057939 9.42430996941377 6.21
      vertex -46.777 7.9463 7.7
      vertex -46.67898285967044 7.941484726672197 7.7
    endloop
  endfacet
  facet normal 0.10381662048699004 0.6998748059040624 0.7066805256772054
    outer loop
      vertex -46.291225098179844 9.388455348204044 6.21
      vertex -46.67898285967044 7.941484726672197 7.7
      vertex -46.58190967798387 7.92708528040323 7.7
    endloop
  endfacet
  facet normal 0.36374454375163184 0.6068711078305721 0.7066805256772054
    outer loop
      vertex -45.39363011978119 9.016659334633339 6.21
      vertex -46.30560326317401 7.828221264348355 7.7
      vertex -46.2214297669804 7.777769612302545 7.7
    endloop
  endfacet
  facet normal 0.23836061448963747 0.6661732898343432 0.7066805256772047
    outer loop
      vertex -45.82411825341093 9.246760035953104 6.21
      vertex -46.48671532274554 7.9032403357322085 7.7
      vertex -46.39431656763491 7.870179532511287 7.7
    endloop
  endfacet
  facet normal 0.17191644214679816 0.6863289091595771 0.7066805256772055
    outer loop
      vertex -46.05419115363639 9.3290814359732 6.21
      vertex -46.58190967798387 7.92708528040323 7.7
      vertex -46.48671532274554 7.9032403357322085 7.7
    endloop
  endfacet
  facet normal 0.30250924381380784 0.6396020575606257 0.7066805256772061
    outer loop
      vertex -45.60322212530327 9.142283948227405 6.21
      vertex -46.39431656763491 7.870179532511287 7.7
      vertex -46.30560326317401 7.828221264348355 7.7
    endloop
  endfacet
  facet normal 0.4214767848901651 0.5682956575825974 0.7066805256772063
    outer loop
      vertex -45.19736072243252 8.871096028873215 6.21
      vertex -46.2214297669804 7.777769612302545 7.7
      vertex -46.14260671583636 7.719310453362737 7.7
    endloop
  endfacet
  facet normal 0 0 1
    outer loop
      vertex -47.60846961230255 6.390729766980398 7.7
      vertex -47.55001045336274 6.311906715836354 7.7
      vertex -47.60846961230255 7.501870233019602 7.7
    endloop
  endfacet
  facet normal 0 0 1
    outer loop
      vertex -47.70087953251129 6.56361656763491 7.7
      vertex -47.73394033573221 7.236584677254462 7.7
      vertex -47.73394033573221 6.656015322745538 7.7
    endloop
  endfacet
  facet normal 0 0 1
    outer loop
      vertex -47.73394033573221 6.656015322745538 7.7
      vertex -47.75778528040323 7.141390322016128 7.7
      vertex -47.75778528040323 6.751209677983872 7.7
    endloop
  endfacet
  facet normal 0 0 1
    outer loop
      vertex -47.65892126434836 6.474903263174002 7.7
      vertex -47.70087953251129 7.3289834323650895 7.7
      vertex -47.70087953251129 6.56361656763491 7.7
    endloop
  endfacet
  facet normal 0 0 1
    outer loop
      vertex -47.60846961230255 6.390729766980398 7.7
      vertex -47.65892126434836 7.417696736825998 7.7
      vertex -47.65892126434836 6.474903263174002 7.7
    endloop
  endfacet
  facet normal 0 0 1
    outer loop
      vertex -47.48410678118655 6.239193218813452 7.7
      vertex -47.55001045336274 7.580693284163646 7.7
      vertex -47.55001045336274 6.311906715836354 7.7
    endloop
  endfacet
  facet normal 0 0 1
    outer loop
      vertex -47.411393284163644 6.173289546637263 7.7
      vertex -47.3325702330196 6.114830387697455 7.7
      vertex -47.411393284163644 7.719310453362737 7.7
    endloop
  endfacet
  facet normal 0 0 1
    outer loop
      vertex -47.411393284163644 6.173289546637263 7.7
      vertex -47.48410678118655 7.653406781186548 7.7
      vertex -47.48410678118655 6.239193218813452 7.7
    endloop
  endfacet
  facet normal 0 0 1
    outer loop
      vertex -47.248396736825995 6.064378735651645 7.7
      vertex -47.15968343236509 6.022420467488713 7.7
      vertex -47.248396736825995 7.828221264348355 7.7
    endloop
  endfacet
  facet normal 0 0 1
    outer loop
      vertex -47.06728467725446 5.989359664267791 7.7
      vertex -47.15968343236509 7.870179532511287 7.7
      vertex -47.15968343236509 6.022420467488713 7.7
    endloop
  endfacet
  facet normal 0 0 1
    outer loop
      vertex -46.97209032201613 5.9655147195967695 7.7
      vertex -47.06728467725446 7.9032403357322085 7.7
      vertex -47.06728467725446 5.989359664267791 7.7
    endloop
  endfacet
  facet normal 0 0 1
    outer loop
      vertex -46.97209032201613 5.9655147195967695 7.7
      vertex -46.87501714032956 5.951115273327803 7.7
      vertex -46.97209032201613 7.92708528040323 7.7
    endloop
  endfacet
  facet normal 0 0 1
    outer loop
      vertex -47.3325702330196 6.114830387697455 7.7
      vertex -47.248396736825995 6.064378735651645 7.7
      vertex -47.3325702330196 7.777769612302545 7.7
    endloop
  endfacet
  facet normal 0 0 1
    outer loop
      vertex -47.75778528040323 6.751209677983872 7.7
      vertex -47.7721847266722 7.044317140329561 7.7
      vertex -47.7721847266722 6.848282859670439 7.7
    endloop
  endfacet
  facet normal 0 0 1
    outer loop
      vertex -47.7721847266722 6.848282859670439 7.7
      vertex -47.7721847266722 7.044317140329561 7.7
      vertex -47.777 6.9463 7.7
    endloop
  endfacet
  facet normal 0 0 1
    outer loop
      vertex -47.75778528040323 6.751209677983872 7.7
      vertex -47.75778528040323 7.141390322016128 7.7
      vertex -47.7721847266722 7.044317140329561 7.7
    endloop
  endfacet
  facet normal 0 0 1
    outer loop
      vertex -47.73394033573221 6.656015322745538 7.7
      vertex -47.73394033573221 7.236584677254462 7.7
      vertex -47.75778528040323 7.141390322016128 7.7
    endloop
  endfacet
  facet normal 0 0 1
    outer loop
      vertex -47.70087953251129 6.56361656763491 7.7
      vertex -47.70087953251129 7.3289834323650895 7.7
      vertex -47.73394033573221 7.236584677254462 7.7
    endloop
  endfacet
  facet normal 0 0 1
    outer loop
      vertex -47.65892126434836 6.474903263174002 7.7
      vertex -47.65892126434836 7.417696736825998 7.7
      vertex -47.70087953251129 7.3289834323650895 7.7
    endloop
  endfacet
  facet normal 0 0 1
    outer loop
      vertex -47.60846961230255 6.390729766980398 7.7
      vertex -47.60846961230255 7.501870233019602 7.7
      vertex -47.65892126434836 7.417696736825998 7.7
    endloop
  endfacet
  facet normal 0 0 1
    outer loop
      vertex -47.55001045336274 6.311906715836354 7.7
      vertex -47.55001045336274 7.580693284163646 7.7
      vertex -47.60846961230255 7.501870233019602 7.7
    endloop
  endfacet
  facet normal 0 0 1
    outer loop
      vertex -47.48410678118655 6.239193218813452 7.7
      vertex -47.48410678118655 7.653406781186548 7.7
      vertex -47.55001045336274 7.580693284163646 7.7
    endloop
  endfacet
  facet normal 0 0 1
    outer loop
      vertex -47.411393284163644 6.173289546637263 7.7
      vertex -47.411393284163644 7.719310453362737 7.7
      vertex -47.48410678118655 7.653406781186548 7.7
    endloop
  endfacet
  facet normal 0 0 1
    outer loop
      vertex -47.3325702330196 6.114830387697455 7.7
      vertex -47.3325702330196 7.777769612302545 7.7
      vertex -47.411393284163644 7.719310453362737 7.7
    endloop
  endfacet
  facet normal 0 0 1
    outer loop
      vertex -47.248396736825995 6.064378735651645 7.7
      vertex -47.248396736825995 7.828221264348355 7.7
      vertex -47.3325702330196 7.777769612302545 7.7
    endloop
  endfacet
  facet normal 0 0 1
    outer loop
      vertex -47.15968343236509 6.022420467488713 7.7
      vertex -47.15968343236509 7.870179532511287 7.7
      vertex -47.248396736825995 7.828221264348355 7.7
    endloop
  endfacet
  facet normal 0 0 1
    outer loop
      vertex -47.06728467725446 5.989359664267791 7.7
      vertex -47.06728467725446 7.9032403357322085 7.7
      vertex -47.15968343236509 7.870179532511287 7.7
    endloop
  endfacet
  facet normal 0 0 1
    outer loop
      vertex -46.97209032201613 5.9655147195967695 7.7
      vertex -46.97209032201613 7.92708528040323 7.7
      vertex -47.06728467725446 7.9032403357322085 7.7
    endloop
  endfacet
  facet normal 0 0 1
    outer loop
      vertex -46.87501714032956 5.951115273327803 7.7
      vertex -46.87501714032956 7.941484726672197 7.7
      vertex -46.97209032201613 7.92708528040323 7.7
    endloop
  endfacet
  facet normal 0 0 1
    outer loop
      vertex -46.87501714032956 5.951115273327803 7.7
      vertex -46.777 5.9463 7.7
      vertex -46.87501714032956 7.941484726672197 7.7
    endloop
  endfacet
  facet normal 0 0 1
    outer loop
      vertex -46.777 5.9463 7.7
      vertex -46.67898285967044 5.951115273327803 7.7
      vertex -46.777 7.9463 7.7
    endloop
  endfacet
  facet normal 0 0 1
    outer loop
      vertex -46.67898285967044 5.951115273327803 7.7
      vertex -46.58190967798387 5.9655147195967695 7.7
      vertex -46.67898285967044 7.941484726672197 7.7
    endloop
  endfacet
  facet normal 0 0 1
    outer loop
      vertex -46.58190967798387 5.9655147195967695 7.7
      vertex -46.48671532274554 5.989359664267791 7.7
      vertex -46.58190967798387 7.92708528040323 7.7
    endloop
  endfacet
  facet normal 0 0 1
    outer loop
      vertex -46.48671532274554 5.989359664267791 7.7
      vertex -46.39431656763491 6.022420467488713 7.7
      vertex -46.48671532274554 7.9032403357322085 7.7
    endloop
  endfacet
  facet normal 0 0 1
    outer loop
      vertex -46.39431656763491 6.022420467488713 7.7
      vertex -46.30560326317401 6.064378735651645 7.7
      vertex -46.39431656763491 7.870179532511287 7.7
    endloop
  endfacet
  facet normal 0 0 1
    outer loop
      vertex -46.30560326317401 6.064378735651645 7.7
      vertex -46.2214297669804 6.114830387697455 7.7
      vertex -46.30560326317401 7.828221264348355 7.7
    endloop
  endfacet
  facet normal 0 0 1
    outer loop
      vertex -46.2214297669804 6.114830387697455 7.7
      vertex -46.14260671583636 6.173289546637263 7.7
      vertex -46.2214297669804 7.777769612302545 7.7
    endloop
  endfacet
  facet normal 0 0 1
    outer loop
      vertex -46.14260671583636 6.173289546637263 7.7
      vertex -46.069893218813455 6.239193218813452 7.7
      vertex -46.14260671583636 7.719310453362737 7.7
    endloop
  endfacet
  facet normal 0 0 1
    outer loop
      vertex -46.069893218813455 6.239193218813452 7.7
      vertex -46.003989546637264 6.311906715836354 7.7
      vertex -46.069893218813455 7.653406781186548 7.7
    endloop
  endfacet
  facet normal 0 0 1
    outer loop
      vertex -46.003989546637264 6.311906715836354 7.7
      vertex -45.94553038769745 6.390729766980398 7.7
      vertex -46.003989546637264 7.580693284163646 7.7
    endloop
  endfacet
  facet normal 0 0 1
    outer loop
      vertex -46.30560326317401 6.064378735651645 7.7
      vertex -46.30560326317401 7.828221264348355 7.7
      vertex -46.39431656763491 7.870179532511287 7.7
    endloop
  endfacet
  facet normal 0 0 1
    outer loop
      vertex -46.2214297669804 6.114830387697455 7.7
      vertex -46.2214297669804 7.777769612302545 7.7
      vertex -46.30560326317401 7.828221264348355 7.7
    endloop
  endfacet
  facet normal 0 0 1
    outer loop
      vertex -46.069893218813455 6.239193218813452 7.7
      vertex -46.069893218813455 7.653406781186548 7.7
      vertex -46.14260671583636 7.719310453362737 7.7
    endloop
  endfacet
  facet normal 0 0 1
    outer loop
      vertex -46.14260671583636 6.173289546637263 7.7
      vertex -46.14260671583636 7.719310453362737 7.7
      vertex -46.2214297669804 7.777769612302545 7.7
    endloop
  endfacet
  facet normal 0 0 1
    outer loop
      vertex -46.003989546637264 6.311906715836354 7.7
      vertex -46.003989546637264 7.580693284163646 7.7
      vertex -46.069893218813455 7.653406781186548 7.7
    endloop
  endfacet
  facet normal 0 0 1
    outer loop
      vertex -45.94553038769745 6.390729766980398 7.7
      vertex -45.94553038769745 7.501870233019602 7.7
      vertex -46.003989546637264 7.580693284163646 7.7
    endloop
  endfacet
  facet normal 0 0 1
    outer loop
      vertex -45.94553038769745 6.390729766980398 7.7
      vertex -45.895078735651644 6.474903263174002 7.7
      vertex -45.94553038769745 7.501870233019602 7.7
    endloop
  endfacet
  facet normal 0 0 1
    outer loop
      vertex -45.895078735651644 6.474903263174002 7.7
      vertex -45.853120467488715 6.56361656763491 7.7
      vertex -45.895078735651644 7.417696736825998 7.7
    endloop
  endfacet
  facet normal 0 0 1
    outer loop
      vertex -45.853120467488715 6.56361656763491 7.7
      vertex -45.820059664267795 6.656015322745538 7.7
      vertex -45.853120467488715 7.3289834323650895 7.7
    endloop
  endfacet
  facet normal 0 0 1
    outer loop
      vertex -45.820059664267795 6.656015322745538 7.7
      vertex -45.79621471959677 6.751209677983872 7.7
      vertex -45.820059664267795 7.236584677254462 7.7
    endloop
  endfacet
  facet normal 0 0 1
    outer loop
      vertex -45.79621471959677 6.751209677983872 7.7
      vertex -45.7818152733278 6.848282859670439 7.7
      vertex -45.79621471959677 7.141390322016128 7.7
    endloop
  endfacet
  facet normal 0 0 1
    outer loop
      vertex -45.7818152733278 6.848282859670439 7.7
      vertex -45.777 6.9463 7.7
      vertex -45.7818152733278 7.044317140329561 7.7
    endloop
  endfacet
  facet normal 0 0 1
    outer loop
      vertex -45.79621471959677 6.751209677983872 7.7
      vertex -45.79621471959677 7.141390322016128 7.7
      vertex -45.820059664267795 7.236584677254462 7.7
    endloop
  endfacet
  facet normal 0 0 1
    outer loop
      vertex -45.7818152733278 6.848282859670439 7.7
      vertex -45.7818152733278 7.044317140329561 7.7
      vertex -45.79621471959677 7.141390322016128 7.7
    endloop
  endfacet
  facet normal 0 0 1
    outer loop
      vertex -45.820059664267795 6.656015322745538 7.7
      vertex -45.820059664267795 7.236584677254462 7.7
      vertex -45.853120467488715 7.3289834323650895 7.7
    endloop
  endfacet
  facet normal 0 0 1
    outer loop
      vertex -45.853120467488715 6.56361656763491 7.7
      vertex -45.853120467488715 7.3289834323650895 7.7
      vertex -45.895078735651644 7.417696736825998 7.7
    endloop
  endfacet
  facet normal 0 0 1
    outer loop
      vertex -45.94553038769745 7.501870233019602 7.7
      vertex -45.895078735651644 6.474903263174002 7.7
      vertex -45.895078735651644 7.417696736825998 7.7
    endloop
  endfacet
  facet normal 0 0 1
    outer loop
      vertex -46.777 5.9463 7.7
      vertex -46.777 7.9463 7.7
      vertex -46.87501714032956 7.941484726672197 7.7
    endloop
  endfacet
  facet normal 0 0 1
    outer loop
      vertex -46.67898285967044 5.951115273327803 7.7
      vertex -46.67898285967044 7.941484726672197 7.7
      vertex -46.777 7.9463 7.7
    endloop
  endfacet
  facet normal 0 0 1
    outer loop
      vertex -46.58190967798387 5.9655147195967695 7.7
      vertex -46.58190967798387 7.92708528040323 7.7
      vertex -46.67898285967044 7.941484726672197 7.7
    endloop
  endfacet
  facet normal 0 0 1
    outer loop
      vertex -46.48671532274554 5.989359664267791 7.7
      vertex -46.48671532274554 7.9032403357322085 7.7
      vertex -46.58190967798387 7.92708528040323 7.7
    endloop
  endfacet
  facet normal 0 0 1
    outer loop
      vertex -46.39431656763491 6.022420467488713 7.7
      vertex -46.39431656763491 7.870179532511287 7.7
      vertex -46.48671532274554 7.9032403357322085 7.7
    endloop
  endfacet
  facet normal 0.6396020575606411 -0.30250924381377714 0.7066805256772054
    outer loop
      vertex -44.58101605177259 5.772522125303266 6.21
      vertex -44.4765399640469 5.993418253410926 6.21
      vertex -45.853120467488715 6.56361656763491 7.7
    endloop
  endfacet
  facet normal 0.6661732898343369 -0.23836061448965268 0.7066805256772057
    outer loop
      vertex -44.4765399640469 5.993418253410926 6.21
      vertex -44.3942185640268 6.223491153636389 6.21
      vertex -45.820059664267795 6.656015322745538 7.7
    endloop
  endfacet
  facet normal 0.6863289091595759 -0.17191644214680435 0.7066805256772054
    outer loop
      vertex -44.3942185640268 6.223491153636389 6.21
      vertex -44.334844651795954 6.460525098179841 6.21
      vertex -45.79621471959677 6.751209677983872 7.7
    endloop
  endfacet
  facet normal 0.6998748059040653 -0.10381662048697698 0.7066805256772046
    outer loop
      vertex -44.334844651795954 6.460525098179841 6.21
      vertex -44.29899003058623 6.702237320579394 6.21
      vertex -45.7818152733278 6.848282859670439 7.7
    endloop
  endfacet
  facet normal 0.7066805256772046 -0.034716988019961766 0.7066805256772054
    outer loop
      vertex -44.29899003058623 6.702237320579394 6.21
      vertex -44.287 6.9463 6.21
      vertex -45.777 6.9463 7.7
    endloop
  endfacet
  facet normal 0.7066805256772057 0.034716988019961814 0.7066805256772044
    outer loop
      vertex -44.287 6.9463 6.21
      vertex -44.29899003058623 7.1903626794206055 6.21
      vertex -45.7818152733278 7.044317140329561 7.7
    endloop
  endfacet
  facet normal 0.6998748059040645 0.10381662048697687 0.7066805256772052
    outer loop
      vertex -44.29899003058623 7.1903626794206055 6.21
      vertex -44.334844651795954 7.432074901820159 6.21
      vertex -45.79621471959677 7.141390322016128 7.7
    endloop
  endfacet
  facet normal 0.686328909159575 0.17191644214680413 0.7066805256772061
    outer loop
      vertex -44.334844651795954 7.432074901820159 6.21
      vertex -44.3942185640268 7.669108846363611 6.21
      vertex -45.820059664267795 7.236584677254462 7.7
    endloop
  endfacet
  facet normal 0.6661732898343375 0.23836061448965296 0.706680525677205
    outer loop
      vertex -44.3942185640268 7.669108846363611 6.21
      vertex -44.4765399640469 7.899181746589074 6.21
      vertex -45.853120467488715 7.3289834323650895 7.7
    endloop
  endfacet
  facet normal 0.6396020575606415 0.3025092438137761 0.7066805256772054
    outer loop
      vertex -44.4765399640469 7.899181746589074 6.21
      vertex -44.58101605177259 8.120077874696735 6.21
      vertex -45.895078735651644 7.417696736825998 7.7
    endloop
  endfacet
  facet normal -0.3368898533922216 -0.9415440651830201 0
    outer loop
      vertex -4.049754959325704 -19.43951929876693 4.7
      vertex -4.049754959325704 -19.43951929876693 2.2
      vertex -3.9111568266597634 -19.48911050359831 2.2
    endloop
  endfacet
  facet normal -0.4275550934302805 -0.9039892931234442 0
    outer loop
      vertex -4.182824916017067 -19.37658189652253 4.7
      vertex -4.182824916017067 -19.37658189652253 2.2
      vertex -4.049754959325704 -19.43951929876693 2.2
    endloop
  endfacet
  facet normal -0.24298017990326343 -0.9700312531945441 0
    outer loop
      vertex -3.9111568266597634 -19.48911050359831 4.7
      vertex -3.9111568266597634 -19.48911050359831 2.2
      vertex -3.7683652938022623 -19.524877920604844 2.2
    endloop
  endfacet
  facet normal 0.04906767432741232 -0.9987954562051726 0
    outer loop
      vertex -3.47572981077807 -19.5537 4.7
      vertex -3.47572981077807 -19.5537 2.2
      vertex -3.328704100283729 -19.546477090008295 2.2
    endloop
  endfacet
  facet normal -0.1467304744553734 -0.9891765099647791 0
    outer loop
      vertex -3.7683652938022623 -19.524877920604844 4.7
      vertex -3.7683652938022623 -19.524877920604844 2.2
      vertex -3.6227555212724107 -19.546477090008295 2.2
    endloop
  endfacet
  facet normal -0.04906767432741232 -0.9987954562051726 0
    outer loop
      vertex -3.6227555212724107 -19.546477090008295 4.7
      vertex -3.6227555212724107 -19.546477090008295 2.2
      vertex -3.47572981077807 -19.5537 2.2
    endloop
  endfacet
  facet normal 0.1467304744553734 -0.9891765099647791 0
    outer loop
      vertex -3.328704100283729 -19.546477090008295 4.7
      vertex -3.328704100283729 -19.546477090008295 2.2
      vertex -3.1830943277538775 -19.524877920604844 2.2
    endloop
  endfacet
  facet normal 0.24298017990326343 -0.9700312531945441 0
    outer loop
      vertex -3.1830943277538775 -19.524877920604844 4.7
      vertex -3.1830943277538775 -19.524877920604844 2.2
      vertex -3.0403027948963763 -19.48911050359831 2.2
    endloop
  endfacet
  facet normal 0.3368898533922216 -0.9415440651830201 0
    outer loop
      vertex -3.0403027948963763 -19.48911050359831 4.7
      vertex -3.0403027948963763 -19.48911050359831 2.2
      vertex -2.9017046622304354 -19.43951929876693 2.2
    endloop
  endfacet
  facet normal 0.42755509343028153 -0.9039892931234436 0
    outer loop
      vertex -2.9017046622304354 -19.43951929876693 4.7
      vertex -2.9017046622304354 -19.43951929876693 2.2
      vertex -2.7686347055390734 -19.37658189652253 2.2
    endloop
  endfacet
  facet normal 0.5141027441932103 -0.8577286100002789 0
    outer loop
      vertex -2.7686347055390734 -19.37658189652253 4.7
      vertex -2.7686347055390734 -19.37658189652253 2.2
      vertex -2.6423744612486666 -19.30090441845382 2.2
    endloop
  endfacet
  facet normal -0.8032075314806492 -0.5956993044924275 0
    outer loop
      vertex -4.722934229231887 -18.8870553495294 4.7
      vertex -4.722934229231887 -18.8870553495294 2.2
      vertex -4.635245490822175 -19.005289926245467 2.2
    endloop
  endfacet
  facet normal -0.857728610000271 -0.5141027441932237 0
    outer loop
      vertex -4.798611707300602 -18.760795105238994 4.7
      vertex -4.798611707300602 -18.760795105238994 2.2
      vertex -4.722934229231887 -18.8870553495294 2.2
    endloop
  endfacet
  facet normal -0.9039892931234431 -0.42755509343028275 0
    outer loop
      vertex -4.861549109545 -18.627725148547633 4.7
      vertex -4.861549109545 -18.627725148547633 2.2
      vertex -4.798611707300602 -18.760795105238994 2.2
    endloop
  endfacet
  facet normal -0.6715589548470132 -0.7409511253549639 0
    outer loop
      vertex -4.536389982557891 -19.114360171779822 4.7
      vertex -4.536389982557891 -19.114360171779822 2.2
      vertex -4.427319737023538 -19.213215680044105 2.2
    endloop
  endfacet
  facet normal -0.5141027441932103 -0.8577286100002789 0
    outer loop
      vertex -4.309085160307474 -19.30090441845382 4.7
      vertex -4.309085160307474 -19.30090441845382 2.2
      vertex -4.182824916017067 -19.37658189652253 2.2
    endloop
  endfacet
  facet normal -0.595699304492441 -0.8032075314806392 0
    outer loop
      vertex -4.427319737023538 -19.213215680044105 4.7
      vertex -4.427319737023538 -19.213215680044105 2.2
      vertex -4.309085160307474 -19.30090441845382 2.2
    endloop
  endfacet
  facet normal -0.7409511253549632 -0.6715589548470138 0
    outer loop
      vertex -4.635245490822175 -19.005289926245467 4.7
      vertex -4.635245490822175 -19.005289926245467 2.2
      vertex -4.536389982557891 -19.114360171779822 2.2
    endloop
  endfacet
  facet normal -0.9700312531945441 -0.24298017990326343 0
    outer loop
      vertex -4.9469077313829155 -18.34633548302419 4.7
      vertex -4.9469077313829155 -18.34633548302419 2.2
      vertex -4.911140314376383 -18.489127015881692 2.2
    endloop
  endfacet
  facet normal -0.9415440651830198 -0.3368898533922226 0
    outer loop
      vertex -4.911140314376383 -18.489127015881692 4.7
      vertex -4.911140314376383 -18.489127015881692 2.2
      vertex -4.861549109545 -18.627725148547633 2.2
    endloop
  endfacet
  facet normal -0.989176509964781 -0.14673047445536114 0
    outer loop
      vertex -4.968506900786365 -18.20072571049434 4.7
      vertex -4.968506900786365 -18.20072571049434 2.2
      vertex -4.9469077313829155 -18.34633548302419 2.2
    endloop
  endfacet
  facet normal -0.9987954562051723 -0.04906767432741864 0
    outer loop
      vertex -4.97572981077807 -18.0537 4.7
      vertex -4.97572981077807 -18.0537 2.2
      vertex -4.968506900786365 -18.20072571049434 2.2
    endloop
  endfacet
  facet normal -0.9987954562051723 0.04906767432741864 0
    outer loop
      vertex -4.968506900786365 -17.90667428950566 4.7
      vertex -4.968506900786365 -17.90667428950566 2.2
      vertex -4.97572981077807 -18.0537 2.2
    endloop
  endfacet
  facet normal -0.989176509964781 0.14673047445536114 0
    outer loop
      vertex -4.9469077313829155 -17.761064516975807 4.7
      vertex -4.9469077313829155 -17.761064516975807 2.2
      vertex -4.968506900786365 -17.90667428950566 2.2
    endloop
  endfacet
  facet normal -0.9700312531945441 0.24298017990326343 0
    outer loop
      vertex -4.911140314376383 -17.618272984118306 4.7
      vertex -4.911140314376383 -17.618272984118306 2.2
      vertex -4.9469077313829155 -17.761064516975807 2.2
    endloop
  endfacet
  facet normal -0.9415440651830198 0.3368898533922226 0
    outer loop
      vertex -4.861549109545 -17.479674851452366 4.7
      vertex -4.861549109545 -17.479674851452366 2.2
      vertex -4.911140314376383 -17.618272984118306 2.2
    endloop
  endfacet
  facet normal -0.9039892931234431 0.42755509343028275 0
    outer loop
      vertex -4.798611707300602 -17.346604894761004 4.7
      vertex -4.798611707300602 -17.346604894761004 2.2
      vertex -4.861549109545 -17.479674851452366 2.2
    endloop
  endfacet
  facet normal -0.857728610000271 0.5141027441932237 0
    outer loop
      vertex -4.722934229231887 -17.220344650470597 4.7
      vertex -4.722934229231887 -17.220344650470597 2.2
      vertex -4.798611707300602 -17.346604894761004 2.2
    endloop
  endfacet
  facet normal -0.8032075314806492 0.5956993044924275 0
    outer loop
      vertex -4.635245490822175 -17.10211007375453 4.7
      vertex -4.635245490822175 -17.10211007375453 2.2
      vertex -4.722934229231887 -17.220344650470597 2.2
    endloop
  endfacet
  facet normal -0.7409511253549632 0.6715589548470138 0
    outer loop
      vertex -4.536389982557891 -16.993039828220176 4.7
      vertex -4.536389982557891 -16.993039828220176 2.2
      vertex -4.635245490822175 -17.10211007375453 2.2
    endloop
  endfacet
  facet normal -0.6715589548470132 0.7409511253549639 0
    outer loop
      vertex -4.427319737023538 -16.894184319955894 4.7
      vertex -4.427319737023538 -16.894184319955894 2.2
      vertex -4.536389982557891 -16.993039828220176 2.2
    endloop
  endfacet
  facet normal -0.595699304492441 0.8032075314806392 0
    outer loop
      vertex -4.309085160307474 -16.80649558154618 4.7
      vertex -4.309085160307474 -16.80649558154618 2.2
      vertex -4.427319737023538 -16.894184319955894 2.2
    endloop
  endfacet
  facet normal -0.5141027441932103 0.8577286100002789 0
    outer loop
      vertex -4.182824916017067 -16.730818103477468 4.7
      vertex -4.182824916017067 -16.730818103477468 2.2
      vertex -4.309085160307474 -16.80649558154618 2.2
    endloop
  endfacet
  facet normal -0.4275550934302805 0.9039892931234442 0
    outer loop
      vertex -4.049754959325704 -16.66788070123307 4.7
      vertex -4.049754959325704 -16.66788070123307 2.2
      vertex -4.182824916017067 -16.730818103477468 2.2
    endloop
  endfacet
  facet normal -0.3368898533922216 0.9415440651830201 0
    outer loop
      vertex -3.9111568266597634 -16.618289496401687 4.7
      vertex -3.9111568266597634 -16.618289496401687 2.2
      vertex -4.049754959325704 -16.66788070123307 2.2
    endloop
  endfacet
  facet normal -0.24298017990326343 0.9700312531945441 0
    outer loop
      vertex -3.7683652938022623 -16.582522079395154 4.7
      vertex -3.7683652938022623 -16.582522079395154 2.2
      vertex -3.9111568266597634 -16.618289496401687 2.2
    endloop
  endfacet
  facet normal 0.5956993044924396 -0.8032075314806403 0
    outer loop
      vertex -2.6423744612486666 -19.30090441845382 4.7
      vertex -2.6423744612486666 -19.30090441845382 2.2
      vertex -2.5241398845326017 -19.213215680044105 2.2
    endloop
  endfacet
  facet normal 0.6715589548470117 -0.7409511253549652 0
    outer loop
      vertex -2.5241398845326017 -19.213215680044105 4.7
      vertex -2.5241398845326017 -19.213215680044105 2.2
      vertex -2.4150696389982484 -19.114360171779822 2.2
    endloop
  endfacet
  facet normal 0.7409511253549648 -0.6715589548470121 0
    outer loop
      vertex -2.4150696389982484 -19.114360171779822 4.7
      vertex -2.4150696389982484 -19.114360171779822 2.2
      vertex -2.3162141307339645 -19.005289926245467 2.2
    endloop
  endfacet
  facet normal 0.8032075314806478 -0.5956993044924295 0
    outer loop
      vertex -2.3162141307339645 -19.005289926245467 4.7
      vertex -2.3162141307339645 -19.005289926245467 2.2
      vertex -2.228525392324252 -18.8870553495294 2.2
    endloop
  endfacet
  facet normal 0.8577286100002723 -0.5141027441932214 0
    outer loop
      vertex -2.228525392324252 -18.8870553495294 4.7
      vertex -2.228525392324252 -18.8870553495294 2.2
      vertex -2.1528479142555375 -18.760795105238994 2.2
    endloop
  endfacet
  facet normal 0.9039892931234431 -0.42755509343028275 0
    outer loop
      vertex -2.1528479142555375 -18.760795105238994 4.7
      vertex -2.1528479142555375 -18.760795105238994 2.2
      vertex -2.08991051201114 -18.627725148547633 2.2
    endloop
  endfacet
  facet normal 0.9415440651830198 -0.3368898533922226 0
    outer loop
      vertex -2.08991051201114 -18.627725148547633 4.7
      vertex -2.08991051201114 -18.627725148547633 2.2
      vertex -2.0403193071797565 -18.489127015881692 2.2
    endloop
  endfacet
  facet normal 0.9700312531945441 -0.24298017990326343 0
    outer loop
      vertex -2.0403193071797565 -18.489127015881692 4.7
      vertex -2.0403193071797565 -18.489127015881692 2.2
      vertex -2.004551890173224 -18.34633548302419 2.2
    endloop
  endfacet
  facet normal 0.989176509964781 -0.14673047445536114 0
    outer loop
      vertex -2.004551890173224 -18.34633548302419 4.7
      vertex -2.004551890173224 -18.34633548302419 2.2
      vertex -1.9829527207697746 -18.20072571049434 2.2
    endloop
  endfacet
  facet normal 0.9987954562051723 -0.04906767432741864 0
    outer loop
      vertex -1.9829527207697746 -18.20072571049434 4.7
      vertex -1.9829527207697746 -18.20072571049434 2.2
      vertex -1.9757298107780699 -18.0537 2.2
    endloop
  endfacet
  facet normal 0.9987954562051723 0.04906767432741864 0
    outer loop
      vertex -1.9757298107780699 -18.0537 4.7
      vertex -1.9757298107780699 -18.0537 2.2
      vertex -1.9829527207697746 -17.90667428950566 2.2
    endloop
  endfacet
  facet normal 0.989176509964781 0.14673047445536114 0
    outer loop
      vertex -1.9829527207697746 -17.90667428950566 4.7
      vertex -1.9829527207697746 -17.90667428950566 2.2
      vertex -2.004551890173224 -17.761064516975807 2.2
    endloop
  endfacet
  facet normal 0.9700312531945441 0.24298017990326343 0
    outer loop
      vertex -2.004551890173224 -17.761064516975807 4.7
      vertex -2.004551890173224 -17.761064516975807 2.2
      vertex -2.0403193071797565 -17.618272984118306 2.2
    endloop
  endfacet
  facet normal 0.9415440651830198 0.3368898533922226 0
    outer loop
      vertex -2.0403193071797565 -17.618272984118306 4.7
      vertex -2.0403193071797565 -17.618272984118306 2.2
      vertex -2.08991051201114 -17.479674851452366 2.2
    endloop
  endfacet
  facet normal 0.9039892931234431 0.42755509343028275 0
    outer loop
      vertex -2.08991051201114 -17.479674851452366 4.7
      vertex -2.08991051201114 -17.479674851452366 2.2
      vertex -2.1528479142555375 -17.346604894761004 2.2
    endloop
  endfacet
  facet normal 0.7409511253549648 0.6715589548470121 0
    outer loop
      vertex -2.3162141307339645 -17.10211007375453 4.7
      vertex -2.3162141307339645 -17.10211007375453 2.2
      vertex -2.4150696389982484 -16.993039828220176 2.2
    endloop
  endfacet
  facet normal 0.6715589548470117 0.7409511253549652 0
    outer loop
      vertex -2.4150696389982484 -16.993039828220176 4.7
      vertex -2.4150696389982484 -16.993039828220176 2.2
      vertex -2.5241398845326017 -16.894184319955894 2.2
    endloop
  endfacet
  facet normal 0.8577286100002723 0.5141027441932214 0
    outer loop
      vertex -2.1528479142555375 -17.346604894761004 4.7
      vertex -2.1528479142555375 -17.346604894761004 2.2
      vertex -2.228525392324252 -17.220344650470597 2.2
    endloop
  endfacet
  facet normal 0.8032075314806478 0.5956993044924295 0
    outer loop
      vertex -2.228525392324252 -17.220344650470597 4.7
      vertex -2.228525392324252 -17.220344650470597 2.2
      vertex -2.3162141307339645 -17.10211007375453 2.2
    endloop
  endfacet
  facet normal -0.1467304744553734 0.9891765099647791 0
    outer loop
      vertex -3.6227555212724107 -16.560922909991703 4.7
      vertex -3.6227555212724107 -16.560922909991703 2.2
      vertex -3.7683652938022623 -16.582522079395154 2.2
    endloop
  endfacet
  facet normal -0.04906767432741232 0.9987954562051726 0
    outer loop
      vertex -3.47572981077807 -16.5537 4.7
      vertex -3.47572981077807 -16.5537 2.2
      vertex -3.6227555212724107 -16.560922909991703 2.2
    endloop
  endfacet
  facet normal 0.04906767432741232 0.9987954562051726 0
    outer loop
      vertex -3.328704100283729 -16.560922909991703 4.7
      vertex -3.328704100283729 -16.560922909991703 2.2
      vertex -3.47572981077807 -16.5537 2.2
    endloop
  endfacet
  facet normal 0.1467304744553734 0.9891765099647791 0
    outer loop
      vertex -3.1830943277538775 -16.582522079395154 4.7
      vertex -3.1830943277538775 -16.582522079395154 2.2
      vertex -3.328704100283729 -16.560922909991703 2.2
    endloop
  endfacet
  facet normal 0.24298017990326343 0.9700312531945441 0
    outer loop
      vertex -3.0403027948963763 -16.618289496401687 4.7
      vertex -3.0403027948963763 -16.618289496401687 2.2
      vertex -3.1830943277538775 -16.582522079395154 2.2
    endloop
  endfacet
  facet normal 0.3368898533922216 0.9415440651830201 0
    outer loop
      vertex -2.9017046622304354 -16.66788070123307 4.7
      vertex -2.9017046622304354 -16.66788070123307 2.2
      vertex -3.0403027948963763 -16.618289496401687 2.2
    endloop
  endfacet
  facet normal 0.42755509343028153 0.9039892931234436 0
    outer loop
      vertex -2.7686347055390734 -16.730818103477468 4.7
      vertex -2.7686347055390734 -16.730818103477468 2.2
      vertex -2.9017046622304354 -16.66788070123307 2.2
    endloop
  endfacet
  facet normal 0.5141027441932103 0.8577286100002789 0
    outer loop
      vertex -2.6423744612486666 -16.80649558154618 4.7
      vertex -2.6423744612486666 -16.80649558154618 2.2
      vertex -2.7686347055390734 -16.730818103477468 2.2
    endloop
  endfacet
  facet normal 0.5956993044924396 0.8032075314806403 0
    outer loop
      vertex -2.5241398845326017 -16.894184319955894 4.7
      vertex -2.5241398845326017 -16.894184319955894 2.2
      vertex -2.6423744612486666 -16.80649558154618 2.2
    endloop
  endfacet
  facet normal -0.5141027441932103 -0.8577286100002789 0
    outer loop
      vertex -4.182824916017067 -19.37658189652253 4.7
      vertex -4.309085160307474 -19.30090441845382 4.7
      vertex -4.182824916017067 -19.37658189652253 2.2
    endloop
  endfacet
  facet normal -0.4275550934302805 -0.9039892931234442 -1.9147650073786823e-18
    outer loop
      vertex -4.182824916017067 -19.37658189652253 4.7
      vertex -4.049754959325704 -19.43951929876693 2.2
      vertex -4.049754959325704 -19.43951929876693 4.7
    endloop
  endfacet
  facet normal -0.3368898533922216 -0.9415440651830201 0
    outer loop
      vertex -3.9111568266597634 -19.48911050359831 4.7
      vertex -4.049754959325704 -19.43951929876693 4.7
      vertex -3.9111568266597634 -19.48911050359831 2.2
    endloop
  endfacet
  facet normal -0.24298017990326343 -0.9700312531945441 5.904920773670925e-20
    outer loop
      vertex -3.9111568266597634 -19.48911050359831 4.7
      vertex -3.7683652938022623 -19.524877920604844 2.2
      vertex -3.7683652938022623 -19.524877920604844 4.7
    endloop
  endfacet
  facet normal -0.04906767432741232 -0.9987954562051726 2.9257224542288156e-19
    outer loop
      vertex -3.6227555212724107 -19.546477090008295 4.7
      vertex -3.47572981077807 -19.5537 2.2
      vertex -3.47572981077807 -19.5537 4.7
    endloop
  endfacet
  facet normal -0.1467304744553734 -0.9891765099647791 4.16228992982561e-19
    outer loop
      vertex -3.7683652938022623 -19.524877920604844 4.7
      vertex -3.6227555212724107 -19.546477090008295 2.2
      vertex -3.6227555212724107 -19.546477090008295 4.7
    endloop
  endfacet
  facet normal 0.04906767432741232 -0.9987954562051726 -2.9257224542288156e-19
    outer loop
      vertex -3.47572981077807 -19.5537 4.7
      vertex -3.328704100283729 -19.546477090008295 2.2
      vertex -3.328704100283729 -19.546477090008295 4.7
    endloop
  endfacet
  facet normal 0.1467304744553734 -0.9891765099647791 -4.16228992982561e-19
    outer loop
      vertex -3.328704100283729 -19.546477090008295 4.7
      vertex -3.1830943277538775 -19.524877920604844 2.2
      vertex -3.1830943277538775 -19.524877920604844 4.7
    endloop
  endfacet
  facet normal 0.24298017990326343 -0.9700312531945441 -5.904920773670925e-20
    outer loop
      vertex -3.1830943277538775 -19.524877920604844 4.7
      vertex -3.0403027948963763 -19.48911050359831 2.2
      vertex -3.0403027948963763 -19.48911050359831 4.7
    endloop
  endfacet
  facet normal 0.3368898533922216 -0.9415440651830201 -5.554426034631795e-19
    outer loop
      vertex -3.0403027948963763 -19.48911050359831 4.7
      vertex -2.9017046622304354 -19.43951929876693 2.2
      vertex -2.9017046622304354 -19.43951929876693 4.7
    endloop
  endfacet
  facet normal 0.42755509343028153 -0.9039892931234436 1.3869344963854825e-18
    outer loop
      vertex -2.9017046622304354 -19.43951929876693 4.7
      vertex -2.7686347055390734 -19.37658189652253 2.2
      vertex -2.7686347055390734 -19.37658189652253 4.7
    endloop
  endfacet
  facet normal -0.857728610000271 -0.5141027441932237 -1.1456105235808425e-19
    outer loop
      vertex -4.798611707300602 -18.760795105238994 4.7
      vertex -4.722934229231887 -18.8870553495294 2.2
      vertex -4.722934229231887 -18.8870553495294 4.7
    endloop
  endfacet
  facet normal -0.9039892931234431 -0.42755509343028275 0
    outer loop
      vertex -4.798611707300602 -18.760795105238994 4.7
      vertex -4.861549109545 -18.627725148547633 4.7
      vertex -4.798611707300602 -18.760795105238994 2.2
    endloop
  endfacet
  facet normal -0.9415440651830198 -0.3368898533922226 0
    outer loop
      vertex -4.861549109545 -18.627725148547633 4.7
      vertex -4.911140314376383 -18.489127015881692 4.7
      vertex -4.861549109545 -18.627725148547633 2.2
    endloop
  endfacet
  facet normal -0.6715589548470132 -0.7409511253549639 6.775793835791456e-19
    outer loop
      vertex -4.536389982557891 -19.114360171779822 4.7
      vertex -4.427319737023538 -19.213215680044105 2.2
      vertex -4.427319737023538 -19.213215680044105 4.7
    endloop
  endfacet
  facet normal -0.595699304492441 -0.8032075314806392 0
    outer loop
      vertex -4.309085160307474 -19.30090441845382 4.7
      vertex -4.427319737023538 -19.213215680044105 4.7
      vertex -4.309085160307474 -19.30090441845382 2.2
    endloop
  endfacet
  facet normal -0.7409511253549632 -0.6715589548470138 0
    outer loop
      vertex -4.536389982557891 -19.114360171779822 4.7
      vertex -4.635245490822175 -19.005289926245467 4.7
      vertex -4.536389982557891 -19.114360171779822 2.2
    endloop
  endfacet
  facet normal -0.8032075314806492 -0.5956993044924275 0
    outer loop
      vertex -4.635245490822175 -19.005289926245467 4.7
      vertex -4.722934229231887 -18.8870553495294 4.7
      vertex -4.635245490822175 -19.005289926245467 2.2
    endloop
  endfacet
  facet normal -0.9700312531945441 -0.24298017990326343 0
    outer loop
      vertex -4.911140314376383 -18.489127015881692 4.7
      vertex -4.9469077313829155 -18.34633548302419 4.7
      vertex -4.911140314376383 -18.489127015881692 2.2
    endloop
  endfacet
  facet normal -0.989176509964781 -0.14673047445536114 0
    outer loop
      vertex -4.9469077313829155 -18.34633548302419 4.7
      vertex -4.968506900786365 -18.20072571049434 4.7
      vertex -4.9469077313829155 -18.34633548302419 2.2
    endloop
  endfacet
  facet normal -0.9987954562051723 -0.04906767432741864 0
    outer loop
      vertex -4.968506900786365 -18.20072571049434 4.7
      vertex -4.97572981077807 -18.0537 4.7
      vertex -4.968506900786365 -18.20072571049434 2.2
    endloop
  endfacet
  facet normal -0.9987954562051723 0.04906767432741864 0
    outer loop
      vertex -4.97572981077807 -18.0537 4.7
      vertex -4.968506900786365 -17.90667428950566 4.7
      vertex -4.97572981077807 -18.0537 2.2
    endloop
  endfacet
  facet normal -0.989176509964781 0.14673047445536114 0
    outer loop
      vertex -4.968506900786365 -17.90667428950566 4.7
      vertex -4.9469077313829155 -17.761064516975807 4.7
      vertex -4.968506900786365 -17.90667428950566 2.2
    endloop
  endfacet
  facet normal -0.9700312531945441 0.24298017990326343 0
    outer loop
      vertex -4.9469077313829155 -17.761064516975807 4.7
      vertex -4.911140314376383 -17.618272984118306 4.7
      vertex -4.9469077313829155 -17.761064516975807 2.2
    endloop
  endfacet
  facet normal -0.9415440651830198 0.3368898533922226 0
    outer loop
      vertex -4.911140314376383 -17.618272984118306 4.7
      vertex -4.861549109545 -17.479674851452366 4.7
      vertex -4.911140314376383 -17.618272984118306 2.2
    endloop
  endfacet
  facet normal -0.9039892931234431 0.42755509343028275 0
    outer loop
      vertex -4.861549109545 -17.479674851452366 4.7
      vertex -4.798611707300602 -17.346604894761004 4.7
      vertex -4.861549109545 -17.479674851452366 2.2
    endloop
  endfacet
  facet normal -0.857728610000271 0.5141027441932237 0
    outer loop
      vertex -4.798611707300602 -17.346604894761004 4.7
      vertex -4.722934229231887 -17.220344650470597 4.7
      vertex -4.798611707300602 -17.346604894761004 2.2
    endloop
  endfacet
  facet normal -0.8032075314806492 0.5956993044924275 0
    outer loop
      vertex -4.722934229231887 -17.220344650470597 4.7
      vertex -4.635245490822175 -17.10211007375453 4.7
      vertex -4.722934229231887 -17.220344650470597 2.2
    endloop
  endfacet
  facet normal -0.7409511253549632 0.6715589548470138 0
    outer loop
      vertex -4.635245490822175 -17.10211007375453 4.7
      vertex -4.536389982557891 -16.993039828220176 4.7
      vertex -4.635245490822175 -17.10211007375453 2.2
    endloop
  endfacet
  facet normal -0.6715589548470132 0.7409511253549639 0
    outer loop
      vertex -4.536389982557891 -16.993039828220176 4.7
      vertex -4.427319737023538 -16.894184319955894 4.7
      vertex -4.536389982557891 -16.993039828220176 2.2
    endloop
  endfacet
  facet normal -0.595699304492441 0.8032075314806392 0
    outer loop
      vertex -4.427319737023538 -16.894184319955894 4.7
      vertex -4.309085160307474 -16.80649558154618 4.7
      vertex -4.427319737023538 -16.894184319955894 2.2
    endloop
  endfacet
  facet normal -0.5141027441932103 0.8577286100002789 0
    outer loop
      vertex -4.309085160307474 -16.80649558154618 4.7
      vertex -4.182824916017067 -16.730818103477468 4.7
      vertex -4.309085160307474 -16.80649558154618 2.2
    endloop
  endfacet
  facet normal -0.4275550934302805 0.9039892931234442 0
    outer loop
      vertex -4.182824916017067 -16.730818103477468 4.7
      vertex -4.049754959325704 -16.66788070123307 4.7
      vertex -4.182824916017067 -16.730818103477468 2.2
    endloop
  endfacet
  facet normal -0.3368898533922216 0.9415440651830201 0
    outer loop
      vertex -4.049754959325704 -16.66788070123307 4.7
      vertex -3.9111568266597634 -16.618289496401687 4.7
      vertex -4.049754959325704 -16.66788070123307 2.2
    endloop
  endfacet
  facet normal -0.24298017990326343 0.9700312531945441 0
    outer loop
      vertex -3.9111568266597634 -16.618289496401687 4.7
      vertex -3.7683652938022623 -16.582522079395154 4.7
      vertex -3.9111568266597634 -16.618289496401687 2.2
    endloop
  endfacet
  facet normal 0.5141027441932103 -0.8577286100002789 4.1749397540850306e-19
    outer loop
      vertex -2.7686347055390734 -19.37658189652253 4.7
      vertex -2.6423744612486666 -19.30090441845382 2.2
      vertex -2.6423744612486666 -19.30090441845382 4.7
    endloop
  endfacet
  facet normal 0.5956993044924396 -0.8032075314806403 9.199914250192806e-19
    outer loop
      vertex -2.6423744612486666 -19.30090441845382 4.7
      vertex -2.5241398845326017 -19.213215680044105 2.2
      vertex -2.5241398845326017 -19.213215680044105 4.7
    endloop
  endfacet
  facet normal 0.6715589548470117 -0.7409511253549652 7.696127846295612e-19
    outer loop
      vertex -2.5241398845326017 -19.213215680044105 4.7
      vertex -2.4150696389982484 -19.114360171779822 2.2
      vertex -2.4150696389982484 -19.114360171779822 4.7
    endloop
  endfacet
  facet normal 0.7409511253549648 -0.6715589548470121 -7.059140341593269e-19
    outer loop
      vertex -2.4150696389982484 -19.114360171779822 4.7
      vertex -2.3162141307339645 -19.005289926245467 2.2
      vertex -2.3162141307339645 -19.005289926245467 4.7
    endloop
  endfacet
  facet normal 0.8032075314806478 -0.5956993044924295 -1.2446153321581829e-18
    outer loop
      vertex -2.3162141307339645 -19.005289926245467 4.7
      vertex -2.228525392324252 -18.8870553495294 2.2
      vertex -2.228525392324252 -18.8870553495294 4.7
    endloop
  endfacet
  facet normal 0.8577286100002723 -0.5141027441932214 -1.406225354894686e-18
    outer loop
      vertex -2.228525392324252 -18.8870553495294 4.7
      vertex -2.1528479142555375 -18.760795105238994 2.2
      vertex -2.1528479142555375 -18.760795105238994 4.7
    endloop
  endfacet
  facet normal 0.9039892931234431 -0.42755509343028275 8.591039853922803e-19
    outer loop
      vertex -2.1528479142555375 -18.760795105238994 4.7
      vertex -2.08991051201114 -18.627725148547633 2.2
      vertex -2.08991051201114 -18.627725148547633 4.7
    endloop
  endfacet
  facet normal 0.9415440651830198 -0.3368898533922226 8.806317594405358e-19
    outer loop
      vertex -2.08991051201114 -18.627725148547633 4.7
      vertex -2.0403193071797565 -18.489127015881692 2.2
      vertex -2.0403193071797565 -18.489127015881692 4.7
    endloop
  endfacet
  facet normal 0.9700312531945441 -0.24298017990326343 -5.904920773670925e-20
    outer loop
      vertex -2.0403193071797565 -18.489127015881692 4.7
      vertex -2.004551890173224 -18.34633548302419 2.2
      vertex -2.004551890173224 -18.34633548302419 4.7
    endloop
  endfacet
  facet normal 0.989176509964781 -0.14673047445536114 4.085976237418725e-19
    outer loop
      vertex -2.004551890173224 -18.34633548302419 4.7
      vertex -1.9829527207697746 -18.20072571049434 2.2
      vertex -1.9829527207697746 -18.20072571049434 4.7
    endloop
  endfacet
  facet normal 0.9987954562051723 -0.04906767432741864 7.997958120116567e-20
    outer loop
      vertex -1.9829527207697746 -18.20072571049434 4.7
      vertex -1.9757298107780699 -18.0537 2.2
      vertex -1.9757298107780699 -18.0537 4.7
    endloop
  endfacet
  facet normal 0.9987954562051723 0.04906767432741864 -7.997958120116567e-20
    outer loop
      vertex -1.9757298107780699 -18.0537 4.7
      vertex -1.9829527207697746 -17.90667428950566 2.2
      vertex -1.9829527207697746 -17.90667428950566 4.7
    endloop
  endfacet
  facet normal 0.989176509964781 0.14673047445536114 0
    outer loop
      vertex -2.004551890173224 -17.761064516975807 4.7
      vertex -1.9829527207697746 -17.90667428950566 4.7
      vertex -2.004551890173224 -17.761064516975807 2.2
    endloop
  endfacet
  facet normal 0.9700312531945441 0.24298017990326343 5.904920773670925e-20
    outer loop
      vertex -2.004551890173224 -17.761064516975807 4.7
      vertex -2.0403193071797565 -17.618272984118306 2.2
      vertex -2.0403193071797565 -17.618272984118306 4.7
    endloop
  endfacet
  facet normal 0.9039892931234431 0.42755509343028275 -8.591039853922803e-19
    outer loop
      vertex -2.08991051201114 -17.479674851452366 4.7
      vertex -2.1528479142555375 -17.346604894761004 2.2
      vertex -2.1528479142555375 -17.346604894761004 4.7
    endloop
  endfacet
  facet normal 0.9415440651830198 0.3368898533922226 -8.806317594405358e-19
    outer loop
      vertex -2.0403193071797565 -17.618272984118306 4.7
      vertex -2.08991051201114 -17.479674851452366 2.2
      vertex -2.08991051201114 -17.479674851452366 4.7
    endloop
  endfacet
  facet normal 0.7409511253549648 0.6715589548470121 7.059140341593269e-19
    outer loop
      vertex -2.3162141307339645 -17.10211007375453 4.7
      vertex -2.4150696389982484 -16.993039828220176 2.2
      vertex -2.4150696389982484 -16.993039828220176 4.7
    endloop
  endfacet
  facet normal 0.8577286100002723 0.5141027441932214 1.406225354894686e-18
    outer loop
      vertex -2.1528479142555375 -17.346604894761004 4.7
      vertex -2.228525392324252 -17.220344650470597 2.2
      vertex -2.228525392324252 -17.220344650470597 4.7
    endloop
  endfacet
  facet normal 0.8032075314806478 0.5956993044924295 1.2446153321581829e-18
    outer loop
      vertex -2.228525392324252 -17.220344650470597 4.7
      vertex -2.3162141307339645 -17.10211007375453 2.2
      vertex -2.3162141307339645 -17.10211007375453 4.7
    endloop
  endfacet
  facet normal -0.1467304744553734 0.9891765099647791 0
    outer loop
      vertex -3.7683652938022623 -16.582522079395154 4.7
      vertex -3.6227555212724107 -16.560922909991703 4.7
      vertex -3.7683652938022623 -16.582522079395154 2.2
    endloop
  endfacet
  facet normal -0.04906767432741232 0.9987954562051726 0
    outer loop
      vertex -3.6227555212724107 -16.560922909991703 4.7
      vertex -3.47572981077807 -16.5537 4.7
      vertex -3.6227555212724107 -16.560922909991703 2.2
    endloop
  endfacet
  facet normal 0.04906767432741232 0.9987954562051726 0
    outer loop
      vertex -3.47572981077807 -16.5537 4.7
      vertex -3.328704100283729 -16.560922909991703 4.7
      vertex -3.47572981077807 -16.5537 2.2
    endloop
  endfacet
  facet normal 0.1467304744553734 0.9891765099647791 0
    outer loop
      vertex -3.328704100283729 -16.560922909991703 4.7
      vertex -3.1830943277538775 -16.582522079395154 4.7
      vertex -3.328704100283729 -16.560922909991703 2.2
    endloop
  endfacet
  facet normal 0.24298017990326343 0.9700312531945441 5.904920773670925e-20
    outer loop
      vertex -3.0403027948963763 -16.618289496401687 4.7
      vertex -3.1830943277538775 -16.582522079395154 2.2
      vertex -3.1830943277538775 -16.582522079395154 4.7
    endloop
  endfacet
  facet normal 0.3368898533922216 0.9415440651830201 0
    outer loop
      vertex -3.0403027948963763 -16.618289496401687 4.7
      vertex -2.9017046622304354 -16.66788070123307 4.7
      vertex -3.0403027948963763 -16.618289496401687 2.2
    endloop
  endfacet
  facet normal 0.42755509343028153 0.9039892931234436 0
    outer loop
      vertex -2.9017046622304354 -16.66788070123307 4.7
      vertex -2.7686347055390734 -16.730818103477468 4.7
      vertex -2.9017046622304354 -16.66788070123307 2.2
    endloop
  endfacet
  facet normal 0.5956993044924396 0.8032075314806403 0
    outer loop
      vertex -2.6423744612486666 -16.80649558154618 4.7
      vertex -2.5241398845326017 -16.894184319955894 4.7
      vertex -2.6423744612486666 -16.80649558154618 2.2
    endloop
  endfacet
  facet normal 0.5141027441932103 0.8577286100002789 -4.1749397540850306e-19
    outer loop
      vertex -2.6423744612486666 -16.80649558154618 4.7
      vertex -2.7686347055390734 -16.730818103477468 2.2
      vertex -2.7686347055390734 -16.730818103477468 4.7
    endloop
  endfacet
  facet normal 0.6715589548470117 0.7409511253549652 -7.696127846295612e-19
    outer loop
      vertex -2.4150696389982484 -16.993039828220176 4.7
      vertex -2.5241398845326017 -16.894184319955894 2.2
      vertex -2.5241398845326017 -16.894184319955894 4.7
    endloop
  endfacet
  facet normal -0.4275550934302734 -0.9039892931234474 0
    outer loop
      vertex -47.484095105239 5.6234181034774675 4.7
      vertex -47.484095105239 5.6234181034774675 2.2
      vertex -47.351025148547635 5.56048070123307 2.2
    endloop
  endfacet
  facet normal -0.24298017990326343 -0.9700312531945441 0
    outer loop
      vertex -47.212427015881694 5.510889496401687 4.7
      vertex -47.212427015881694 5.510889496401687 2.2
      vertex -47.06963548302419 5.475122079395154 2.2
    endloop
  endfacet
  facet normal -0.3368898533922226 -0.9415440651830198 0
    outer loop
      vertex -47.351025148547635 5.56048070123307 4.7
      vertex -47.351025148547635 5.56048070123307 2.2
      vertex -47.212427015881694 5.510889496401687 2.2
    endloop
  endfacet
  facet normal -0.14673047445536114 -0.989176509964781 0
    outer loop
      vertex -47.06963548302419 5.475122079395154 4.7
      vertex -47.06963548302419 5.475122079395154 2.2
      vertex -46.92402571049434 5.453522909991705 2.2
    endloop
  endfacet
  facet normal -0.04906767432741864 -0.9987954562051723 0
    outer loop
      vertex -46.92402571049434 5.453522909991705 4.7
      vertex -46.92402571049434 5.453522909991705 2.2
      vertex -46.777 5.4463 2.2
    endloop
  endfacet
  facet normal -0.7409511253549546 -0.6715589548470233 0
    outer loop
      vertex -47.93651568004411 5.994710073754532 4.7
      vertex -47.93651568004411 5.994710073754532 2.2
      vertex -47.837660171779824 5.885639828220178 2.2
    endloop
  endfacet
  facet normal -0.8577286100002789 -0.5141027441932103 0
    outer loop
      vertex -48.09988189652253 6.239204894761004 4.7
      vertex -48.09988189652253 6.239204894761004 2.2
      vertex -48.02420441845382 6.112944650470597 2.2
    endloop
  endfacet
  facet normal -0.8032075314806528 -0.5956993044924226 0
    outer loop
      vertex -48.02420441845382 6.112944650470597 4.7
      vertex -48.02420441845382 6.112944650470597 2.2
      vertex -47.93651568004411 5.994710073754532 2.2
    endloop
  endfacet
  facet normal -0.9039892931234337 -0.42755509343030246 0
    outer loop
      vertex -48.162819298766934 6.3722748514523655 4.7
      vertex -48.162819298766934 6.3722748514523655 2.2
      vertex -48.09988189652253 6.239204894761004 2.2
    endloop
  endfacet
  facet normal -0.5956993044924429 -0.8032075314806377 0
    outer loop
      vertex -47.72858992624547 5.786784319955895 4.7
      vertex -47.72858992624547 5.786784319955895 2.2
      vertex -47.61035534952941 5.699095581546182 2.2
    endloop
  endfacet
  facet normal -0.5141027441932192 -0.8577286100002736 0
    outer loop
      vertex -47.61035534952941 5.699095581546182 4.7
      vertex -47.61035534952941 5.699095581546182 2.2
      vertex -47.484095105239 5.6234181034774675 2.2
    endloop
  endfacet
  facet normal -0.6715589548470104 -0.7409511253549662 0
    outer loop
      vertex -47.837660171779824 5.885639828220178 4.7
      vertex -47.837660171779824 5.885639828220178 2.2
      vertex -47.72858992624547 5.786784319955895 2.2
    endloop
  endfacet
  facet normal 0.04906767432741864 -0.9987954562051723 0
    outer loop
      vertex -46.777 5.4463 4.7
      vertex -46.777 5.4463 2.2
      vertex -46.62997428950566 5.453522909991705 2.2
    endloop
  endfacet
  facet normal 0.14673047445536114 -0.989176509964781 0
    outer loop
      vertex -46.62997428950566 5.453522909991705 4.7
      vertex -46.62997428950566 5.453522909991705 2.2
      vertex -46.48436451697581 5.475122079395154 2.2
    endloop
  endfacet
  facet normal 0.24298017990326343 -0.9700312531945441 0
    outer loop
      vertex -46.48436451697581 5.475122079395154 4.7
      vertex -46.48436451697581 5.475122079395154 2.2
      vertex -46.34157298411831 5.510889496401687 2.2
    endloop
  endfacet
  facet normal 0.3368898533922226 -0.9415440651830198 0
    outer loop
      vertex -46.34157298411831 5.510889496401687 4.7
      vertex -46.34157298411831 5.510889496401687 2.2
      vertex -46.20297485145237 5.56048070123307 2.2
    endloop
  endfacet
  facet normal 0.4275550934302734 -0.9039892931234474 0
    outer loop
      vertex -46.20297485145237 5.56048070123307 4.7
      vertex -46.20297485145237 5.56048070123307 2.2
      vertex -46.069904894761 5.6234181034774675 2.2
    endloop
  endfacet
  facet normal 0.5141027441932192 -0.8577286100002736 0
    outer loop
      vertex -46.069904894761 5.6234181034774675 4.7
      vertex -46.069904894761 5.6234181034774675 2.2
      vertex -45.943644650470596 5.699095581546182 2.2
    endloop
  endfacet
  facet normal 0.5956993044924429 -0.8032075314806377 0
    outer loop
      vertex -45.943644650470596 5.699095581546182 4.7
      vertex -45.943644650470596 5.699095581546182 2.2
      vertex -45.82541007375453 5.786784319955895 2.2
    endloop
  endfacet
  facet normal 0.6715589548470104 -0.7409511253549662 0
    outer loop
      vertex -45.82541007375453 5.786784319955895 4.7
      vertex -45.82541007375453 5.786784319955895 2.2
      vertex -45.71633982822018 5.885639828220178 2.2
    endloop
  endfacet
  facet normal 0.7409511253549546 -0.6715589548470233 0
    outer loop
      vertex -45.71633982822018 5.885639828220178 4.7
      vertex -45.71633982822018 5.885639828220178 2.2
      vertex -45.61748431995589 5.994710073754532 2.2
    endloop
  endfacet
  facet normal 0.8032075314806528 -0.5956993044924226 0
    outer loop
      vertex -45.61748431995589 5.994710073754532 4.7
      vertex -45.61748431995589 5.994710073754532 2.2
      vertex -45.52979558154618 6.112944650470597 2.2
    endloop
  endfacet
  facet normal 0.8577286100002789 -0.5141027441932103 0
    outer loop
      vertex -45.52979558154618 6.112944650470597 4.7
      vertex -45.52979558154618 6.112944650470597 2.2
      vertex -45.45411810347747 6.239204894761004 2.2
    endloop
  endfacet
  facet normal 0.9039892931234337 -0.42755509343030246 0
    outer loop
      vertex -45.45411810347747 6.239204894761004 4.7
      vertex -45.45411810347747 6.239204894761004 2.2
      vertex -45.39118070123307 6.3722748514523655 2.2
    endloop
  endfacet
  facet normal 0.9415440651830275 -0.3368898533922012 0
    outer loop
      vertex -45.39118070123307 6.3722748514523655 4.7
      vertex -45.39118070123307 6.3722748514523655 2.2
      vertex -45.34158949640169 6.510872984118306 2.2
    endloop
  endfacet
  facet normal -0.9415440651830275 -0.3368898533922012 0
    outer loop
      vertex -48.21241050359831 6.510872984118306 4.7
      vertex -48.21241050359831 6.510872984118306 2.2
      vertex -48.162819298766934 6.3722748514523655 2.2
    endloop
  endfacet
  facet normal -0.9700312531945441 -0.24298017990326343 0
    outer loop
      vertex -48.248177920604846 6.653664516975807 4.7
      vertex -48.248177920604846 6.653664516975807 2.2
      vertex -48.21241050359831 6.510872984118306 2.2
    endloop
  endfacet
  facet normal -0.9891765099647793 -0.14673047445537296 0
    outer loop
      vertex -48.2697770900083 6.799274289505659 4.7
      vertex -48.2697770900083 6.799274289505659 2.2
      vertex -48.248177920604846 6.653664516975807 2.2
    endloop
  endfacet
  facet normal -0.9987954562051726 -0.04906767432741232 0
    outer loop
      vertex -48.277 6.9463 4.7
      vertex -48.277 6.9463 2.2
      vertex -48.2697770900083 6.799274289505659 2.2
    endloop
  endfacet
  facet normal -0.9987954562051726 0.04906767432741232 0
    outer loop
      vertex -48.2697770900083 7.093325710494341 4.7
      vertex -48.2697770900083 7.093325710494341 2.2
      vertex -48.277 6.9463 2.2
    endloop
  endfacet
  facet normal -0.9891765099647793 0.14673047445537296 0
    outer loop
      vertex -48.248177920604846 7.238935483024193 4.7
      vertex -48.248177920604846 7.238935483024193 2.2
      vertex -48.2697770900083 7.093325710494341 2.2
    endloop
  endfacet
  facet normal -0.9700312531945441 0.24298017990326343 0
    outer loop
      vertex -48.21241050359831 7.381727015881694 4.7
      vertex -48.21241050359831 7.381727015881694 2.2
      vertex -48.248177920604846 7.238935483024193 2.2
    endloop
  endfacet
  facet normal -0.9415440651830275 0.3368898533922012 0
    outer loop
      vertex -48.162819298766934 7.520325148547634 4.7
      vertex -48.162819298766934 7.520325148547634 2.2
      vertex -48.21241050359831 7.381727015881694 2.2
    endloop
  endfacet
  facet normal -0.9039892931234337 0.42755509343030246 0
    outer loop
      vertex -48.09988189652253 7.653395105238996 4.7
      vertex -48.09988189652253 7.653395105238996 2.2
      vertex -48.162819298766934 7.520325148547634 2.2
    endloop
  endfacet
  facet normal -0.8577286100002789 0.5141027441932103 0
    outer loop
      vertex -48.02420441845382 7.779655349529403 4.7
      vertex -48.02420441845382 7.779655349529403 2.2
      vertex -48.09988189652253 7.653395105238996 2.2
    endloop
  endfacet
  facet normal -0.8032075314806528 0.5956993044924226 0
    outer loop
      vertex -47.93651568004411 7.897889926245468 4.7
      vertex -47.93651568004411 7.897889926245468 2.2
      vertex -48.02420441845382 7.779655349529403 2.2
    endloop
  endfacet
  facet normal -0.7409511253549546 0.6715589548470233 0
    outer loop
      vertex -47.837660171779824 8.006960171779822 4.7
      vertex -47.837660171779824 8.006960171779822 2.2
      vertex -47.93651568004411 7.897889926245468 2.2
    endloop
  endfacet
  facet normal 0.9700312531945441 -0.24298017990326343 0
    outer loop
      vertex -45.34158949640169 6.510872984118306 4.7
      vertex -45.34158949640169 6.510872984118306 2.2
      vertex -45.305822079395156 6.653664516975807 2.2
    endloop
  endfacet
  facet normal 0.9891765099647793 -0.14673047445537296 0
    outer loop
      vertex -45.305822079395156 6.653664516975807 4.7
      vertex -45.305822079395156 6.653664516975807 2.2
      vertex -45.284222909991705 6.799274289505659 2.2
    endloop
  endfacet
  facet normal 0.9987954562051726 -0.04906767432741232 0
    outer loop
      vertex -45.284222909991705 6.799274289505659 4.7
      vertex -45.284222909991705 6.799274289505659 2.2
      vertex -45.277 6.9463 2.2
    endloop
  endfacet
  facet normal 0.9987954562051726 0.04906767432741232 0
    outer loop
      vertex -45.277 6.9463 4.7
      vertex -45.277 6.9463 2.2
      vertex -45.284222909991705 7.093325710494341 2.2
    endloop
  endfacet
  facet normal 0.9891765099647793 0.14673047445537296 0
    outer loop
      vertex -45.284222909991705 7.093325710494341 4.7
      vertex -45.284222909991705 7.093325710494341 2.2
      vertex -45.305822079395156 7.238935483024193 2.2
    endloop
  endfacet
  facet normal 0.9700312531945441 0.24298017990326343 0
    outer loop
      vertex -45.305822079395156 7.238935483024193 4.7
      vertex -45.305822079395156 7.238935483024193 2.2
      vertex -45.34158949640169 7.381727015881694 2.2
    endloop
  endfacet
  facet normal 0.9415440651830275 0.3368898533922012 0
    outer loop
      vertex -45.34158949640169 7.381727015881694 4.7
      vertex -45.34158949640169 7.381727015881694 2.2
      vertex -45.39118070123307 7.520325148547634 2.2
    endloop
  endfacet
  facet normal 0.9039892931234337 0.42755509343030246 0
    outer loop
      vertex -45.39118070123307 7.520325148547634 4.7
      vertex -45.39118070123307 7.520325148547634 2.2
      vertex -45.45411810347747 7.653395105238996 2.2
    endloop
  endfacet
  facet normal 0.8577286100002789 0.5141027441932103 0
    outer loop
      vertex -45.45411810347747 7.653395105238996 4.7
      vertex -45.45411810347747 7.653395105238996 2.2
      vertex -45.52979558154618 7.779655349529403 2.2
    endloop
  endfacet
  facet normal 0.8032075314806528 0.5956993044924226 0
    outer loop
      vertex -45.52979558154618 7.779655349529403 4.7
      vertex -45.52979558154618 7.779655349529403 2.2
      vertex -45.61748431995589 7.897889926245468 2.2
    endloop
  endfacet
  facet normal 0.6715589548470138 0.7409511253549632 0
    outer loop
      vertex -45.71633982822018 8.006960171779822 4.7
      vertex -45.71633982822018 8.006960171779822 2.2
      vertex -45.82541007375453 8.105815680044106 2.2
    endloop
  endfacet
  facet normal 0.7409511253549546 0.6715589548470233 0
    outer loop
      vertex -45.61748431995589 7.897889926245468 4.7
      vertex -45.61748431995589 7.897889926245468 2.2
      vertex -45.71633982822018 8.006960171779822 2.2
    endloop
  endfacet
  facet normal -0.6715589548470138 0.7409511253549632 0
    outer loop
      vertex -47.72858992624547 8.105815680044106 4.7
      vertex -47.72858992624547 8.105815680044106 2.2
      vertex -47.837660171779824 8.006960171779822 2.2
    endloop
  endfacet
  facet normal -0.595699304492439 0.8032075314806407 0
    outer loop
      vertex -47.61035534952941 8.193504418453818 4.7
      vertex -47.61035534952941 8.193504418453818 2.2
      vertex -47.72858992624547 8.105815680044106 2.2
    endloop
  endfacet
  facet normal -0.5141027441932192 0.8577286100002736 0
    outer loop
      vertex -47.484095105239 8.269181896522532 4.7
      vertex -47.484095105239 8.269181896522532 2.2
      vertex -47.61035534952941 8.193504418453818 2.2
    endloop
  endfacet
  facet normal -0.4275550934302734 0.9039892931234474 0
    outer loop
      vertex -47.351025148547635 8.33211929876693 4.7
      vertex -47.351025148547635 8.33211929876693 2.2
      vertex -47.484095105239 8.269181896522532 2.2
    endloop
  endfacet
  facet normal -0.3368898533922226 0.9415440651830198 0
    outer loop
      vertex -47.212427015881694 8.381710503598313 4.7
      vertex -47.212427015881694 8.381710503598313 2.2
      vertex -47.351025148547635 8.33211929876693 2.2
    endloop
  endfacet
  facet normal -0.24298017990326343 0.9700312531945441 0
    outer loop
      vertex -47.06963548302419 8.417477920604846 4.7
      vertex -47.06963548302419 8.417477920604846 2.2
      vertex -47.212427015881694 8.381710503598313 2.2
    endloop
  endfacet
  facet normal -0.14673047445536114 0.989176509964781 0
    outer loop
      vertex -46.92402571049434 8.439077090008295 4.7
      vertex -46.92402571049434 8.439077090008295 2.2
      vertex -47.06963548302419 8.417477920604846 2.2
    endloop
  endfacet
  facet normal -0.049067674327424655 0.998795456205172 0
    outer loop
      vertex -46.777 8.4463 4.7
      vertex -46.777 8.4463 2.2
      vertex -46.92402571049434 8.439077090008295 2.2
    endloop
  endfacet
  facet normal 0.049067674327424655 0.998795456205172 0
    outer loop
      vertex -46.62997428950566 8.439077090008295 4.7
      vertex -46.62997428950566 8.439077090008295 2.2
      vertex -46.777 8.4463 2.2
    endloop
  endfacet
  facet normal 0.14673047445536114 0.989176509964781 0
    outer loop
      vertex -46.48436451697581 8.417477920604846 4.7
      vertex -46.48436451697581 8.417477920604846 2.2
      vertex -46.62997428950566 8.439077090008295 2.2
    endloop
  endfacet
  facet normal 0.5141027441932192 0.8577286100002736 0
    outer loop
      vertex -45.943644650470596 8.193504418453818 4.7
      vertex -45.943644650470596 8.193504418453818 2.2
      vertex -46.069904894761 8.269181896522532 2.2
    endloop
  endfacet
  facet normal 0.3368898533922226 0.9415440651830198 0
    outer loop
      vertex -46.20297485145237 8.33211929876693 4.7
      vertex -46.20297485145237 8.33211929876693 2.2
      vertex -46.34157298411831 8.381710503598313 2.2
    endloop
  endfacet
  facet normal 0.24298017990326343 0.9700312531945441 0
    outer loop
      vertex -46.34157298411831 8.381710503598313 4.7
      vertex -46.34157298411831 8.381710503598313 2.2
      vertex -46.48436451697581 8.417477920604846 2.2
    endloop
  endfacet
  facet normal 0.4275550934302734 0.9039892931234474 0
    outer loop
      vertex -46.069904894761 8.269181896522532 4.7
      vertex -46.069904894761 8.269181896522532 2.2
      vertex -46.20297485145237 8.33211929876693 2.2
    endloop
  endfacet
  facet normal 0.595699304492439 0.8032075314806407 0
    outer loop
      vertex -45.82541007375453 8.105815680044106 4.7
      vertex -45.82541007375453 8.105815680044106 2.2
      vertex -45.943644650470596 8.193504418453818 2.2
    endloop
  endfacet
  facet normal -0.4275550934302734 -0.9039892931234474 -3.6792239005439733e-19
    outer loop
      vertex -47.484095105239 5.6234181034774675 4.7
      vertex -47.351025148547635 5.56048070123307 2.2
      vertex -47.351025148547635 5.56048070123307 4.7
    endloop
  endfacet
  facet normal -0.3368898533922226 -0.9415440651830198 0
    outer loop
      vertex -47.212427015881694 5.510889496401687 4.7
      vertex -47.351025148547635 5.56048070123307 4.7
      vertex -47.212427015881694 5.510889496401687 2.2
    endloop
  endfacet
  facet normal -0.24298017990326343 -0.9700312531945441 5.904920773670925e-20
    outer loop
      vertex -47.212427015881694 5.510889496401687 4.7
      vertex -47.06963548302419 5.475122079395154 2.2
      vertex -47.06963548302419 5.475122079395154 4.7
    endloop
  endfacet
  facet normal -0.14673047445536114 -0.989176509964781 -4.085976237418725e-19
    outer loop
      vertex -47.06963548302419 5.475122079395154 4.7
      vertex -46.92402571049434 5.453522909991705 2.2
      vertex -46.92402571049434 5.453522909991705 4.7
    endloop
  endfacet
  facet normal -0.7409511253549546 -0.6715589548470233 0
    outer loop
      vertex -47.837660171779824 5.885639828220178 4.7
      vertex -47.93651568004411 5.994710073754532 4.7
      vertex -47.837660171779824 5.885639828220178 2.2
    endloop
  endfacet
  facet normal -0.8032075314806528 -0.5956993044924226 -2.352541520753029e-18
    outer loop
      vertex -48.02420441845382 6.112944650470597 4.7
      vertex -47.93651568004411 5.994710073754532 2.2
      vertex -47.93651568004411 5.994710073754532 4.7
    endloop
  endfacet
  facet normal -0.8577286100002789 -0.5141027441932103 0
    outer loop
      vertex -48.02420441845382 6.112944650470597 4.7
      vertex -48.09988189652253 6.239204894761004 4.7
      vertex -48.02420441845382 6.112944650470597 2.2
    endloop
  endfacet
  facet normal -0.9039892931234337 -0.42755509343030246 0
    outer loop
      vertex -48.09988189652253 6.239204894761004 4.7
      vertex -48.162819298766934 6.3722748514523655 4.7
      vertex -48.09988189652253 6.239204894761004 2.2
    endloop
  endfacet
  facet normal -0.9415440651830275 -0.3368898533922012 0
    outer loop
      vertex -48.162819298766934 6.3722748514523655 4.7
      vertex -48.21241050359831 6.510872984118306 4.7
      vertex -48.162819298766934 6.3722748514523655 2.2
    endloop
  endfacet
  facet normal -0.5956993044924429 -0.8032075314806377 0
    outer loop
      vertex -47.61035534952941 5.699095581546182 4.7
      vertex -47.72858992624547 5.786784319955895 4.7
      vertex -47.61035534952941 5.699095581546182 2.2
    endloop
  endfacet
  facet normal -0.6715589548470104 -0.7409511253549662 3.3815482078217627e-19
    outer loop
      vertex -47.837660171779824 5.885639828220178 4.7
      vertex -47.72858992624547 5.786784319955895 2.2
      vertex -47.72858992624547 5.786784319955895 4.7
    endloop
  endfacet
  facet normal -0.5141027441932192 -0.8577286100002736 -1.786813921136065e-18
    outer loop
      vertex -47.61035534952941 5.699095581546182 4.7
      vertex -47.484095105239 5.6234181034774675 2.2
      vertex -47.484095105239 5.6234181034774675 4.7
    endloop
  endfacet
  facet normal -0.04906767432741864 -0.9987954562051723 -7.997958120116567e-20
    outer loop
      vertex -46.92402571049434 5.453522909991705 4.7
      vertex -46.777 5.4463 2.2
      vertex -46.777 5.4463 4.7
    endloop
  endfacet
  facet normal 0.04906767432741864 -0.9987954562051723 7.997958120116567e-20
    outer loop
      vertex -46.777 5.4463 4.7
      vertex -46.62997428950566 5.453522909991705 2.2
      vertex -46.62997428950566 5.453522909991705 4.7
    endloop
  endfacet
  facet normal 0.14673047445536114 -0.989176509964781 4.085976237418725e-19
    outer loop
      vertex -46.62997428950566 5.453522909991705 4.7
      vertex -46.48436451697581 5.475122079395154 2.2
      vertex -46.48436451697581 5.475122079395154 4.7
    endloop
  endfacet
  facet normal 0.24298017990326343 -0.9700312531945441 -5.904920773670925e-20
    outer loop
      vertex -46.48436451697581 5.475122079395154 4.7
      vertex -46.34157298411831 5.510889496401687 2.2
      vertex -46.34157298411831 5.510889496401687 4.7
    endloop
  endfacet
  facet normal 0.3368898533922226 -0.9415440651830198 8.806317594405358e-19
    outer loop
      vertex -46.34157298411831 5.510889496401687 4.7
      vertex -46.20297485145237 5.56048070123307 2.2
      vertex -46.20297485145237 5.56048070123307 4.7
    endloop
  endfacet
  facet normal 0.4275550934302734 -0.9039892931234474 3.6792239005439733e-19
    outer loop
      vertex -46.20297485145237 5.56048070123307 4.7
      vertex -46.069904894761 5.6234181034774675 2.2
      vertex -46.069904894761 5.6234181034774675 4.7
    endloop
  endfacet
  facet normal 0.5141027441932192 -0.8577286100002736 1.786813921136065e-18
    outer loop
      vertex -46.069904894761 5.6234181034774675 4.7
      vertex -45.943644650470596 5.699095581546182 2.2
      vertex -45.943644650470596 5.699095581546182 4.7
    endloop
  endfacet
  facet normal 0.5956993044924429 -0.8032075314806377 1.9679293518244717e-18
    outer loop
      vertex -45.943644650470596 5.699095581546182 4.7
      vertex -45.82541007375453 5.786784319955895 2.2
      vertex -45.82541007375453 5.786784319955895 4.7
    endloop
  endfacet
  facet normal 0.6715589548470104 -0.7409511253549662 -3.3815482078217627e-19
    outer loop
      vertex -45.82541007375453 5.786784319955895 4.7
      vertex -45.71633982822018 5.885639828220178 2.2
      vertex -45.71633982822018 5.885639828220178 4.7
    endloop
  endfacet
  facet normal 0.7409511253549546 -0.6715589548470233 -7.252687541875426e-19
    outer loop
      vertex -45.71633982822018 5.885639828220178 4.7
      vertex -45.61748431995589 5.994710073754532 2.2
      vertex -45.61748431995589 5.994710073754532 4.7
    endloop
  endfacet
  facet normal 0.8032075314806528 -0.5956993044924226 2.352541520753029e-18
    outer loop
      vertex -45.61748431995589 5.994710073754532 4.7
      vertex -45.52979558154618 6.112944650470597 2.2
      vertex -45.52979558154618 6.112944650470597 4.7
    endloop
  endfacet
  facet normal 0.8577286100002789 -0.5141027441932103 4.1749397540850306e-19
    outer loop
      vertex -45.52979558154618 6.112944650470597 4.7
      vertex -45.45411810347747 6.239204894761004 2.2
      vertex -45.45411810347747 6.239204894761004 4.7
    endloop
  endfacet
  facet normal 0.9039892931234337 -0.42755509343030246 -1.3692566834689876e-18
    outer loop
      vertex -45.45411810347747 6.239204894761004 4.7
      vertex -45.39118070123307 6.3722748514523655 2.2
      vertex -45.39118070123307 6.3722748514523655 4.7
    endloop
  endfacet
  facet normal -0.9700312531945441 -0.24298017990326343 0
    outer loop
      vertex -48.21241050359831 6.510872984118306 4.7
      vertex -48.248177920604846 6.653664516975807 4.7
      vertex -48.21241050359831 6.510872984118306 2.2
    endloop
  endfacet
  facet normal -0.9891765099647793 -0.14673047445537296 0
    outer loop
      vertex -48.248177920604846 6.653664516975807 4.7
      vertex -48.2697770900083 6.799274289505659 4.7
      vertex -48.248177920604846 6.653664516975807 2.2
    endloop
  endfacet
  facet normal -0.9987954562051726 -0.04906767432741232 0
    outer loop
      vertex -48.2697770900083 6.799274289505659 4.7
      vertex -48.277 6.9463 4.7
      vertex -48.2697770900083 6.799274289505659 2.2
    endloop
  endfacet
  facet normal -0.9987954562051726 0.04906767432741232 0
    outer loop
      vertex -48.277 6.9463 4.7
      vertex -48.2697770900083 7.093325710494341 4.7
      vertex -48.277 6.9463 2.2
    endloop
  endfacet
  facet normal -0.9891765099647793 0.14673047445537296 0
    outer loop
      vertex -48.2697770900083 7.093325710494341 4.7
      vertex -48.248177920604846 7.238935483024193 4.7
      vertex -48.2697770900083 7.093325710494341 2.2
    endloop
  endfacet
  facet normal -0.9700312531945441 0.24298017990326343 0
    outer loop
      vertex -48.248177920604846 7.238935483024193 4.7
      vertex -48.21241050359831 7.381727015881694 4.7
      vertex -48.248177920604846 7.238935483024193 2.2
    endloop
  endfacet
  facet normal -0.9415440651830275 0.3368898533922012 0
    outer loop
      vertex -48.21241050359831 7.381727015881694 4.7
      vertex -48.162819298766934 7.520325148547634 4.7
      vertex -48.21241050359831 7.381727015881694 2.2
    endloop
  endfacet
  facet normal -0.9039892931234337 0.42755509343030246 0
    outer loop
      vertex -48.162819298766934 7.520325148547634 4.7
      vertex -48.09988189652253 7.653395105238996 4.7
      vertex -48.162819298766934 7.520325148547634 2.2
    endloop
  endfacet
  facet normal -0.8577286100002789 0.5141027441932103 0
    outer loop
      vertex -48.09988189652253 7.653395105238996 4.7
      vertex -48.02420441845382 7.779655349529403 4.7
      vertex -48.09988189652253 7.653395105238996 2.2
    endloop
  endfacet
  facet normal -0.8032075314806528 0.5956993044924226 0
    outer loop
      vertex -48.02420441845382 7.779655349529403 4.7
      vertex -47.93651568004411 7.897889926245468 4.7
      vertex -48.02420441845382 7.779655349529403 2.2
    endloop
  endfacet
  facet normal -0.7409511253549546 0.6715589548470233 0
    outer loop
      vertex -47.93651568004411 7.897889926245468 4.7
      vertex -47.837660171779824 8.006960171779822 4.7
      vertex -47.93651568004411 7.897889926245468 2.2
    endloop
  endfacet
  facet normal -0.6715589548470138 0.7409511253549632 0
    outer loop
      vertex -47.837660171779824 8.006960171779822 4.7
      vertex -47.72858992624547 8.105815680044106 4.7
      vertex -47.837660171779824 8.006960171779822 2.2
    endloop
  endfacet
  facet normal 0.9415440651830275 -0.3368898533922012 -7.643788573356297e-19
    outer loop
      vertex -45.39118070123307 6.3722748514523655 4.7
      vertex -45.34158949640169 6.510872984118306 2.2
      vertex -45.34158949640169 6.510872984118306 4.7
    endloop
  endfacet
  facet normal 0.9700312531945441 -0.24298017990326343 -5.904920773670925e-20
    outer loop
      vertex -45.34158949640169 6.510872984118306 4.7
      vertex -45.305822079395156 6.653664516975807 2.2
      vertex -45.305822079395156 6.653664516975807 4.7
    endloop
  endfacet
  facet normal 0.9891765099647793 -0.14673047445537296 -2.7770206631722197e-19
    outer loop
      vertex -45.305822079395156 6.653664516975807 4.7
      vertex -45.284222909991705 6.799274289505659 2.2
      vertex -45.284222909991705 6.799274289505659 4.7
    endloop
  endfacet
  facet normal 0.9987954562051726 -0.04906767432741232 -2.9257224542288156e-19
    outer loop
      vertex -45.284222909991705 6.799274289505659 4.7
      vertex -45.277 6.9463 2.2
      vertex -45.277 6.9463 4.7
    endloop
  endfacet
  facet normal 0.9987954562051726 0.04906767432741232 2.9257224542288156e-19
    outer loop
      vertex -45.277 6.9463 4.7
      vertex -45.284222909991705 7.093325710494341 2.2
      vertex -45.284222909991705 7.093325710494341 4.7
    endloop
  endfacet
  facet normal 0.9891765099647793 0.14673047445537296 2.7770206631722197e-19
    outer loop
      vertex -45.284222909991705 7.093325710494341 4.7
      vertex -45.305822079395156 7.238935483024193 2.2
      vertex -45.305822079395156 7.238935483024193 4.7
    endloop
  endfacet
  facet normal 0.9700312531945441 0.24298017990326343 5.904920773670925e-20
    outer loop
      vertex -45.305822079395156 7.238935483024193 4.7
      vertex -45.34158949640169 7.381727015881694 2.2
      vertex -45.34158949640169 7.381727015881694 4.7
    endloop
  endfacet
  facet normal 0.9415440651830275 0.3368898533922012 7.643788573356297e-19
    outer loop
      vertex -45.34158949640169 7.381727015881694 4.7
      vertex -45.39118070123307 7.520325148547634 2.2
      vertex -45.39118070123307 7.520325148547634 4.7
    endloop
  endfacet
  facet normal 0.9039892931234337 0.42755509343030246 1.3692566834689876e-18
    outer loop
      vertex -45.39118070123307 7.520325148547634 4.7
      vertex -45.45411810347747 7.653395105238996 2.2
      vertex -45.45411810347747 7.653395105238996 4.7
    endloop
  endfacet
  facet normal 0.8577286100002789 0.5141027441932103 0
    outer loop
      vertex -45.52979558154618 7.779655349529403 4.7
      vertex -45.45411810347747 7.653395105238996 4.7
      vertex -45.52979558154618 7.779655349529403 2.2
    endloop
  endfacet
  facet normal 0.8032075314806528 0.5956993044924226 -2.352541520753029e-18
    outer loop
      vertex -45.52979558154618 7.779655349529403 4.7
      vertex -45.61748431995589 7.897889926245468 2.2
      vertex -45.61748431995589 7.897889926245468 4.7
    endloop
  endfacet
  facet normal 0.7409511253549546 0.6715589548470233 0
    outer loop
      vertex -45.71633982822018 8.006960171779822 4.7
      vertex -45.61748431995589 7.897889926245468 4.7
      vertex -45.71633982822018 8.006960171779822 2.2
    endloop
  endfacet
  facet normal -0.595699304492439 0.8032075314806407 0
    outer loop
      vertex -47.72858992624547 8.105815680044106 4.7
      vertex -47.61035534952941 8.193504418453818 4.7
      vertex -47.72858992624547 8.105815680044106 2.2
    endloop
  endfacet
  facet normal -0.5141027441932192 0.8577286100002736 0
    outer loop
      vertex -47.61035534952941 8.193504418453818 4.7
      vertex -47.484095105239 8.269181896522532 4.7
      vertex -47.61035534952941 8.193504418453818 2.2
    endloop
  endfacet
  facet normal -0.4275550934302734 0.9039892931234474 0
    outer loop
      vertex -47.484095105239 8.269181896522532 4.7
      vertex -47.351025148547635 8.33211929876693 4.7
      vertex -47.484095105239 8.269181896522532 2.2
    endloop
  endfacet
  facet normal -0.3368898533922226 0.9415440651830198 0
    outer loop
      vertex -47.351025148547635 8.33211929876693 4.7
      vertex -47.212427015881694 8.381710503598313 4.7
      vertex -47.351025148547635 8.33211929876693 2.2
    endloop
  endfacet
  facet normal -0.24298017990326343 0.9700312531945441 0
    outer loop
      vertex -47.212427015881694 8.381710503598313 4.7
      vertex -47.06963548302419 8.417477920604846 4.7
      vertex -47.212427015881694 8.381710503598313 2.2
    endloop
  endfacet
  facet normal -0.14673047445536114 0.989176509964781 0
    outer loop
      vertex -47.06963548302419 8.417477920604846 4.7
      vertex -46.92402571049434 8.439077090008295 4.7
      vertex -47.06963548302419 8.417477920604846 2.2
    endloop
  endfacet
  facet normal -0.049067674327424655 0.998795456205172 0
    outer loop
      vertex -46.92402571049434 8.439077090008295 4.7
      vertex -46.777 8.4463 4.7
      vertex -46.92402571049434 8.439077090008295 2.2
    endloop
  endfacet
  facet normal 0.049067674327424655 0.998795456205172 0
    outer loop
      vertex -46.777 8.4463 4.7
      vertex -46.62997428950566 8.439077090008295 4.7
      vertex -46.777 8.4463 2.2
    endloop
  endfacet
  facet normal 0.14673047445536114 0.989176509964781 0
    outer loop
      vertex -46.62997428950566 8.439077090008295 4.7
      vertex -46.48436451697581 8.417477920604846 4.7
      vertex -46.62997428950566 8.439077090008295 2.2
    endloop
  endfacet
  facet normal 0.24298017990326343 0.9700312531945441 0
    outer loop
      vertex -46.48436451697581 8.417477920604846 4.7
      vertex -46.34157298411831 8.381710503598313 4.7
      vertex -46.48436451697581 8.417477920604846 2.2
    endloop
  endfacet
  facet normal 0.5141027441932192 0.8577286100002736 -1.786813921136065e-18
    outer loop
      vertex -45.943644650470596 8.193504418453818 4.7
      vertex -46.069904894761 8.269181896522532 2.2
      vertex -46.069904894761 8.269181896522532 4.7
    endloop
  endfacet
  facet normal 0.3368898533922226 0.9415440651830198 0
    outer loop
      vertex -46.34157298411831 8.381710503598313 4.7
      vertex -46.20297485145237 8.33211929876693 4.7
      vertex -46.34157298411831 8.381710503598313 2.2
    endloop
  endfacet
  facet normal 0.4275550934302734 0.9039892931234474 0
    outer loop
      vertex -46.20297485145237 8.33211929876693 4.7
      vertex -46.069904894761 8.269181896522532 4.7
      vertex -46.20297485145237 8.33211929876693 2.2
    endloop
  endfacet
  facet normal 0.6715589548470138 0.7409511253549632 1.0736732475364759e-18
    outer loop
      vertex -45.71633982822018 8.006960171779822 4.7
      vertex -45.82541007375453 8.105815680044106 2.2
      vertex -45.82541007375453 8.105815680044106 4.7
    endloop
  endfacet
  facet normal 0.595699304492439 0.8032075314806407 0
    outer loop
      vertex -45.943644650470596 8.193504418453818 4.7
      vertex -45.82541007375453 8.105815680044106 4.7
      vertex -45.943644650470596 8.193504418453818 2.2
    endloop
  endfacet
  facet normal -0.7135942000907862 -0.7005592891374656 0
    outer loop
      vertex 55.27909968740793 7.110935400597638 4.2
      vertex 55.27909968740793 7.110935400597638 2.2
      vertex 55.347849319442325 7.040906582996028 2.2
    endloop
  endfacet
  facet normal -0.8365550676724547 -0.5478828513026618 0
    outer loop
      vertex 55.163778460326306 7.269461279839564 4.2
      vertex 55.163778460326306 7.269461279839564 2.2
      vertex 55.21754513428965 7.187365657629476 2.2
    endloop
  endfacet
  facet normal -0.7788249180451106 -0.6272413786031872 0
    outer loop
      vertex 55.21754513428965 7.187365657629476 4.2
      vertex 55.21754513428965 7.187365657629476 2.2
      vertex 55.27909968740793 7.110935400597638 2.2
    endloop
  endfacet
  facet normal -0.2990925554938086 -0.9542241053589995 0
    outer loop
      vertex 55.680655313514606 6.837237480224928 4.2
      vertex 55.680655313514606 6.837237480224928 2.2
      vertex 55.77429842773255 6.807885928342567 2.2
    endloop
  endfacet
  facet normal -0.20412204672314857 -0.9789454479395432 0
    outer loop
      vertex 55.77429842773255 6.807885928342567 4.2
      vertex 55.77429842773255 6.807885928342567 2.2
      vertex 55.87036758137259 6.787854339954022 2.2
    endloop
  endfacet
  facet normal -0.10718570440491984 -0.994239017928396 0
    outer loop
      vertex 55.87036758137259 6.787854339954022 4.2
      vertex 55.87036758137259 6.787854339954022 2.2
      vertex 55.967937574913776 6.7773356333875805 2.2
    endloop
  endfacet
  facet normal -0.4795055213877609 -0.8775388623637426 0
    outer loop
      vertex 55.50422248850554 6.922682771570283 4.2
      vertex 55.50422248850554 6.922682771570283 2.2
      vertex 55.590340071339305 6.875626329709545 2.2
    endloop
  endfacet
  facet normal -0.64149123326268 -0.767130365483681 0
    outer loop
      vertex 55.347849319442325 7.040906582996028 4.2
      vertex 55.347849319442325 7.040906582996028 2.2
      vertex 55.423131924382915 6.977953617946708 2.2
    endloop
  endfacet
  facet normal -0.5632103913119763 -0.8263135331810865 0
    outer loop
      vertex 55.423131924382915 6.977953617946708 4.2
      vertex 55.423131924382915 6.977953617946708 2.2
      vertex 55.50422248850554 6.922682771570283 2.2
    endloop
  endfacet
  facet normal -0.39118268651107274 -0.9203130477038668 0
    outer loop
      vertex 55.590340071339305 6.875626329709545 4.2
      vertex 55.590340071339305 6.875626329709545 2.2
      vertex 55.680655313514606 6.837237480224928 2.2
    endloop
  endfacet
  facet normal -0.8862287151830388 -0.4632479513014819 0
    outer loop
      vertex 55.11831746254369 7.356431641052459 4.2
      vertex 55.11831746254369 7.356431641052459 2.2
      vertex 55.163778460326306 7.269461279839564 2.2
    endloop
  endfacet
  facet normal -0.9273675076701348 -0.37415171483995974 0
    outer loop
      vertex 55.08159995329478 7.447439175401426 4.2
      vertex 55.08159995329478 7.447439175401426 2.2
      vertex 55.11831746254369 7.356431641052459 2.2
    endloop
  endfacet
  facet normal -0.9595752714602733 -0.281452124529098 0
    outer loop
      vertex 55.053979550812144 7.541607429609698 4.2
      vertex 55.053979550812144 7.541607429609698 2.2
      vertex 55.08159995329478 7.447439175401426 2.2
    endloop
  endfacet
  facet normal -0.9825417917665022 -0.186042004483588 0
    outer loop
      vertex 55.03572225404365 7.638029509824994 4.2
      vertex 55.03572225404365 7.638029509824994 2.2
      vertex 55.053979550812144 7.541607429609698 2.2
    endloop
  endfacet
  facet normal -0.99604588777677 -0.0888402467521687 0
    outer loop
      vertex 55.02700388538213 7.735776821104451 4.2
      vertex 55.02700388538213 7.735776821104451 2.2
      vertex 55.03572225404365 7.638029509824994 2.2
    endloop
  endfacet
  facet normal -0.9999575214616878 0.009217118432479625 0
    outer loop
      vertex 55.027908410521164 7.8339080019886715 4.2
      vertex 55.027908410521164 7.8339080019886715 2.2
      vertex 55.02700388538213 7.735776821104451 2.2
    endloop
  endfacet
  facet normal -0.05827160210423797 -0.9983007664968537 0
    outer loop
      vertex 55.967937574913776 6.7773356333875805 4.2
      vertex 55.967937574913776 6.7773356333875805 2.2
      vertex 56.96623834141063 6.7190640312833425 2.2
    endloop
  endfacet
  facet normal -0.009217118432488423 -0.9999575214616876 0
    outer loop
      vertex 56.96623834141063 6.7190640312833425 4.2
      vertex 56.96623834141063 6.7190640312833425 2.2
      vertex 57.064369522294854 6.718159506144307 2.2
    endloop
  endfacet
  facet normal 0.08884024675216053 -0.9960458877767706 0
    outer loop
      vertex 57.064369522294854 6.718159506144307 4.2
      vertex 57.064369522294854 6.718159506144307 2.2
      vertex 57.16211683357431 6.726877874805825 2.2
    endloop
  endfacet
  facet normal 0.1860420044836284 -0.9825417917664946 0
    outer loop
      vertex 57.16211683357431 6.726877874805825 4.2
      vertex 57.16211683357431 6.726877874805825 2.2
      vertex 57.25853891378961 6.745135171574326 2.2
    endloop
  endfacet
  facet normal 0.28145212452908625 -0.9595752714602768 0
    outer loop
      vertex 57.25853891378961 6.745135171574326 4.2
      vertex 57.25853891378961 6.745135171574326 2.2
      vertex 57.35270716799788 6.772755574056957 2.2
    endloop
  endfacet
  facet normal 0.3741517148399877 -0.9273675076701234 0
    outer loop
      vertex 57.35270716799788 6.772755574056957 4.2
      vertex 57.35270716799788 6.772755574056957 2.2
      vertex 57.443714702346846 6.8094730833058765 2.2
    endloop
  endfacet
  facet normal 0.4632479513014967 -0.8862287151830311 0
    outer loop
      vertex 57.443714702346846 6.8094730833058765 4.2
      vertex 57.443714702346846 6.8094730833058765 2.2
      vertex 57.53068506355974 6.854934081088489 2.2
    endloop
  endfacet
  facet normal 0.5478828513026304 -0.8365550676724753 0
    outer loop
      vertex 57.53068506355974 6.854934081088489 4.2
      vertex 57.53068506355974 6.854934081088489 2.2
      vertex 57.61278068576983 6.908700755051831 2.2
    endloop
  endfacet
  facet normal 0.6272413786032036 -0.7788249180450972 0
    outer loop
      vertex 57.61278068576983 6.908700755051831 4.2
      vertex 57.61278068576983 6.908700755051831 2.2
      vertex 57.689210942801665 6.9702553081701115 2.2
    endloop
  endfacet
  facet normal 0.700559289137447 -0.7135942000908043 0
    outer loop
      vertex 57.689210942801665 6.9702553081701115 4.2
      vertex 57.689210942801665 6.9702553081701115 2.2
      vertex 57.759239760403275 7.039004940204505 2.2
    endloop
  endfacet
  facet normal 0.767130365483681 -0.64149123326268 0
    outer loop
      vertex 57.759239760403275 7.039004940204505 4.2
      vertex 57.759239760403275 7.039004940204505 2.2
      vertex 57.822192725452595 7.114287545145094 2.2
    endloop
  endfacet
  facet normal 0.8263135331810978 -0.5632103913119597 0
    outer loop
      vertex 57.822192725452595 7.114287545145094 4.2
      vertex 57.822192725452595 7.114287545145094 2.2
      vertex 57.87746357182902 7.195378109267721 2.2
    endloop
  endfacet
  facet normal 0.8775388623637326 -0.47950552138777935 0
    outer loop
      vertex 57.87746357182902 7.195378109267721 4.2
      vertex 57.87746357182902 7.195378109267721 2.2
      vertex 57.92452001368976 7.281495692101483 2.2
    endloop
  endfacet
  facet normal 0.9203130477038611 -0.39118268651108595 0
    outer loop
      vertex 57.92452001368976 7.281495692101483 4.2
      vertex 57.92452001368976 7.281495692101483 2.2
      vertex 57.96290886317438 7.371810934276787 2.2
    endloop
  endfacet
  facet normal 0.9542241053590107 -0.2990925554937725 0
    outer loop
      vertex 57.96290886317438 7.371810934276787 4.2
      vertex 57.96290886317438 7.371810934276787 2.2
      vertex 57.992260415056734 7.465454048494732 2.2
    endloop
  endfacet
  facet normal 0.9789454479395373 -0.20412204672317638 0
    outer loop
      vertex 57.992260415056734 7.465454048494732 4.2
      vertex 57.992260415056734 7.465454048494732 2.2
      vertex 58.01229200344528 7.561523202134769 2.2
    endloop
  endfacet
  facet normal 0.9942390179283935 -0.10718570440494185 0
    outer loop
      vertex 58.01229200344528 7.561523202134769 4.2
      vertex 58.01229200344528 7.561523202134769 2.2
      vertex 58.022810710011726 7.6590931956759585 2.2
    endloop
  endfacet
  facet normal 0.9983007664968535 -0.05827160210423716 0
    outer loop
      vertex 58.022810710011726 7.6590931956759585 4.2
      vertex 58.022810710011726 7.6590931956759585 2.2
      vertex 58.78034153736681 20.637003160135055 2.2
    endloop
  endfacet
  facet normal -0.7788249180451106 -0.6272413786031872 0
    outer loop
      vertex 55.27909968740793 7.110935400597638 4.2
      vertex 55.21754513428965 7.187365657629476 4.2
      vertex 55.27909968740793 7.110935400597638 2.2
    endloop
  endfacet
  facet normal -0.8365550676724547 -0.5478828513026618 0
    outer loop
      vertex 55.21754513428965 7.187365657629476 4.2
      vertex 55.163778460326306 7.269461279839564 4.2
      vertex 55.21754513428965 7.187365657629476 2.2
    endloop
  endfacet
  facet normal -0.39118268651107274 -0.9203130477038668 -7.935586593259286e-19
    outer loop
      vertex 55.590340071339305 6.875626329709545 4.2
      vertex 55.680655313514606 6.837237480224928 2.2
      vertex 55.680655313514606 6.837237480224928 4.2
    endloop
  endfacet
  facet normal -0.2990925554938086 -0.9542241053589995 -9.607825033745316e-19
    outer loop
      vertex 55.680655313514606 6.837237480224928 4.2
      vertex 55.77429842773255 6.807885928342567 2.2
      vertex 55.77429842773255 6.807885928342567 4.2
    endloop
  endfacet
  facet normal -0.20412204672314857 -0.9789454479395432 -3.2676113700630344e-19
    outer loop
      vertex 55.77429842773255 6.807885928342567 4.2
      vertex 55.87036758137259 6.787854339954022 2.2
      vertex 55.87036758137259 6.787854339954022 4.2
    endloop
  endfacet
  facet normal -0.10718570440491984 -0.994239017928396 -2.7013837823652326e-19
    outer loop
      vertex 55.87036758137259 6.787854339954022 4.2
      vertex 55.967937574913776 6.7773356333875805 2.2
      vertex 55.967937574913776 6.7773356333875805 4.2
    endloop
  endfacet
  facet normal -0.5632103913119763 -0.8263135331810865 0
    outer loop
      vertex 55.50422248850554 6.922682771570283 4.2
      vertex 55.423131924382915 6.977953617946708 4.2
      vertex 55.50422248850554 6.922682771570283 2.2
    endloop
  endfacet
  facet normal -0.64149123326268 -0.767130365483681 -1.2360503842031559e-18
    outer loop
      vertex 55.347849319442325 7.040906582996028 4.2
      vertex 55.423131924382915 6.977953617946708 2.2
      vertex 55.423131924382915 6.977953617946708 4.2
    endloop
  endfacet
  facet normal -0.4795055213877609 -0.8775388623637426 0
    outer loop
      vertex 55.590340071339305 6.875626329709545 4.2
      vertex 55.50422248850554 6.922682771570283 4.2
      vertex 55.590340071339305 6.875626329709545 2.2
    endloop
  endfacet
  facet normal -0.7135942000907862 -0.7005592891374656 0
    outer loop
      vertex 55.347849319442325 7.040906582996028 4.2
      vertex 55.27909968740793 7.110935400597638 4.2
      vertex 55.347849319442325 7.040906582996028 2.2
    endloop
  endfacet
  facet normal -0.8862287151830388 -0.4632479513014819 0
    outer loop
      vertex 55.163778460326306 7.269461279839564 4.2
      vertex 55.11831746254369 7.356431641052459 4.2
      vertex 55.163778460326306 7.269461279839564 2.2
    endloop
  endfacet
  facet normal -0.9273675076701348 -0.37415171483995974 0
    outer loop
      vertex 55.11831746254369 7.356431641052459 4.2
      vertex 55.08159995329478 7.447439175401426 4.2
      vertex 55.11831746254369 7.356431641052459 2.2
    endloop
  endfacet
  facet normal -0.9595752714602733 -0.281452124529098 0
    outer loop
      vertex 55.08159995329478 7.447439175401426 4.2
      vertex 55.053979550812144 7.541607429609698 4.2
      vertex 55.08159995329478 7.447439175401426 2.2
    endloop
  endfacet
  facet normal -0.9825417917665022 -0.186042004483588 0
    outer loop
      vertex 55.053979550812144 7.541607429609698 4.2
      vertex 55.03572225404365 7.638029509824994 4.2
      vertex 55.053979550812144 7.541607429609698 2.2
    endloop
  endfacet
  facet normal -0.99604588777677 -0.0888402467521687 0
    outer loop
      vertex 55.03572225404365 7.638029509824994 4.2
      vertex 55.02700388538213 7.735776821104451 4.2
      vertex 55.03572225404365 7.638029509824994 2.2
    endloop
  endfacet
  facet normal -0.9999575214616878 0.009217118432479625 0
    outer loop
      vertex 55.02700388538213 7.735776821104451 4.2
      vertex 55.027908410521164 7.8339080019886715 4.2
      vertex 55.02700388538213 7.735776821104451 2.2
    endloop
  endfacet
  facet normal -0.05827160210423797 -0.9983007664968537 -4.06952505003446e-19
    outer loop
      vertex 55.967937574913776 6.7773356333875805 4.2
      vertex 56.96623834141063 6.7190640312833425 2.2
      vertex 56.96623834141063 6.7190640312833425 4.2
    endloop
  endfacet
  facet normal -0.009217118432488423 -0.9999575214616876 1.7658426741677583e-20
    outer loop
      vertex 56.96623834141063 6.7190640312833425 4.2
      vertex 57.064369522294854 6.718159506144307 2.2
      vertex 57.064369522294854 6.718159506144307 4.2
    endloop
  endfacet
  facet normal 0.08884024675216053 -0.9960458877767706 1.4214605781732496e-19
    outer loop
      vertex 57.064369522294854 6.718159506144307 4.2
      vertex 57.16211683357431 6.726877874805825 2.2
      vertex 57.16211683357431 6.726877874805825 4.2
    endloop
  endfacet
  facet normal 0.1860420044836284 -0.9825417917664946 -5.18415014210437e-19
    outer loop
      vertex 57.16211683357431 6.726877874805825 4.2
      vertex 57.25853891378961 6.745135171574326 2.2
      vertex 57.25853891378961 6.745135171574326 4.2
    endloop
  endfacet
  facet normal 0.28145212452908625 -0.9595752714602768 -6.210161827214805e-19
    outer loop
      vertex 57.25853891378961 6.745135171574326 4.2
      vertex 57.35270716799788 6.772755574056957 2.2
      vertex 57.35270716799788 6.772755574056957 4.2
    endloop
  endfacet
  facet normal 0.3741517148399877 -0.9273675076701234 7.324332072888125e-19
    outer loop
      vertex 57.35270716799788 6.772755574056957 4.2
      vertex 57.443714702346846 6.8094730833058765 2.2
      vertex 57.443714702346846 6.8094730833058765 4.2
    endloop
  endfacet
  facet normal 0.4632479513014967 -0.8862287151830311 -8.438216273649248e-19
    outer loop
      vertex 57.443714702346846 6.8094730833058765 4.2
      vertex 57.53068506355974 6.854934081088489 2.2
      vertex 57.53068506355974 6.854934081088489 4.2
    endloop
  endfacet
  facet normal 0.5478828513026304 -0.8365550676724753 6.887242233535035e-19
    outer loop
      vertex 57.53068506355974 6.854934081088489 4.2
      vertex 57.61278068576983 6.908700755051831 2.2
      vertex 57.61278068576983 6.908700755051831 4.2
    endloop
  endfacet
  facet normal 0.6272413786032036 -0.7788249180450972 1.7143367414262795e-18
    outer loop
      vertex 57.61278068576983 6.908700755051831 4.2
      vertex 57.689210942801665 6.9702553081701115 2.2
      vertex 57.689210942801665 6.9702553081701115 4.2
    endloop
  endfacet
  facet normal 0.700559289137447 -0.7135942000908043 2.8056398108480538e-19
    outer loop
      vertex 57.689210942801665 6.9702553081701115 4.2
      vertex 57.759239760403275 7.039004940204505 2.2
      vertex 57.759239760403275 7.039004940204505 4.2
    endloop
  endfacet
  facet normal 0.767130365483681 -0.64149123326268 1.2360503842031559e-18
    outer loop
      vertex 57.759239760403275 7.039004940204505 4.2
      vertex 57.822192725452595 7.114287545145094 2.2
      vertex 57.822192725452595 7.114287545145094 4.2
    endloop
  endfacet
  facet normal 0.8263135331810978 -0.5632103913119597 1.5618610312052515e-18
    outer loop
      vertex 57.822192725452595 7.114287545145094 4.2
      vertex 57.87746357182902 7.195378109267721 2.2
      vertex 57.87746357182902 7.195378109267721 4.2
    endloop
  endfacet
  facet normal 0.8775388623637326 -0.47950552138777935 1.808288532109905e-18
    outer loop
      vertex 57.87746357182902 7.195378109267721 4.2
      vertex 57.92452001368976 7.281495692101483 2.2
      vertex 57.92452001368976 7.281495692101483 4.2
    endloop
  endfacet
  facet normal 0.9203130477038611 -0.39118268651108595 2.5869962492442695e-19
    outer loop
      vertex 57.92452001368976 7.281495692101483 4.2
      vertex 57.96290886317438 7.371810934276787 2.2
      vertex 57.96290886317438 7.371810934276787 4.2
    endloop
  endfacet
  facet normal 0.9542241053590107 -0.2990925554937725 6.747576439918739e-19
    outer loop
      vertex 57.96290886317438 7.371810934276787 4.2
      vertex 57.992260415056734 7.465454048494732 2.2
      vertex 57.992260415056734 7.465454048494732 4.2
    endloop
  endfacet
  facet normal 0.9789454479395373 -0.20412204672317638 -2.8267698177324495e-19
    outer loop
      vertex 57.992260415056734 7.465454048494732 4.2
      vertex 58.01229200344528 7.561523202134769 2.2
      vertex 58.01229200344528 7.561523202134769 4.2
    endloop
  endfacet
  facet normal 0.9942390179283935 -0.10718570440494185 -4.3340991505022726e-19
    outer loop
      vertex 58.01229200344528 7.561523202134769 4.2
      vertex 58.022810710011726 7.6590931956759585 2.2
      vertex 58.022810710011726 7.6590931956759585 4.2
    endloop
  endfacet
  facet normal -0.9983007664968535 0.05827160210423716 0
    outer loop
      vertex 55.027908410521164 7.8339080019886715 4.2
      vertex 55.78543923787625 20.81181796644777 4.2
      vertex 55.027908410521164 7.8339080019886715 2.2
    endloop
  endfacet
  facet normal -0.9983007664968535 0.05827160210423716 0
    outer loop
      vertex 55.78543923787625 20.81181796644777 4.2
      vertex 55.78543923787625 20.81181796644777 2.2
      vertex 55.027908410521164 7.8339080019886715 2.2
    endloop
  endfacet
  facet normal 0.9983007664968535 -0.05827160210423716 -6.165594898351254e-18
    outer loop
      vertex 58.022810710011726 7.6590931956759585 4.2
      vertex 58.78034153736681 20.637003160135055 2.2
      vertex 58.78034153736681 20.637003160135055 4.2
    endloop
  endfacet
  facet normal -0.9942390179283933 0.10718570440494281 0
    outer loop
      vertex 55.79595794444269 20.90938795998896 4.2
      vertex 55.79595794444269 20.90938795998896 2.2
      vertex 55.78543923787625 20.81181796644777 2.2
    endloop
  endfacet
  facet normal -0.9789454479395376 0.20412204672317458 0
    outer loop
      vertex 55.81598953283124 21.005457113628996 4.2
      vertex 55.81598953283124 21.005457113628996 2.2
      vertex 55.79595794444269 20.90938795998896 2.2
    endloop
  endfacet
  facet normal -0.9542241053590093 0.2990925554937777 0
    outer loop
      vertex 55.845341084713596 21.09910022784694 4.2
      vertex 55.845341084713596 21.09910022784694 2.2
      vertex 55.81598953283124 21.005457113628996 2.2
    endloop
  endfacet
  facet normal -0.9203130477038625 0.3911826865110827 0
    outer loop
      vertex 55.883729934198215 21.189415470022244 4.2
      vertex 55.883729934198215 21.189415470022244 2.2
      vertex 55.845341084713596 21.09910022784694 2.2
    endloop
  endfacet
  facet normal -0.8775388623637305 0.47950552138778313 0
    outer loop
      vertex 55.930786376058954 21.275533052856005 4.2
      vertex 55.930786376058954 21.275533052856005 2.2
      vertex 55.883729934198215 21.189415470022244 2.2
    endloop
  endfacet
  facet normal -0.826313533181095 0.5632103913119639 0
    outer loop
      vertex 55.98605722243538 21.35662361697863 4.2
      vertex 55.98605722243538 21.35662361697863 2.2
      vertex 55.930786376058954 21.275533052856005 2.2
    endloop
  endfacet
  facet normal -0.767130365483681 0.64149123326268 0
    outer loop
      vertex 56.0490101874847 21.43190622191922 4.2
      vertex 56.0490101874847 21.43190622191922 2.2
      vertex 55.98605722243538 21.35662361697863 2.2
    endloop
  endfacet
  facet normal -0.7005592891374656 0.7135942000907862 0
    outer loop
      vertex 56.11903900508631 21.500655853953617 4.2
      vertex 56.11903900508631 21.500655853953617 2.2
      vertex 56.0490101874847 21.43190622191922 2.2
    endloop
  endfacet
  facet normal -0.6272413786031872 0.7788249180451106 0
    outer loop
      vertex 56.195469262118145 21.562210407071895 4.2
      vertex 56.195469262118145 21.562210407071895 2.2
      vertex 56.11903900508631 21.500655853953617 2.2
    endloop
  endfacet
  facet normal 0.9999575214616878 -0.009217118432479708 0
    outer loop
      vertex 58.78034153736681 20.637003160135055 4.2
      vertex 58.78034153736681 20.637003160135055 2.2
      vertex 58.78124606250584 20.735134341019275 2.2
    endloop
  endfacet
  facet normal 0.9960458877767698 0.08884024675216949 0
    outer loop
      vertex 58.78124606250584 20.735134341019275 4.2
      vertex 58.78124606250584 20.735134341019275 2.2
      vertex 58.772527693844324 20.83288165229873 2.2
    endloop
  endfacet
  facet normal 0.9825417917665028 0.1860420044835847 0
    outer loop
      vertex 58.772527693844324 20.83288165229873 4.2
      vertex 58.772527693844324 20.83288165229873 2.2
      vertex 58.75427039707583 20.92930373251403 2.2
    endloop
  endfacet
  facet normal -0.5478828513026494 0.836555067672463 0
    outer loop
      vertex 56.277564884328235 21.61597708103524 4.2
      vertex 56.277564884328235 21.61597708103524 2.2
      vertex 56.195469262118145 21.562210407071895 2.2
    endloop
  endfacet
  facet normal -0.4632479513014967 0.8862287151830311 0
    outer loop
      vertex 56.36453524554113 21.661438078817852 4.2
      vertex 56.36453524554113 21.661438078817852 2.2
      vertex 56.277564884328235 21.61597708103524 2.2
    endloop
  endfacet
  facet normal -0.37415171483995663 0.9273675076701361 0
    outer loop
      vertex 56.455542779890095 21.69815558806677 4.2
      vertex 56.455542779890095 21.69815558806677 2.2
      vertex 56.36453524554113 21.661438078817852 2.2
    endloop
  endfacet
  facet normal -0.2814521245291029 0.9595752714602719 0
    outer loop
      vertex 56.549711034098365 21.7257759905494 4.2
      vertex 56.549711034098365 21.7257759905494 2.2
      vertex 56.455542779890095 21.69815558806677 2.2
    endloop
  endfacet
  facet normal -0.18604200448361966 0.9825417917664963 0
    outer loop
      vertex 56.64613311431366 21.7440332873179 4.2
      vertex 56.64613311431366 21.7440332873179 2.2
      vertex 56.549711034098365 21.7257759905494 2.2
    endloop
  endfacet
  facet normal -0.08884024675216949 0.9960458877767698 0
    outer loop
      vertex 56.74388042559312 21.75275165597942 4.2
      vertex 56.74388042559312 21.75275165597942 2.2
      vertex 56.64613311431366 21.7440332873179 2.2
    endloop
  endfacet
  facet normal 0.009217118432479375 0.9999575214616878 0
    outer loop
      vertex 56.84201160647734 21.751847130840385 4.2
      vertex 56.84201160647734 21.751847130840385 2.2
      vertex 56.74388042559312 21.75275165597942 2.2
    endloop
  endfacet
  facet normal 0.05827160210423797 0.9983007664968537 0
    outer loop
      vertex 57.840312372974196 21.693575528736147 4.2
      vertex 57.840312372974196 21.693575528736147 2.2
      vertex 56.84201160647734 21.751847130840385 2.2
    endloop
  endfacet
  facet normal 0.29909255549380037 0.9542241053590022 0
    outer loop
      vertex 58.12759463437337 21.6336736818988 4.2
      vertex 58.12759463437337 21.6336736818988 2.2
      vertex 58.03395152015542 21.66302523378116 2.2
    endloop
  endfacet
  facet normal 0.10718570440494667 0.994239017928393 0
    outer loop
      vertex 57.93788236651538 21.683056822169704 4.2
      vertex 57.93788236651538 21.683056822169704 2.2
      vertex 57.840312372974196 21.693575528736147 2.2
    endloop
  endfacet
  facet normal 0.20412204672313988 0.978945447939545 0
    outer loop
      vertex 58.03395152015542 21.66302523378116 4.2
      vertex 58.03395152015542 21.66302523378116 2.2
      vertex 57.93788236651538 21.683056822169704 2.2
    endloop
  endfacet
  facet normal 0.7788249180451106 0.6272413786031872 0
    outer loop
      vertex 58.59070481359832 21.28354550449425 4.2
      vertex 58.59070481359832 21.28354550449425 2.2
      vertex 58.529150260480044 21.359975761526087 2.2
    endloop
  endfacet
  facet normal 0.9595752714602719 0.2814521245291029 0
    outer loop
      vertex 58.75427039707583 20.92930373251403 4.2
      vertex 58.75427039707583 20.92930373251403 2.2
      vertex 58.726649994593195 21.0234719867223 2.2
    endloop
  endfacet
  facet normal 0.9273675076701361 0.37415171483995663 0
    outer loop
      vertex 58.726649994593195 21.0234719867223 4.2
      vertex 58.726649994593195 21.0234719867223 2.2
      vertex 58.68993248534428 21.114479521071267 2.2
    endloop
  endfacet
  facet normal 0.8862287151830388 0.4632479513014819 0
    outer loop
      vertex 58.68993248534428 21.114479521071267 4.2
      vertex 58.68993248534428 21.114479521071267 2.2
      vertex 58.64447148756167 21.201449882284162 2.2
    endloop
  endfacet
  facet normal 0.836555067672452 0.547882851302666 0
    outer loop
      vertex 58.64447148756167 21.201449882284162 4.2
      vertex 58.64447148756167 21.201449882284162 2.2
      vertex 58.59070481359832 21.28354550449425 2.2
    endloop
  endfacet
  facet normal 0.5632103913119887 0.8263135331810781 0
    outer loop
      vertex 58.38511802350506 21.492957544177017 4.2
      vertex 58.38511802350506 21.492957544177017 2.2
      vertex 58.30402745938243 21.548228390553444 2.2
    endloop
  endfacet
  facet normal 0.4795055213877679 0.8775388623637388 0
    outer loop
      vertex 58.30402745938243 21.548228390553444 4.2
      vertex 58.30402745938243 21.548228390553444 2.2
      vertex 58.21790987654867 21.595284832414183 2.2
    endloop
  endfacet
  facet normal 0.64149123326268 0.767130365483681 0
    outer loop
      vertex 58.46040062844565 21.430004579127697 4.2
      vertex 58.46040062844565 21.430004579127697 2.2
      vertex 58.38511802350506 21.492957544177017 2.2
    endloop
  endfacet
  facet normal 0.7135942000907862 0.7005592891374656 0
    outer loop
      vertex 58.529150260480044 21.359975761526087 4.2
      vertex 58.529150260480044 21.359975761526087 2.2
      vertex 58.46040062844565 21.430004579127697 2.2
    endloop
  endfacet
  facet normal 0.39118268651106497 0.9203130477038699 0
    outer loop
      vertex 58.21790987654867 21.595284832414183 4.2
      vertex 58.21790987654867 21.595284832414183 2.2
      vertex 58.12759463437337 21.6336736818988 2.2
    endloop
  endfacet
  facet normal -0.9942390179283933 0.10718570440494281 0
    outer loop
      vertex 55.78543923787625 20.81181796644777 4.2
      vertex 55.79595794444269 20.90938795998896 4.2
      vertex 55.78543923787625 20.81181796644777 2.2
    endloop
  endfacet
  facet normal -0.9789454479395376 0.20412204672317458 0
    outer loop
      vertex 55.79595794444269 20.90938795998896 4.2
      vertex 55.81598953283124 21.005457113628996 4.2
      vertex 55.79595794444269 20.90938795998896 2.2
    endloop
  endfacet
  facet normal -0.9542241053590093 0.2990925554937777 0
    outer loop
      vertex 55.81598953283124 21.005457113628996 4.2
      vertex 55.845341084713596 21.09910022784694 4.2
      vertex 55.81598953283124 21.005457113628996 2.2
    endloop
  endfacet
  facet normal -0.9203130477038625 0.3911826865110827 0
    outer loop
      vertex 55.845341084713596 21.09910022784694 4.2
      vertex 55.883729934198215 21.189415470022244 4.2
      vertex 55.845341084713596 21.09910022784694 2.2
    endloop
  endfacet
  facet normal -0.8775388623637305 0.47950552138778313 0
    outer loop
      vertex 55.883729934198215 21.189415470022244 4.2
      vertex 55.930786376058954 21.275533052856005 4.2
      vertex 55.883729934198215 21.189415470022244 2.2
    endloop
  endfacet
  facet normal -0.826313533181095 0.5632103913119639 0
    outer loop
      vertex 55.930786376058954 21.275533052856005 4.2
      vertex 55.98605722243538 21.35662361697863 4.2
      vertex 55.930786376058954 21.275533052856005 2.2
    endloop
  endfacet
  facet normal -0.767130365483681 0.64149123326268 0
    outer loop
      vertex 55.98605722243538 21.35662361697863 4.2
      vertex 56.0490101874847 21.43190622191922 4.2
      vertex 55.98605722243538 21.35662361697863 2.2
    endloop
  endfacet
  facet normal -0.7005592891374656 0.7135942000907862 0
    outer loop
      vertex 56.0490101874847 21.43190622191922 4.2
      vertex 56.11903900508631 21.500655853953617 4.2
      vertex 56.0490101874847 21.43190622191922 2.2
    endloop
  endfacet
  facet normal -0.6272413786031872 0.7788249180451106 0
    outer loop
      vertex 56.11903900508631 21.500655853953617 4.2
      vertex 56.195469262118145 21.562210407071895 4.2
      vertex 56.11903900508631 21.500655853953617 2.2
    endloop
  endfacet
  facet normal -0.5478828513026494 0.836555067672463 0
    outer loop
      vertex 56.195469262118145 21.562210407071895 4.2
      vertex 56.277564884328235 21.61597708103524 4.2
      vertex 56.195469262118145 21.562210407071895 2.2
    endloop
  endfacet
  facet normal 0.9999575214616878 -0.009217118432479708 -3.429320041508031e-20
    outer loop
      vertex 58.78034153736681 20.637003160135055 4.2
      vertex 58.78124606250584 20.735134341019275 2.2
      vertex 58.78124606250584 20.735134341019275 4.2
    endloop
  endfacet
  facet normal 0.9960458877767698 0.08884024675216949 -1.8217296513249245e-21
    outer loop
      vertex 58.78124606250584 20.735134341019275 4.2
      vertex 58.772527693844324 20.83288165229873 2.2
      vertex 58.772527693844324 20.83288165229873 4.2
    endloop
  endfacet
  facet normal 0.9825417917665028 0.1860420044835847 2.1371347619025416e-19
    outer loop
      vertex 58.772527693844324 20.83288165229873 4.2
      vertex 58.75427039707583 20.92930373251403 2.2
      vertex 58.75427039707583 20.92930373251403 4.2
    endloop
  endfacet
  facet normal -0.4632479513014967 0.8862287151830311 0
    outer loop
      vertex 56.277564884328235 21.61597708103524 4.2
      vertex 56.36453524554113 21.661438078817852 4.2
      vertex 56.277564884328235 21.61597708103524 2.2
    endloop
  endfacet
  facet normal -0.37415171483995663 0.9273675076701361 0
    outer loop
      vertex 56.36453524554113 21.661438078817852 4.2
      vertex 56.455542779890095 21.69815558806677 4.2
      vertex 56.36453524554113 21.661438078817852 2.2
    endloop
  endfacet
  facet normal -0.2814521245291029 0.9595752714602719 0
    outer loop
      vertex 56.455542779890095 21.69815558806677 4.2
      vertex 56.549711034098365 21.7257759905494 4.2
      vertex 56.455542779890095 21.69815558806677 2.2
    endloop
  endfacet
  facet normal -0.18604200448361966 0.9825417917664963 0
    outer loop
      vertex 56.549711034098365 21.7257759905494 4.2
      vertex 56.64613311431366 21.7440332873179 4.2
      vertex 56.549711034098365 21.7257759905494 2.2
    endloop
  endfacet
  facet normal -0.08884024675216949 0.9960458877767698 0
    outer loop
      vertex 56.64613311431366 21.7440332873179 4.2
      vertex 56.74388042559312 21.75275165597942 4.2
      vertex 56.64613311431366 21.7440332873179 2.2
    endloop
  endfacet
  facet normal 0.009217118432479375 0.9999575214616878 0
    outer loop
      vertex 56.74388042559312 21.75275165597942 4.2
      vertex 56.84201160647734 21.751847130840385 4.2
      vertex 56.74388042559312 21.75275165597942 2.2
    endloop
  endfacet
  facet normal 0.05827160210423797 0.9983007664968537 0
    outer loop
      vertex 56.84201160647734 21.751847130840385 4.2
      vertex 57.840312372974196 21.693575528736147 4.2
      vertex 56.84201160647734 21.751847130840385 2.2
    endloop
  endfacet
  facet normal 0.10718570440494667 0.994239017928393 0
    outer loop
      vertex 57.840312372974196 21.693575528736147 4.2
      vertex 57.93788236651538 21.683056822169704 4.2
      vertex 57.840312372974196 21.693575528736147 2.2
    endloop
  endfacet
  facet normal 0.29909255549380037 0.9542241053590022 0
    outer loop
      vertex 58.03395152015542 21.66302523378116 4.2
      vertex 58.12759463437337 21.6336736818988 4.2
      vertex 58.03395152015542 21.66302523378116 2.2
    endloop
  endfacet
  facet normal 0.20412204672313988 0.978945447939545 2.2481535998169435e-19
    outer loop
      vertex 58.03395152015542 21.66302523378116 4.2
      vertex 57.93788236651538 21.683056822169704 2.2
      vertex 57.93788236651538 21.683056822169704 4.2
    endloop
  endfacet
  facet normal 0.7788249180451106 0.6272413786031872 0
    outer loop
      vertex 58.529150260480044 21.359975761526087 4.2
      vertex 58.59070481359832 21.28354550449425 4.2
      vertex 58.529150260480044 21.359975761526087 2.2
    endloop
  endfacet
  facet normal 0.9595752714602719 0.2814521245291029 -9.548066856754146e-19
    outer loop
      vertex 58.75427039707583 20.92930373251403 4.2
      vertex 58.726649994593195 21.0234719867223 2.2
      vertex 58.726649994593195 21.0234719867223 4.2
    endloop
  endfacet
  facet normal 0.9273675076701361 0.37415171483995663 4.468806501426518e-19
    outer loop
      vertex 58.726649994593195 21.0234719867223 4.2
      vertex 58.68993248534428 21.114479521071267 2.2
      vertex 58.68993248534428 21.114479521071267 4.2
    endloop
  endfacet
  facet normal 0.8862287151830388 0.4632479513014819 -7.646559089343223e-20
    outer loop
      vertex 58.68993248534428 21.114479521071267 4.2
      vertex 58.64447148756167 21.201449882284162 2.2
      vertex 58.64447148756167 21.201449882284162 4.2
    endloop
  endfacet
  facet normal 0.836555067672452 0.547882851302666 -5.53738853983277e-19
    outer loop
      vertex 58.64447148756167 21.201449882284162 4.2
      vertex 58.59070481359832 21.28354550449425 2.2
      vertex 58.59070481359832 21.28354550449425 4.2
    endloop
  endfacet
  facet normal 0.5632103913119887 0.8263135331810781 0
    outer loop
      vertex 58.30402745938243 21.548228390553444 4.2
      vertex 58.38511802350506 21.492957544177017 4.2
      vertex 58.30402745938243 21.548228390553444 2.2
    endloop
  endfacet
  facet normal 0.7135942000907862 0.7005592891374656 4.3518522225764955e-19
    outer loop
      vertex 58.529150260480044 21.359975761526087 4.2
      vertex 58.46040062844565 21.430004579127697 2.2
      vertex 58.46040062844565 21.430004579127697 4.2
    endloop
  endfacet
  facet normal 0.64149123326268 0.767130365483681 -1.2360503842031559e-18
    outer loop
      vertex 58.46040062844565 21.430004579127697 4.2
      vertex 58.38511802350506 21.492957544177017 2.2
      vertex 58.38511802350506 21.492957544177017 4.2
    endloop
  endfacet
  facet normal 0.39118268651106497 0.9203130477038699 0
    outer loop
      vertex 58.12759463437337 21.6336736818988 4.2
      vertex 58.21790987654867 21.595284832414183 4.2
      vertex 58.12759463437337 21.6336736818988 2.2
    endloop
  endfacet
  facet normal 0.4795055213877679 0.8775388623637388 1.477013587932728e-19
    outer loop
      vertex 58.30402745938243 21.548228390553444 4.2
      vertex 58.21790987654867 21.595284832414183 2.2
      vertex 58.21790987654867 21.595284832414183 4.2
    endloop
  endfacet
  facet normal 0 0 1
    outer loop
      vertex 55.590340071339305 6.875626329709545 4.2
      vertex 57.61278068576983 6.908700755051831 4.2
      vertex 55.50422248850554 6.922682771570283 4.2
    endloop
  endfacet
  facet normal 0 0 1
    outer loop
      vertex 55.50422248850554 6.922682771570283 4.2
      vertex 57.689210942801665 6.9702553081701115 4.2
      vertex 55.423131924382915 6.977953617946708 4.2
    endloop
  endfacet
  facet normal 0 0 1
    outer loop
      vertex 55.347849319442325 7.040906582996028 4.2
      vertex 55.423131924382915 6.977953617946708 4.2
      vertex 57.759239760403275 7.039004940204505 4.2
    endloop
  endfacet
  facet normal 0 0 1
    outer loop
      vertex 55.347849319442325 7.040906582996028 4.2
      vertex 57.822192725452595 7.114287545145094 4.2
      vertex 55.27909968740793 7.110935400597638 4.2
    endloop
  endfacet
  facet normal 0 0 1
    outer loop
      vertex 55.27909968740793 7.110935400597638 4.2
      vertex 57.87746357182902 7.195378109267721 4.2
      vertex 55.21754513428965 7.187365657629476 4.2
    endloop
  endfacet
  facet normal 0 0 1
    outer loop
      vertex 55.21754513428965 7.187365657629476 4.2
      vertex 57.92452001368976 7.281495692101483 4.2
      vertex 55.163778460326306 7.269461279839564 4.2
    endloop
  endfacet
  facet normal 0 0 1
    outer loop
      vertex 55.163778460326306 7.269461279839564 4.2
      vertex 57.96290886317438 7.371810934276787 4.2
      vertex 55.11831746254369 7.356431641052459 4.2
    endloop
  endfacet
  facet normal 0 0 1
    outer loop
      vertex 55.11831746254369 7.356431641052459 4.2
      vertex 57.992260415056734 7.465454048494732 4.2
      vertex 55.08159995329478 7.447439175401426 4.2
    endloop
  endfacet
  facet normal 0 0 1
    outer loop
      vertex 55.08159995329478 7.447439175401426 4.2
      vertex 58.01229200344528 7.561523202134769 4.2
      vertex 55.053979550812144 7.541607429609698 4.2
    endloop
  endfacet
  facet normal 0 0 1
    outer loop
      vertex 55.053979550812144 7.541607429609698 4.2
      vertex 58.022810710011726 7.6590931956759585 4.2
      vertex 55.03572225404365 7.638029509824994 4.2
    endloop
  endfacet
  facet normal 0 0 1
    outer loop
      vertex 55.77429842773255 6.807885928342567 4.2
      vertex 55.87036758137259 6.787854339954022 4.2
      vertex 57.35270716799788 6.772755574056957 4.2
    endloop
  endfacet
  facet normal 0 0 1
    outer loop
      vertex 55.87036758137259 6.787854339954022 4.2
      vertex 55.967937574913776 6.7773356333875805 4.2
      vertex 57.25853891378961 6.745135171574326 4.2
    endloop
  endfacet
  facet normal 0 0 1
    outer loop
      vertex 55.680655313514606 6.837237480224928 4.2
      vertex 55.77429842773255 6.807885928342567 4.2
      vertex 57.443714702346846 6.8094730833058765 4.2
    endloop
  endfacet
  facet normal 0 0 1
    outer loop
      vertex 55.967937574913776 6.7773356333875805 4.2
      vertex 56.96623834141063 6.7190640312833425 4.2
      vertex 57.16211683357431 6.726877874805825 4.2
    endloop
  endfacet
  facet normal 0 0 1
    outer loop
      vertex 55.967937574913776 6.7773356333875805 4.2
      vertex 57.16211683357431 6.726877874805825 4.2
      vertex 57.25853891378961 6.745135171574326 4.2
    endloop
  endfacet
  facet normal 0 0 1
    outer loop
      vertex 55.87036758137259 6.787854339954022 4.2
      vertex 57.25853891378961 6.745135171574326 4.2
      vertex 57.35270716799788 6.772755574056957 4.2
    endloop
  endfacet
  facet normal 0 0 1
    outer loop
      vertex 55.77429842773255 6.807885928342567 4.2
      vertex 57.35270716799788 6.772755574056957 4.2
      vertex 57.443714702346846 6.8094730833058765 4.2
    endloop
  endfacet
  facet normal 0 0 1
    outer loop
      vertex 55.680655313514606 6.837237480224928 4.2
      vertex 57.443714702346846 6.8094730833058765 4.2
      vertex 57.53068506355974 6.854934081088489 4.2
    endloop
  endfacet
  facet normal 0 0 1
    outer loop
      vertex 56.96623834141063 6.7190640312833425 4.2
      vertex 57.064369522294854 6.718159506144307 4.2
      vertex 57.16211683357431 6.726877874805825 4.2
    endloop
  endfacet
  facet normal 0 0 1
    outer loop
      vertex 55.590340071339305 6.875626329709545 4.2
      vertex 55.680655313514606 6.837237480224928 4.2
      vertex 57.53068506355974 6.854934081088489 4.2
    endloop
  endfacet
  facet normal 0 0 1
    outer loop
      vertex 55.590340071339305 6.875626329709545 4.2
      vertex 57.53068506355974 6.854934081088489 4.2
      vertex 57.61278068576983 6.908700755051831 4.2
    endloop
  endfacet
  facet normal 0 0 1
    outer loop
      vertex 55.50422248850554 6.922682771570283 4.2
      vertex 57.61278068576983 6.908700755051831 4.2
      vertex 57.689210942801665 6.9702553081701115 4.2
    endloop
  endfacet
  facet normal 0 0 1
    outer loop
      vertex 55.423131924382915 6.977953617946708 4.2
      vertex 57.689210942801665 6.9702553081701115 4.2
      vertex 57.759239760403275 7.039004940204505 4.2
    endloop
  endfacet
  facet normal 0 0 1
    outer loop
      vertex 55.347849319442325 7.040906582996028 4.2
      vertex 57.759239760403275 7.039004940204505 4.2
      vertex 57.822192725452595 7.114287545145094 4.2
    endloop
  endfacet
  facet normal 0 0 1
    outer loop
      vertex 55.27909968740793 7.110935400597638 4.2
      vertex 57.822192725452595 7.114287545145094 4.2
      vertex 57.87746357182902 7.195378109267721 4.2
    endloop
  endfacet
  facet normal 0 0 1
    outer loop
      vertex 55.21754513428965 7.187365657629476 4.2
      vertex 57.87746357182902 7.195378109267721 4.2
      vertex 57.92452001368976 7.281495692101483 4.2
    endloop
  endfacet
  facet normal 0 0 1
    outer loop
      vertex 55.163778460326306 7.269461279839564 4.2
      vertex 57.92452001368976 7.281495692101483 4.2
      vertex 57.96290886317438 7.371810934276787 4.2
    endloop
  endfacet
  facet normal 0 0 1
    outer loop
      vertex 55.11831746254369 7.356431641052459 4.2
      vertex 57.96290886317438 7.371810934276787 4.2
      vertex 57.992260415056734 7.465454048494732 4.2
    endloop
  endfacet
  facet normal 0 0 1
    outer loop
      vertex 55.08159995329478 7.447439175401426 4.2
      vertex 57.992260415056734 7.465454048494732 4.2
      vertex 58.01229200344528 7.561523202134769 4.2
    endloop
  endfacet
  facet normal 0 0 1
    outer loop
      vertex 55.053979550812144 7.541607429609698 4.2
      vertex 58.01229200344528 7.561523202134769 4.2
      vertex 58.022810710011726 7.6590931956759585 4.2
    endloop
  endfacet
  facet normal 0 0 1
    outer loop
      vertex 55.03572225404365 7.638029509824994 4.2
      vertex 58.78034153736681 20.637003160135055 4.2
      vertex 55.02700388538213 7.735776821104451 4.2
    endloop
  endfacet
  facet normal 0 0 1
    outer loop
      vertex 55.03572225404365 7.638029509824994 4.2
      vertex 58.022810710011726 7.6590931956759585 4.2
      vertex 58.78034153736681 20.637003160135055 4.2
    endloop
  endfacet
  facet normal 0 0 1
    outer loop
      vertex 55.02700388538213 7.735776821104451 4.2
      vertex 58.78124606250584 20.735134341019275 4.2
      vertex 55.027908410521164 7.8339080019886715 4.2
    endloop
  endfacet
  facet normal 0 0 1
    outer loop
      vertex 55.027908410521164 7.8339080019886715 4.2
      vertex 58.772527693844324 20.83288165229873 4.2
      vertex 55.78543923787625 20.81181796644777 4.2
    endloop
  endfacet
  facet normal 0 0 1
    outer loop
      vertex 55.02700388538213 7.735776821104451 4.2
      vertex 58.78034153736681 20.637003160135055 4.2
      vertex 58.78124606250584 20.735134341019275 4.2
    endloop
  endfacet
  facet normal 0 0 1
    outer loop
      vertex 55.027908410521164 7.8339080019886715 4.2
      vertex 58.78124606250584 20.735134341019275 4.2
      vertex 58.772527693844324 20.83288165229873 4.2
    endloop
  endfacet
  facet normal 0 0 1
    outer loop
      vertex 55.78543923787625 20.81181796644777 4.2
      vertex 58.75427039707583 20.92930373251403 4.2
      vertex 55.79595794444269 20.90938795998896 4.2
    endloop
  endfacet
  facet normal 0 0 1
    outer loop
      vertex 55.78543923787625 20.81181796644777 4.2
      vertex 58.772527693844324 20.83288165229873 4.2
      vertex 58.75427039707583 20.92930373251403 4.2
    endloop
  endfacet
  facet normal 0 0 1
    outer loop
      vertex 55.79595794444269 20.90938795998896 4.2
      vertex 58.75427039707583 20.92930373251403 4.2
      vertex 58.726649994593195 21.0234719867223 4.2
    endloop
  endfacet
  facet normal 0 0 1
    outer loop
      vertex 55.79595794444269 20.90938795998896 4.2
      vertex 58.726649994593195 21.0234719867223 4.2
      vertex 55.81598953283124 21.005457113628996 4.2
    endloop
  endfacet
  facet normal 0 0 1
    outer loop
      vertex 55.81598953283124 21.005457113628996 4.2
      vertex 58.68993248534428 21.114479521071267 4.2
      vertex 55.845341084713596 21.09910022784694 4.2
    endloop
  endfacet
  facet normal 0 0 1
    outer loop
      vertex 55.845341084713596 21.09910022784694 4.2
      vertex 58.64447148756167 21.201449882284162 4.2
      vertex 55.883729934198215 21.189415470022244 4.2
    endloop
  endfacet
  facet normal 0 0 1
    outer loop
      vertex 55.883729934198215 21.189415470022244 4.2
      vertex 58.59070481359832 21.28354550449425 4.2
      vertex 55.930786376058954 21.275533052856005 4.2
    endloop
  endfacet
  facet normal 0 0 1
    outer loop
      vertex 55.930786376058954 21.275533052856005 4.2
      vertex 58.529150260480044 21.359975761526087 4.2
      vertex 55.98605722243538 21.35662361697863 4.2
    endloop
  endfacet
  facet normal 0 0 1
    outer loop
      vertex 55.98605722243538 21.35662361697863 4.2
      vertex 58.46040062844565 21.430004579127697 4.2
      vertex 56.0490101874847 21.43190622191922 4.2
    endloop
  endfacet
  facet normal 0 0 1
    outer loop
      vertex 56.0490101874847 21.43190622191922 4.2
      vertex 58.38511802350506 21.492957544177017 4.2
      vertex 56.11903900508631 21.500655853953617 4.2
    endloop
  endfacet
  facet normal 0 0 1
    outer loop
      vertex 56.11903900508631 21.500655853953617 4.2
      vertex 58.30402745938243 21.548228390553444 4.2
      vertex 56.195469262118145 21.562210407071895 4.2
    endloop
  endfacet
  facet normal 0 0 1
    outer loop
      vertex 56.195469262118145 21.562210407071895 4.2
      vertex 58.21790987654867 21.595284832414183 4.2
      vertex 56.277564884328235 21.61597708103524 4.2
    endloop
  endfacet
  facet normal 0 0 1
    outer loop
      vertex 56.277564884328235 21.61597708103524 4.2
      vertex 58.12759463437337 21.6336736818988 4.2
      vertex 56.36453524554113 21.661438078817852 4.2
    endloop
  endfacet
  facet normal 0 0 1
    outer loop
      vertex 56.64613311431366 21.7440332873179 4.2
      vertex 56.84201160647734 21.751847130840385 4.2
      vertex 56.74388042559312 21.75275165597942 4.2
    endloop
  endfacet
  facet normal 0 0 1
    outer loop
      vertex 56.36453524554113 21.661438078817852 4.2
      vertex 58.03395152015542 21.66302523378116 4.2
      vertex 56.455542779890095 21.69815558806677 4.2
    endloop
  endfacet
  facet normal 0 0 1
    outer loop
      vertex 56.455542779890095 21.69815558806677 4.2
      vertex 57.93788236651538 21.683056822169704 4.2
      vertex 56.549711034098365 21.7257759905494 4.2
    endloop
  endfacet
  facet normal 0 0 1
    outer loop
      vertex 56.549711034098365 21.7257759905494 4.2
      vertex 57.840312372974196 21.693575528736147 4.2
      vertex 56.64613311431366 21.7440332873179 4.2
    endloop
  endfacet
  facet normal 0 0 1
    outer loop
      vertex 56.64613311431366 21.7440332873179 4.2
      vertex 57.840312372974196 21.693575528736147 4.2
      vertex 56.84201160647734 21.751847130840385 4.2
    endloop
  endfacet
  facet normal 0 0 1
    outer loop
      vertex 55.81598953283124 21.005457113628996 4.2
      vertex 58.726649994593195 21.0234719867223 4.2
      vertex 58.68993248534428 21.114479521071267 4.2
    endloop
  endfacet
  facet normal 0 0 1
    outer loop
      vertex 55.845341084713596 21.09910022784694 4.2
      vertex 58.68993248534428 21.114479521071267 4.2
      vertex 58.64447148756167 21.201449882284162 4.2
    endloop
  endfacet
  facet normal 0 0 1
    outer loop
      vertex 55.883729934198215 21.189415470022244 4.2
      vertex 58.64447148756167 21.201449882284162 4.2
      vertex 58.59070481359832 21.28354550449425 4.2
    endloop
  endfacet
  facet normal 0 0 1
    outer loop
      vertex 55.930786376058954 21.275533052856005 4.2
      vertex 58.59070481359832 21.28354550449425 4.2
      vertex 58.529150260480044 21.359975761526087 4.2
    endloop
  endfacet
  facet normal 0 0 1
    outer loop
      vertex 56.0490101874847 21.43190622191922 4.2
      vertex 58.46040062844565 21.430004579127697 4.2
      vertex 58.38511802350506 21.492957544177017 4.2
    endloop
  endfacet
  facet normal 0 0 1
    outer loop
      vertex 56.11903900508631 21.500655853953617 4.2
      vertex 58.38511802350506 21.492957544177017 4.2
      vertex 58.30402745938243 21.548228390553444 4.2
    endloop
  endfacet
  facet normal 0 0 1
    outer loop
      vertex 56.36453524554113 21.661438078817852 4.2
      vertex 58.12759463437337 21.6336736818988 4.2
      vertex 58.03395152015542 21.66302523378116 4.2
    endloop
  endfacet
  facet normal 0 0 1
    outer loop
      vertex 56.195469262118145 21.562210407071895 4.2
      vertex 58.30402745938243 21.548228390553444 4.2
      vertex 58.21790987654867 21.595284832414183 4.2
    endloop
  endfacet
  facet normal 0 0 1
    outer loop
      vertex 56.277564884328235 21.61597708103524 4.2
      vertex 58.21790987654867 21.595284832414183 4.2
      vertex 58.12759463437337 21.6336736818988 4.2
    endloop
  endfacet
  facet normal 0 0 1
    outer loop
      vertex 56.549711034098365 21.7257759905494 4.2
      vertex 57.93788236651538 21.683056822169704 4.2
      vertex 57.840312372974196 21.693575528736147 4.2
    endloop
  endfacet
  facet normal 0 0 1
    outer loop
      vertex 56.455542779890095 21.69815558806677 4.2
      vertex 58.03395152015542 21.66302523378116 4.2
      vertex 57.93788236651538 21.683056822169704 4.2
    endloop
  endfacet
  facet normal 0 0 1
    outer loop
      vertex 55.98605722243538 21.35662361697863 4.2
      vertex 58.529150260480044 21.359975761526087 4.2
      vertex 58.46040062844565 21.430004579127697 4.2
    endloop
  endfacet
endsolid OpenSCAD_Model
