solid OpenSCAD_Model
  facet normal -0.6507914843755963 -0.7592565072913158 0
    outer loop
      vertex -54.46909999847412 -0.6573999971151352 0
      vertex -54.4522999972105 -0.6718000024557114 0
      vertex -54.46909999847412 -0.6573999971151352 3
    endloop
  endfacet
  facet normal -0.4600745686520578 -0.887880279812331 0
    outer loop
      vertex -54.4522999972105 -0.6718000024557114 0
      vertex -42.4117000028491 -6.910899996757507 0
      vertex -54.4522999972105 -0.6718000024557114 3
    endloop
  endfacet
  facet normal -0.6507914843755963 -0.7592565072913158 0
    outer loop
      vertex -54.4522999972105 -0.6718000024557114 0
      vertex -54.4522999972105 -0.6718000024557114 3
      vertex -54.46909999847412 -0.6573999971151352 3
    endloop
  endfacet
  facet normal -0.4600745686520578 -0.887880279812331 0
    outer loop
      vertex -42.4117000028491 -6.910899996757507 0
      vertex -42.4117000028491 -6.910899996757507 3
      vertex -54.4522999972105 -0.6718000024557114 3
    endloop
  endfacet
  facet normal -0.554704964836222 -0.8320471152441102 0
    outer loop
      vertex -42.4117000028491 -6.910899996757507 0
      vertex -42.41110000014305 -6.911300003528595 0
      vertex -42.4117000028491 -6.910899996757507 3
    endloop
  endfacet
  facet normal -0.39391811785509223 -0.919145536041764 0
    outer loop
      vertex -42.41110000014305 -6.911300003528595 0
      vertex -42.41040000319481 -6.91160000115633 0
      vertex -42.41110000014305 -6.911300003528595 3
    endloop
  endfacet
  facet normal -0.4530408815230758 -0.8914897417630752 0
    outer loop
      vertex -42.41040000319481 -6.91160000115633 0
      vertex -12.35809999704361 -22.183700002729893 0
      vertex -42.41040000319481 -6.91160000115633 3
    endloop
  endfacet
  facet normal -0.554704964836222 -0.8320471152441102 0
    outer loop
      vertex -42.41110000014305 -6.911300003528595 0
      vertex -42.41110000014305 -6.911300003528595 3
      vertex -42.4117000028491 -6.910899996757507 3
    endloop
  endfacet
  facet normal -0.39391811785509223 -0.919145536041764 0
    outer loop
      vertex -42.41040000319481 -6.91160000115633 0
      vertex -42.41040000319481 -6.91160000115633 3
      vertex -42.41110000014305 -6.911300003528595 3
    endloop
  endfacet
  facet normal 0 0 1
    outer loop
      vertex -54.4522999972105 -0.6718000024557114 3
      vertex -42.4117000028491 -6.910899996757507 3
      vertex -47.61035534952941 5.699095581546182 3
    endloop
  endfacet
  facet normal -0.4530408815230758 -0.8914897417630752 0
    outer loop
      vertex -12.35809999704361 -22.183700002729893 0
      vertex -12.35809999704361 -22.183700002729893 3
      vertex -42.41040000319481 -6.91160000115633 3
    endloop
  endfacet
  facet normal -0.33862265358372196 -0.9409222595304665 0
    outer loop
      vertex -12.336300000548363 -22.19309999793768 0
      vertex -2.321400001645088 -25.79730000346899 0
      vertex -12.336300000548363 -22.19309999793768 3
    endloop
  endfacet
  facet normal -0.453925396753396 -0.8910396928208486 0
    outer loop
      vertex -12.35809999704361 -22.183700002729893 0
      vertex -12.347499996423721 -22.189099997282028 0
      vertex -12.35809999704361 -22.183700002729893 3
    endloop
  endfacet
  facet normal -0.3363365557430876 -0.941741854900204 0
    outer loop
      vertex -12.347499996423721 -22.189099997282028 0
      vertex -12.336300000548363 -22.19309999793768 0
      vertex -12.347499996423721 -22.189099997282028 3
    endloop
  endfacet
  facet normal 0 0 -1
    outer loop
      vertex -12.336300000548363 -22.19309999793768 0
      vertex -0.00029999762773513794 -24.822999998927116 0
      vertex -2.321400001645088 -25.79730000346899 0
    endloop
  endfacet
  facet normal 0.38704269841284644 -0.9220617927261179 0
    outer loop
      vertex -2.321400001645088 -25.79730000346899 0
      vertex -0.00029999762773513794 -24.822999998927116 0
      vertex -2.321400001645088 -25.79730000346899 3
    endloop
  endfacet
  facet normal 0 0 -1
    outer loop
      vertex -12.336300000548363 -22.19309999793768 0
      vertex 4.88570000231266 -19.38180000334978 0
      vertex -0.00029999762773513794 -24.822999998927116 0
    endloop
  endfacet
  facet normal -0.453925396753396 -0.8910396928208486 0
    outer loop
      vertex -12.347499996423721 -22.189099997282028 0
      vertex -12.347499996423721 -22.189099997282028 3
      vertex -12.35809999704361 -22.183700002729893 3
    endloop
  endfacet
  facet normal -0.3363365557430876 -0.941741854900204 0
    outer loop
      vertex -12.336300000548363 -22.19309999793768 0
      vertex -12.336300000548363 -22.19309999793768 3
      vertex -12.347499996423721 -22.189099997282028 3
    endloop
  endfacet
  facet normal -0.33862265358372196 -0.9409222595304665 0
    outer loop
      vertex -2.321400001645088 -25.79730000346899 0
      vertex -2.321400001645088 -25.79730000346899 3
      vertex -12.336300000548363 -22.19309999793768 3
    endloop
  endfacet
  facet normal 0.38704269841284644 -0.9220617927261179 0
    outer loop
      vertex -0.00029999762773513794 -24.822999998927116 0
      vertex -0.00029999762773513794 -24.822999998927116 3
      vertex -2.321400001645088 -25.79730000346899 3
    endloop
  endfacet
  facet normal 0 0 -1
    outer loop
      vertex -12.347499996423721 -22.189099997282028 0
      vertex -12.149499997496605 -9.274700000882149 0
      vertex -12.336300000548363 -22.19309999793768 0
    endloop
  endfacet
  facet normal 0 0 -1
    outer loop
      vertex -12.35809999704361 -22.183700002729893 0
      vertex -12.149499997496605 -9.274700000882149 0
      vertex -12.347499996423721 -22.189099997282028 0
    endloop
  endfacet
  facet normal 0 0 -1
    outer loop
      vertex -12.336300000548363 -22.19309999793768 0
      vertex -12.149499997496605 -9.274700000882149 0
      vertex -10.463500000536442 -8.872100003063679 0
    endloop
  endfacet
  facet normal 0 0 -1
    outer loop
      vertex -12.336300000548363 -22.19309999793768 0
      vertex -10.463500000536442 -8.872100003063679 0
      vertex -5.0163000002503395 -8.872100003063679 0
    endloop
  endfacet
  facet normal 0 0 -1
    outer loop
      vertex -12.336300000548363 -22.19309999793768 0
      vertex 4.88570000231266 -16.20149999856949 0
      vertex 4.88570000231266 -19.38180000334978 0
    endloop
  endfacet
  facet normal 0 0 -1
    outer loop
      vertex -12.336300000548363 -22.19309999793768 0
      vertex -1.0367999970912933 -12.216300003230572 0
      vertex 4.88570000231266 -16.20149999856949 0
    endloop
  endfacet
  facet normal 0 0 -1
    outer loop
      vertex -12.336300000548363 -22.19309999793768 0
      vertex -5.0163000002503395 -8.872100003063679 0
      vertex -1.0367999970912933 -12.216300003230572 0
    endloop
  endfacet
  facet normal 0 0 1
    outer loop
      vertex -12.336300000548363 -22.19309999793768 3
      vertex -2.321400001645088 -25.79730000346899 3
      vertex -0.00029999762773513794 -24.822999998927116 3
    endloop
  endfacet
  facet normal 0 0 1
    outer loop
      vertex -12.336300000548363 -22.19309999793768 3
      vertex -0.00029999762773513794 -24.822999998927116 3
      vertex 4.88570000231266 -19.38180000334978 3
    endloop
  endfacet
  facet normal 0 0 1
    outer loop
      vertex -12.347499996423721 -22.189099997282028 3
      vertex -12.336300000548363 -22.19309999793768 3
      vertex -12.149499997496605 -9.274700000882149 3
    endloop
  endfacet
  facet normal 0 0 1
    outer loop
      vertex -12.35809999704361 -22.183700002729893 3
      vertex -12.347499996423721 -22.189099997282028 3
      vertex -12.149499997496605 -9.274700000882149 3
    endloop
  endfacet
  facet normal 0 0 1
    outer loop
      vertex -12.336300000548363 -22.19309999793768 3
      vertex -10.463500000536442 -8.872100003063679 3
      vertex -12.149499997496605 -9.274700000882149 3
    endloop
  endfacet
  facet normal 0 0 1
    outer loop
      vertex -12.336300000548363 -22.19309999793768 3
      vertex -5.0163000002503395 -8.872100003063679 3
      vertex -10.463500000536442 -8.872100003063679 3
    endloop
  endfacet
  facet normal 0 0 1
    outer loop
      vertex -12.336300000548363 -22.19309999793768 3
      vertex 4.88570000231266 -19.38180000334978 3
      vertex 4.88570000231266 -16.20149999856949 3
    endloop
  endfacet
  facet normal 0 0 1
    outer loop
      vertex -12.336300000548363 -22.19309999793768 3
      vertex 4.88570000231266 -16.20149999856949 3
      vertex -1.0367999970912933 -12.216300003230572 3
    endloop
  endfacet
  facet normal 0 0 1
    outer loop
      vertex -12.336300000548363 -22.19309999793768 3
      vertex -1.0367999970912933 -12.216300003230572 3
      vertex -5.0163000002503395 -8.872100003063679 3
    endloop
  endfacet
  facet normal 0 0 -1
    outer loop
      vertex -42.41040000319481 -6.91160000115633 0
      vertex -12.149499997496605 -9.274700000882149 0
      vertex -12.35809999704361 -22.183700002729893 0
    endloop
  endfacet
  facet normal 0 0 -1
    outer loop
      vertex -42.41040000319481 -6.91160000115633 0
      vertex -12.777000002563 -7.531599998474121 0
      vertex -12.149499997496605 -9.274700000882149 0
    endloop
  endfacet
  facet normal 0 0 -1
    outer loop
      vertex -42.41040000319481 -6.91160000115633 0
      vertex -22.60930000245571 9.564599998295307 0
      vertex -12.777000002563 -7.531599998474121 0
    endloop
  endfacet
  facet normal 0 0 -1
    outer loop
      vertex -8.694600000977516 -8.025200001895428 0
      vertex -10.474200002849102 -6.086199998855591 0
      vertex -6.096100002527237 -8.025200001895428 0
    endloop
  endfacet
  facet normal 0.9408901635334774 0.33871182466212535 0
    outer loop
      vertex -12.149499997496605 -9.274700000882149 0
      vertex -12.777000002563 -7.531599998474121 0
      vertex -12.149499997496605 -9.274700000882149 3
    endloop
  endfacet
  facet normal 0.5316245698194205 -0.8469801159202712 0
    outer loop
      vertex -12.777000002563 -7.531599998474121 0
      vertex -10.474200002849102 -6.086199998855591 0
      vertex -12.777000002563 -7.531599998474121 3
    endloop
  endfacet
  facet normal -0.23226001860824178 0.9726537327107213 1.0674798052491343e-17
    outer loop
      vertex -12.149499997496605 -9.274700000882149 0
      vertex -10.463500000536442 -8.872100003063679 3
      vertex -10.463500000536442 -8.872100003063679 0
    endloop
  endfacet
  facet normal -0.7367407790488267 -0.6761752912422399 -2.109196943780195e-17
    outer loop
      vertex -8.694600000977516 -8.025200001895428 0
      vertex -10.474200002849102 -6.086199998855591 3
      vertex -10.474200002849102 -6.086199998855591 0
    endloop
  endfacet
  facet normal 0 -1 0
    outer loop
      vertex -8.694600000977516 -8.025200001895428 0
      vertex -6.096100002527237 -8.025200001895428 0
      vertex -8.694600000977516 -8.025200001895428 3
    endloop
  endfacet
  facet normal 0.6433522371131489 0.7655703096394914 0
    outer loop
      vertex -1.0367999970912933 -12.216300003230572 0
      vertex -5.0163000002503395 -8.872100003063679 0
      vertex -1.0367999970912933 -12.216300003230572 3
    endloop
  endfacet
  facet normal -0.6472982686615282 -0.762236807946053 0
    outer loop
      vertex -2.7946000024676323 -10.038400001823902 0
      vertex 0.649899996817112 -12.963500000536442 0
      vertex -2.7946000024676323 -10.038400001823902 3
    endloop
  endfacet
  facet normal 0 1 0
    outer loop
      vertex -10.463500000536442 -8.872100003063679 0
      vertex -5.0163000002503395 -8.872100003063679 3
      vertex -5.0163000002503395 -8.872100003063679 0
    endloop
  endfacet
  facet normal -0.5206244364751399 -0.8537858022624546 -9.570323143548135e-18
    outer loop
      vertex -2.7946000024676323 -10.038400001823902 0
      vertex -6.096100002527237 -8.025200001895428 3
      vertex -6.096100002527237 -8.025200001895428 0
    endloop
  endfacet
  facet normal -0.23226001860824178 0.9726537327107213 0
    outer loop
      vertex -12.149499997496605 -9.274700000882149 0
      vertex -12.149499997496605 -9.274700000882149 3
      vertex -10.463500000536442 -8.872100003063679 3
    endloop
  endfacet
  facet normal 0.9408901635334774 0.33871182466212535 0
    outer loop
      vertex -12.777000002563 -7.531599998474121 0
      vertex -12.777000002563 -7.531599998474121 3
      vertex -12.149499997496605 -9.274700000882149 3
    endloop
  endfacet
  facet normal 0 1 0
    outer loop
      vertex -10.463500000536442 -8.872100003063679 0
      vertex -10.463500000536442 -8.872100003063679 3
      vertex -5.0163000002503395 -8.872100003063679 3
    endloop
  endfacet
  facet normal 0.5316245698194205 -0.8469801159202712 0
    outer loop
      vertex -10.474200002849102 -6.086199998855591 0
      vertex -10.474200002849102 -6.086199998855591 3
      vertex -12.777000002563 -7.531599998474121 3
    endloop
  endfacet
  facet normal -0.7367407790488267 -0.6761752912422399 0
    outer loop
      vertex -8.694600000977516 -8.025200001895428 0
      vertex -8.694600000977516 -8.025200001895428 3
      vertex -10.474200002849102 -6.086199998855591 3
    endloop
  endfacet
  facet normal -0.6472982686615282 -0.762236807946053 -6.551529333327274e-17
    outer loop
      vertex -2.7946000024676323 -10.038400001823902 3
      vertex 0.649899996817112 -12.963500000536442 0
      vertex 0.649899996817112 -12.963500000536442 3
    endloop
  endfacet
  facet normal 0.6433522371131489 0.7655703096394914 0
    outer loop
      vertex -5.0163000002503395 -8.872100003063679 0
      vertex -5.0163000002503395 -8.872100003063679 3
      vertex -1.0367999970912933 -12.216300003230572 3
    endloop
  endfacet
  facet normal -0.5206244364751399 -0.8537858022624546 0
    outer loop
      vertex -2.7946000024676323 -10.038400001823902 0
      vertex -2.7946000024676323 -10.038400001823902 3
      vertex -6.096100002527237 -8.025200001895428 3
    endloop
  endfacet
  facet normal 0 -1 0
    outer loop
      vertex -6.096100002527237 -8.025200001895428 0
      vertex -6.096100002527237 -8.025200001895428 3
      vertex -8.694600000977516 -8.025200001895428 3
    endloop
  endfacet
  facet normal 0 0 -1
    outer loop
      vertex -12.777000002563 -7.531599998474121 0
      vertex -17.311200000345707 8.749499998986721 0
      vertex -10.474200002849102 -6.086199998855591 0
    endloop
  endfacet
  facet normal 0 0 -1
    outer loop
      vertex -6.096100002527237 -8.025200001895428 0
      vertex -10.474200002849102 -6.086199998855591 0
      vertex -9.790700003504753 8.749499998986721 0
    endloop
  endfacet
  facet normal 0 0 -1
    outer loop
      vertex -2.7946000024676323 -10.038400001823902 0
      vertex -9.790700003504753 8.749499998986721 0
      vertex 0.649899996817112 -12.963500000536442 0
    endloop
  endfacet
  facet normal 0 0 -1
    outer loop
      vertex -9.790700003504753 8.749499998986721 0
      vertex 6.689900003373623 -13.41550000011921 0
      vertex 0.649899996817112 -12.963500000536442 0
    endloop
  endfacet
  facet normal 0 0 -1
    outer loop
      vertex -2.7946000024676323 -10.038400001823902 0
      vertex -6.096100002527237 -8.025200001895428 0
      vertex -9.790700003504753 8.749499998986721 0
    endloop
  endfacet
  facet normal 0 0 -1
    outer loop
      vertex -9.056800000369549 8.96850000321865 0
      vertex 0.7378999963402748 -4.931599996984005 0
      vertex 6.689900003373623 -13.41550000011921 0
    endloop
  endfacet
  facet normal 0 0 1
    outer loop
      vertex -42.41040000319481 -6.91160000115633 3
      vertex -12.35809999704361 -22.183700002729893 3
      vertex -12.149499997496605 -9.274700000882149 3
    endloop
  endfacet
  facet normal 0 0 1
    outer loop
      vertex -42.41040000319481 -6.91160000115633 3
      vertex -12.149499997496605 -9.274700000882149 3
      vertex -12.777000002563 -7.531599998474121 3
    endloop
  endfacet
  facet normal 0 0 1
    outer loop
      vertex -42.41040000319481 -6.91160000115633 3
      vertex -12.777000002563 -7.531599998474121 3
      vertex -22.60930000245571 9.564599998295307 3
    endloop
  endfacet
  facet normal 0 0 1
    outer loop
      vertex -8.694600000977516 -8.025200001895428 3
      vertex -6.096100002527237 -8.025200001895428 3
      vertex -10.474200002849102 -6.086199998855591 3
    endloop
  endfacet
  facet normal 0 0 1
    outer loop
      vertex -12.777000002563 -7.531599998474121 3
      vertex -10.474200002849102 -6.086199998855591 3
      vertex -17.311200000345707 8.749499998986721 3
    endloop
  endfacet
  facet normal 0 0 1
    outer loop
      vertex -6.096100002527237 -8.025200001895428 3
      vertex -9.790700003504753 8.749499998986721 3
      vertex -10.474200002849102 -6.086199998855591 3
    endloop
  endfacet
  facet normal 0 0 1
    outer loop
      vertex -2.7946000024676323 -10.038400001823902 3
      vertex 0.649899996817112 -12.963500000536442 3
      vertex -9.790700003504753 8.749499998986721 3
    endloop
  endfacet
  facet normal 0 0 1
    outer loop
      vertex -9.790700003504753 8.749499998986721 3
      vertex 0.649899996817112 -12.963500000536442 3
      vertex 6.689900003373623 -13.41550000011921 3
    endloop
  endfacet
  facet normal 0 0 1
    outer loop
      vertex -2.7946000024676323 -10.038400001823902 3
      vertex -9.790700003504753 8.749499998986721 3
      vertex -6.096100002527237 -8.025200001895428 3
    endloop
  endfacet
  facet normal 0 0 1
    outer loop
      vertex -9.056800000369549 8.96850000321865 3
      vertex 6.689900003373623 -13.41550000011921 3
      vertex 0.7378999963402748 -4.931599996984005 3
    endloop
  endfacet
  facet normal -0.650298436201808 -0.7596788425864465 -4.939460864309657e-17
    outer loop
      vertex -54.46909999847412 -0.6573999971151352 0
      vertex -57.88409999758005 2.2659000009298325 3
      vertex -57.88409999758005 2.2659000009298325 0
    endloop
  endfacet
  facet normal -0.650175717647801 -0.7597838746519743 0
    outer loop
      vertex -57.91459999978542 2.292000003159046 0
      vertex -57.88409999758005 2.2659000009298325 0
      vertex -57.91459999978542 2.292000003159046 3
    endloop
  endfacet
  facet normal 0 0 -1
    outer loop
      vertex -57.91459999978542 2.292000003159046 0
      vertex -60 6.62950000166893 0
      vertex -60 10.41889999806881 0
    endloop
  endfacet
  facet normal 0 0 -1
    outer loop
      vertex -54.46909999847412 -0.6573999971151352 0
      vertex -57.88409999758005 2.2659000009298325 0
      vertex -57.09759999811649 15.364799998700619 0
    endloop
  endfacet
  facet normal -0.9012472751282642 -0.43330514545050003 3.844708841774547e-17
    outer loop
      vertex -57.91459999978542 2.292000003159046 0
      vertex -60 6.62950000166893 3
      vertex -60 6.62950000166893 0
    endloop
  endfacet
  facet normal 0 0 -1
    outer loop
      vertex -54.4522999972105 -0.6718000024557114 0
      vertex -39.27179999649525 15.400700002908707 0
      vertex -42.4117000028491 -6.910899996757507 0
    endloop
  endfacet
  facet normal 0 0 -1
    outer loop
      vertex -54.46909999847412 -0.6573999971151352 0
      vertex -43.13970000296831 17.072999998927116 0
      vertex -54.4522999972105 -0.6718000024557114 0
    endloop
  endfacet
  facet normal -0.650175717647801 -0.7597838746519743 0
    outer loop
      vertex -57.88409999758005 2.2659000009298325 0
      vertex -57.88409999758005 2.2659000009298325 3
      vertex -57.91459999978542 2.292000003159046 3
    endloop
  endfacet
  facet normal -0.650298436201808 -0.7596788425864465 0
    outer loop
      vertex -54.46909999847412 -0.6573999971151352 0
      vertex -54.46909999847412 -0.6573999971151352 3
      vertex -57.88409999758005 2.2659000009298325 3
    endloop
  endfacet
  facet normal -0.9012472751282642 -0.43330514545050003 0
    outer loop
      vertex -57.91459999978542 2.292000003159046 0
      vertex -57.91459999978542 2.292000003159046 3
      vertex -60 6.62950000166893 3
    endloop
  endfacet
  facet normal 0 0 -1
    outer loop
      vertex -57.91459999978542 2.292000003159046 0
      vertex -57.09759999811649 15.364799998700619 0
      vertex -57.88409999758005 2.2659000009298325 0
    endloop
  endfacet
  facet normal 0 0 -1
    outer loop
      vertex -57.91459999978542 2.292000003159046 0
      vertex -60 10.41889999806881 0
      vertex -59.048100002110004 13.358599998056889 0
    endloop
  endfacet
  facet normal -1 0 0
    outer loop
      vertex -60 6.62950000166893 0
      vertex -60 10.41889999806881 3
      vertex -60 10.41889999806881 0
    endloop
  endfacet
  facet normal 0 0 -1
    outer loop
      vertex -57.91459999978542 2.292000003159046 0
      vertex -59.048100002110004 13.358599998056889 0
      vertex -57.09759999811649 15.364799998700619 0
    endloop
  endfacet
  facet normal 0 0 -1
    outer loop
      vertex -54.46909999847412 -0.6573999971151352 0
      vertex -57.09759999811649 15.364799998700619 0
      vertex -57.08990000188351 15.371200002729893 0
    endloop
  endfacet
  facet normal 0 0 -1
    outer loop
      vertex -54.46909999847412 -0.6573999971151352 0
      vertex -57.08990000188351 15.371200002729893 0
      vertex -54.467100001871586 17.55690000206232 0
    endloop
  endfacet
  facet normal 0 0 -1
    outer loop
      vertex -54.46909999847412 -0.6573999971151352 0
      vertex -54.46639999747276 17.55749999731779 0
      vertex -54.46559999883175 17.558100000023842 0
    endloop
  endfacet
  facet normal 0 0 -1
    outer loop
      vertex -54.46909999847412 -0.6573999971151352 0
      vertex -54.467100001871586 17.55690000206232 0
      vertex -54.46639999747276 17.55749999731779 0
    endloop
  endfacet
  facet normal 0 0 -1
    outer loop
      vertex -54.46909999847412 -0.6573999971151352 0
      vertex -54.46559999883175 17.558100000023842 0
      vertex -54.31700000166893 17.671300001442432 0
    endloop
  endfacet
  facet normal 0 0 -1
    outer loop
      vertex -54.46909999847412 -0.6573999971151352 0
      vertex -54.31700000166893 17.671300001442432 0
      vertex -54.15659999847412 17.778499998152256 0
    endloop
  endfacet
  facet normal 0 0 -1
    outer loop
      vertex -54.46909999847412 -0.6573999971151352 0
      vertex -54.15659999847412 17.778499998152256 0
      vertex -53.985699996352196 17.879900000989437 0
    endloop
  endfacet
  facet normal 0 0 -1
    outer loop
      vertex -54.46909999847412 -0.6573999971151352 0
      vertex -53.985699996352196 17.879900000989437 0
      vertex -53.80560000240803 17.975500002503395 0
    endloop
  endfacet
  facet normal 0 0 -1
    outer loop
      vertex -54.46909999847412 -0.6573999971151352 0
      vertex -53.80560000240803 17.975500002503395 0
      vertex -53.61729999631643 18.065600000321865 0
    endloop
  endfacet
  facet normal 0 0 -1
    outer loop
      vertex -54.46909999847412 -0.6573999971151352 0
      vertex -53.61729999631643 18.065600000321865 0
      vertex -53.42210000008345 18.150200001895428 0
    endloop
  endfacet
  facet normal 0 0 -1
    outer loop
      vertex -54.46909999847412 -0.6573999971151352 0
      vertex -53.42210000008345 18.150200001895428 0
      vertex -53.22110000252724 18.229500003159046 0
    endloop
  endfacet
  facet normal 0 0 -1
    outer loop
      vertex -54.46909999847412 -0.6573999971151352 0
      vertex -53.22110000252724 18.229500003159046 0
      vertex -53.01569999754429 18.303700000047684 0
    endloop
  endfacet
  facet normal 0 0 -1
    outer loop
      vertex -54.46909999847412 -0.6573999971151352 0
      vertex -53.01569999754429 18.303700000047684 0
      vertex -52.80690000206232 18.372900001704693 0
    endloop
  endfacet
  facet normal 0 0 -1
    outer loop
      vertex -54.46909999847412 -0.6573999971151352 0
      vertex -52.80690000206232 18.372900001704693 0
      vertex -52.596000000834465 18.437200002372265 0
    endloop
  endfacet
  facet normal 0 0 -1
    outer loop
      vertex -54.46909999847412 -0.6573999971151352 0
      vertex -52.596000000834465 18.437200002372265 0
      vertex -52.38419999927282 18.496799997985363 0
    endloop
  endfacet
  facet normal 0 0 -1
    outer loop
      vertex -54.46909999847412 -0.6573999971151352 0
      vertex -52.38419999927282 18.496799997985363 0
      vertex -52.172600001096725 18.55179999768734 0
    endloop
  endfacet
  facet normal 0 0 -1
    outer loop
      vertex -54.46909999847412 -0.6573999971151352 0
      vertex -52.172600001096725 18.55179999768734 0
      vertex -51.96040000021458 18.602799996733665 0
    endloop
  endfacet
  facet normal 0 0 -1
    outer loop
      vertex -54.46909999847412 -0.6573999971151352 0
      vertex -51.96040000021458 18.602799996733665 0
      vertex -51.74960000067949 18.649599999189377 0
    endloop
  endfacet
  facet normal 0 0 -1
    outer loop
      vertex -54.46909999847412 -0.6573999971151352 0
      vertex -51.74960000067949 18.649599999189377 0
      vertex -51.54119999706745 18.69250000268221 0
    endloop
  endfacet
  facet normal -0.9513667114291927 0.3080606764655349 5.98830508722483e-18
    outer loop
      vertex -60 10.41889999806881 0
      vertex -59.048100002110004 13.358599998056889 3
      vertex -59.048100002110004 13.358599998056889 0
    endloop
  endfacet
  facet normal 0 0 -1
    outer loop
      vertex -54.46909999847412 -0.6573999971151352 0
      vertex -51.54119999706745 18.69250000268221 0
      vertex -51.336499996483326 18.73139999806881 0
    endloop
  endfacet
  facet normal 0 0 -1
    outer loop
      vertex -54.46909999847412 -0.6573999971151352 0
      vertex -51.336499996483326 18.73139999806881 0
      vertex -51.136500000953674 18.76640000194311 0
    endloop
  endfacet
  facet normal 0 0 -1
    outer loop
      vertex -54.46909999847412 -0.6573999971151352 0
      vertex -51.136500000953674 18.76640000194311 0
      vertex -50.94219999760389 18.797700002789497 0
    endloop
  endfacet
  facet normal 0 0 -1
    outer loop
      vertex -54.46909999847412 -0.6573999971151352 0
      vertex -50.94219999760389 18.797700002789497 0
      vertex -50.75490000098944 18.825300000607967 0
    endloop
  endfacet
  facet normal 0 0 -1
    outer loop
      vertex -54.46909999847412 -0.6573999971151352 0
      vertex -50.75490000098944 18.825300000607967 0
      vertex -50.57549999654293 18.849399998784065 0
    endloop
  endfacet
  facet normal 0 0 -1
    outer loop
      vertex -54.46909999847412 -0.6573999971151352 0
      vertex -50.57549999654293 18.849399998784065 0
      vertex -50.405199997127056 18.86999999731779 0
    endloop
  endfacet
  facet normal 0 0 -1
    outer loop
      vertex -54.46909999847412 -0.6573999971151352 0
      vertex -50.405199997127056 18.86999999731779 0
      vertex -50.24509999901056 18.88729999959469 0
    endloop
  endfacet
  facet normal 0 0 -1
    outer loop
      vertex -54.46909999847412 -0.6573999971151352 0
      vertex -50.24509999901056 18.88729999959469 0
      vertex -50.09619999676943 18.901299998164177 0
    endloop
  endfacet
  facet normal 0 0 -1
    outer loop
      vertex -54.46909999847412 -0.6573999971151352 0
      vertex -49.959700003266335 18.91210000216961 0
      vertex -49.93479999899864 18.91390000283718 0
    endloop
  endfacet
  facet normal 0 0 -1
    outer loop
      vertex -54.46909999847412 -0.6573999971151352 0
      vertex -50.09619999676943 18.901299998164177 0
      vertex -49.959700003266335 18.91210000216961 0
    endloop
  endfacet
  facet normal 0 0 -1
    outer loop
      vertex -54.46909999847412 -0.6573999971151352 0
      vertex -49.93479999899864 18.91390000283718 0
      vertex -47.33070000261068 18.415200002491474 0
    endloop
  endfacet
  facet normal 0 0 -1
    outer loop
      vertex -54.4522999972105 -0.6718000024557114 0
      vertex -43.13970000296831 17.072999998927116 0
      vertex -43.13080000132322 17.070100001990795 0
    endloop
  endfacet
  facet normal 0 0 -1
    outer loop
      vertex -54.4522999972105 -0.6718000024557114 0
      vertex -43.13080000132322 17.070100001990795 0
      vertex -39.27179999649525 15.400700002908707 0
    endloop
  endfacet
  facet normal 0 0 -1
    outer loop
      vertex -54.46909999847412 -0.6573999971151352 0
      vertex -47.33070000261068 18.415200002491474 0
      vertex -43.13970000296831 17.072999998927116 0
    endloop
  endfacet
  facet normal -1 0 0
    outer loop
      vertex -60 6.62950000166893 0
      vertex -60 6.62950000166893 3
      vertex -60 10.41889999806881 3
    endloop
  endfacet
  facet normal -0.9513667114291927 0.3080606764655349 0
    outer loop
      vertex -60 10.41889999806881 0
      vertex -60 10.41889999806881 3
      vertex -59.048100002110004 13.358599998056889 3
    endloop
  endfacet
  facet normal 0 0 -1
    outer loop
      vertex -42.41110000014305 -6.911300003528595 0
      vertex -39.27179999649525 15.400700002908707 0
      vertex -42.41040000319481 -6.91160000115633 0
    endloop
  endfacet
  facet normal 0 0 -1
    outer loop
      vertex -42.4117000028491 -6.910899996757507 0
      vertex -39.27179999649525 15.400700002908707 0
      vertex -42.41110000014305 -6.911300003528595 0
    endloop
  endfacet
  facet normal 0 0 -1
    outer loop
      vertex -42.41040000319481 -6.91160000115633 0
      vertex -33.5705000013113 13.054700002074242 0
      vertex -22.60930000245571 9.564599998295307 0
    endloop
  endfacet
  facet normal 0 0 -1
    outer loop
      vertex -42.41040000319481 -6.91160000115633 0
      vertex -39.27179999649525 15.400700002908707 0
      vertex -33.5705000013113 13.054700002074242 0
    endloop
  endfacet
  facet normal 0 0 1
    outer loop
      vertex -57.91459999978542 2.292000003159046 3
      vertex -60 10.41889999806881 3
      vertex -60 6.62950000166893 3
    endloop
  endfacet
  facet normal 0 0 1
    outer loop
      vertex -54.46909999847412 -0.6573999971151352 3
      vertex -57.09759999811649 15.364799998700619 3
      vertex -57.88409999758005 2.2659000009298325 3
    endloop
  endfacet
  facet normal 0 0 1
    outer loop
      vertex -42.4117000028491 -6.910899996757507 3
      vertex -47.212427015881694 5.510889496401687 3
      vertex -47.351025148547635 5.56048070123307 3
    endloop
  endfacet
  facet normal 0 0 1
    outer loop
      vertex -42.4117000028491 -6.910899996757507 3
      vertex -47.06963548302419 5.475122079395154 3
      vertex -47.212427015881694 5.510889496401687 3
    endloop
  endfacet
  facet normal 0 0 1
    outer loop
      vertex -42.4117000028491 -6.910899996757507 3
      vertex -47.484095105239 5.6234181034774675 3
      vertex -47.61035534952941 5.699095581546182 3
    endloop
  endfacet
  facet normal 0 0 1
    outer loop
      vertex -42.4117000028491 -6.910899996757507 3
      vertex -47.351025148547635 5.56048070123307 3
      vertex -47.484095105239 5.6234181034774675 3
    endloop
  endfacet
  facet normal 0 0 1
    outer loop
      vertex -42.4117000028491 -6.910899996757507 3
      vertex -46.92402571049434 5.453522909991705 3
      vertex -47.06963548302419 5.475122079395154 3
    endloop
  endfacet
  facet normal 0 0 1
    outer loop
      vertex -42.4117000028491 -6.910899996757507 3
      vertex -46.777 5.4463 3
      vertex -46.92402571049434 5.453522909991705 3
    endloop
  endfacet
  facet normal 0 0 1
    outer loop
      vertex -42.4117000028491 -6.910899996757507 3
      vertex -46.62997428950566 5.453522909991705 3
      vertex -46.777 5.4463 3
    endloop
  endfacet
  facet normal 0 0 1
    outer loop
      vertex -42.4117000028491 -6.910899996757507 3
      vertex -46.48436451697581 5.475122079395154 3
      vertex -46.62997428950566 5.453522909991705 3
    endloop
  endfacet
  facet normal 0 0 1
    outer loop
      vertex -42.4117000028491 -6.910899996757507 3
      vertex -46.34157298411831 5.510889496401687 3
      vertex -46.48436451697581 5.475122079395154 3
    endloop
  endfacet
  facet normal 0 0 1
    outer loop
      vertex -54.4522999972105 -0.6718000024557114 3
      vertex -47.61035534952941 5.699095581546182 3
      vertex -47.72858992624547 5.786784319955895 3
    endloop
  endfacet
  facet normal 0 0 1
    outer loop
      vertex -54.4522999972105 -0.6718000024557114 3
      vertex -48.02420441845382 6.112944650470597 3
      vertex -48.09988189652253 6.239204894761004 3
    endloop
  endfacet
  facet normal 0 0 1
    outer loop
      vertex -54.4522999972105 -0.6718000024557114 3
      vertex -48.09988189652253 6.239204894761004 3
      vertex -48.162819298766934 6.3722748514523655 3
    endloop
  endfacet
  facet normal 0 0 1
    outer loop
      vertex -54.4522999972105 -0.6718000024557114 3
      vertex -47.72858992624547 5.786784319955895 3
      vertex -47.837660171779824 5.885639828220178 3
    endloop
  endfacet
  facet normal 0 0 1
    outer loop
      vertex -54.4522999972105 -0.6718000024557114 3
      vertex -47.837660171779824 5.885639828220178 3
      vertex -47.93651568004411 5.994710073754532 3
    endloop
  endfacet
  facet normal 0 0 1
    outer loop
      vertex -54.4522999972105 -0.6718000024557114 3
      vertex -47.93651568004411 5.994710073754532 3
      vertex -48.02420441845382 6.112944650470597 3
    endloop
  endfacet
  facet normal 0 0 1
    outer loop
      vertex -54.4522999972105 -0.6718000024557114 3
      vertex -48.162819298766934 6.3722748514523655 3
      vertex -48.21241050359831 6.510872984118306 3
    endloop
  endfacet
  facet normal 0 0 1
    outer loop
      vertex -54.4522999972105 -0.6718000024557114 3
      vertex -48.21241050359831 6.510872984118306 3
      vertex -48.248177920604846 6.653664516975807 3
    endloop
  endfacet
  facet normal 0 0 1
    outer loop
      vertex -54.4522999972105 -0.6718000024557114 3
      vertex -48.248177920604846 6.653664516975807 3
      vertex -48.2697770900083 6.799274289505659 3
    endloop
  endfacet
  facet normal 0 0 1
    outer loop
      vertex -54.4522999972105 -0.6718000024557114 3
      vertex -48.2697770900083 6.799274289505659 3
      vertex -48.277 6.9463 3
    endloop
  endfacet
  facet normal 0 0 1
    outer loop
      vertex -54.4522999972105 -0.6718000024557114 3
      vertex -48.277 6.9463 3
      vertex -48.2697770900083 7.093325710494341 3
    endloop
  endfacet
  facet normal 0 0 1
    outer loop
      vertex -54.4522999972105 -0.6718000024557114 3
      vertex -48.2697770900083 7.093325710494341 3
      vertex -48.248177920604846 7.238935483024193 3
    endloop
  endfacet
  facet normal 0 0 1
    outer loop
      vertex -54.4522999972105 -0.6718000024557114 3
      vertex -48.248177920604846 7.238935483024193 3
      vertex -48.21241050359831 7.381727015881694 3
    endloop
  endfacet
  facet normal 0 0 1
    outer loop
      vertex -54.4522999972105 -0.6718000024557114 3
      vertex -48.21241050359831 7.381727015881694 3
      vertex -48.162819298766934 7.520325148547634 3
    endloop
  endfacet
  facet normal 0 0 1
    outer loop
      vertex -54.4522999972105 -0.6718000024557114 3
      vertex -48.162819298766934 7.520325148547634 3
      vertex -48.09988189652253 7.653395105238996 3
    endloop
  endfacet
  facet normal 0 0 1
    outer loop
      vertex -54.46909999847412 -0.6573999971151352 3
      vertex -54.4522999972105 -0.6718000024557114 3
      vertex -43.13970000296831 17.072999998927116 3
    endloop
  endfacet
  facet normal 0 0 1
    outer loop
      vertex -54.4522999972105 -0.6718000024557114 3
      vertex -48.09988189652253 7.653395105238996 3
      vertex -48.02420441845382 7.779655349529403 3
    endloop
  endfacet
  facet normal 0 0 1
    outer loop
      vertex -54.4522999972105 -0.6718000024557114 3
      vertex -48.02420441845382 7.779655349529403 3
      vertex -47.93651568004411 7.897889926245468 3
    endloop
  endfacet
  facet normal 0 0 1
    outer loop
      vertex -57.91459999978542 2.292000003159046 3
      vertex -57.88409999758005 2.2659000009298325 3
      vertex -57.09759999811649 15.364799998700619 3
    endloop
  endfacet
  facet normal 0 0 1
    outer loop
      vertex -57.91459999978542 2.292000003159046 3
      vertex -59.048100002110004 13.358599998056889 3
      vertex -60 10.41889999806881 3
    endloop
  endfacet
  facet normal 0 0 1
    outer loop
      vertex -57.91459999978542 2.292000003159046 3
      vertex -57.09759999811649 15.364799998700619 3
      vertex -59.048100002110004 13.358599998056889 3
    endloop
  endfacet
  facet normal 0 0 1
    outer loop
      vertex -54.46909999847412 -0.6573999971151352 3
      vertex -57.08990000188351 15.371200002729893 3
      vertex -57.09759999811649 15.364799998700619 3
    endloop
  endfacet
  facet normal 0 0 1
    outer loop
      vertex -54.46909999847412 -0.6573999971151352 3
      vertex -54.467100001871586 17.55690000206232 3
      vertex -57.08990000188351 15.371200002729893 3
    endloop
  endfacet
  facet normal 0 0 1
    outer loop
      vertex -54.46909999847412 -0.6573999971151352 3
      vertex -54.46559999883175 17.558100000023842 3
      vertex -54.46639999747276 17.55749999731779 3
    endloop
  endfacet
  facet normal 0 0 1
    outer loop
      vertex -54.46909999847412 -0.6573999971151352 3
      vertex -54.46639999747276 17.55749999731779 3
      vertex -54.467100001871586 17.55690000206232 3
    endloop
  endfacet
  facet normal 0 0 1
    outer loop
      vertex -54.46909999847412 -0.6573999971151352 3
      vertex -54.31700000166893 17.671300001442432 3
      vertex -54.46559999883175 17.558100000023842 3
    endloop
  endfacet
  facet normal 0 0 1
    outer loop
      vertex -54.46909999847412 -0.6573999971151352 3
      vertex -54.15659999847412 17.778499998152256 3
      vertex -54.31700000166893 17.671300001442432 3
    endloop
  endfacet
  facet normal 0 0 1
    outer loop
      vertex -54.46909999847412 -0.6573999971151352 3
      vertex -53.985699996352196 17.879900000989437 3
      vertex -54.15659999847412 17.778499998152256 3
    endloop
  endfacet
  facet normal 0 0 1
    outer loop
      vertex -54.46909999847412 -0.6573999971151352 3
      vertex -53.80560000240803 17.975500002503395 3
      vertex -53.985699996352196 17.879900000989437 3
    endloop
  endfacet
  facet normal 0 0 1
    outer loop
      vertex -54.46909999847412 -0.6573999971151352 3
      vertex -53.61729999631643 18.065600000321865 3
      vertex -53.80560000240803 17.975500002503395 3
    endloop
  endfacet
  facet normal 0 0 1
    outer loop
      vertex -54.46909999847412 -0.6573999971151352 3
      vertex -53.42210000008345 18.150200001895428 3
      vertex -53.61729999631643 18.065600000321865 3
    endloop
  endfacet
  facet normal 0 0 1
    outer loop
      vertex -54.46909999847412 -0.6573999971151352 3
      vertex -53.22110000252724 18.229500003159046 3
      vertex -53.42210000008345 18.150200001895428 3
    endloop
  endfacet
  facet normal 0 0 1
    outer loop
      vertex -54.46909999847412 -0.6573999971151352 3
      vertex -53.01569999754429 18.303700000047684 3
      vertex -53.22110000252724 18.229500003159046 3
    endloop
  endfacet
  facet normal 0 0 1
    outer loop
      vertex -54.46909999847412 -0.6573999971151352 3
      vertex -52.80690000206232 18.372900001704693 3
      vertex -53.01569999754429 18.303700000047684 3
    endloop
  endfacet
  facet normal 0 0 1
    outer loop
      vertex -54.46909999847412 -0.6573999971151352 3
      vertex -52.596000000834465 18.437200002372265 3
      vertex -52.80690000206232 18.372900001704693 3
    endloop
  endfacet
  facet normal 0 0 1
    outer loop
      vertex -54.46909999847412 -0.6573999971151352 3
      vertex -52.38419999927282 18.496799997985363 3
      vertex -52.596000000834465 18.437200002372265 3
    endloop
  endfacet
  facet normal 0 0 1
    outer loop
      vertex -54.46909999847412 -0.6573999971151352 3
      vertex -52.172600001096725 18.55179999768734 3
      vertex -52.38419999927282 18.496799997985363 3
    endloop
  endfacet
  facet normal 0 0 1
    outer loop
      vertex -54.46909999847412 -0.6573999971151352 3
      vertex -51.96040000021458 18.602799996733665 3
      vertex -52.172600001096725 18.55179999768734 3
    endloop
  endfacet
  facet normal 0 0 1
    outer loop
      vertex -54.46909999847412 -0.6573999971151352 3
      vertex -51.74960000067949 18.649599999189377 3
      vertex -51.96040000021458 18.602799996733665 3
    endloop
  endfacet
  facet normal 0 0 1
    outer loop
      vertex -54.46909999847412 -0.6573999971151352 3
      vertex -51.54119999706745 18.69250000268221 3
      vertex -51.74960000067949 18.649599999189377 3
    endloop
  endfacet
  facet normal 0 0 1
    outer loop
      vertex -54.4522999972105 -0.6718000024557114 3
      vertex -47.93651568004411 7.897889926245468 3
      vertex -43.13080000132322 17.070100001990795 3
    endloop
  endfacet
  facet normal 0 0 1
    outer loop
      vertex -54.46909999847412 -0.6573999971151352 3
      vertex -51.336499996483326 18.73139999806881 3
      vertex -51.54119999706745 18.69250000268221 3
    endloop
  endfacet
  facet normal 0 0 1
    outer loop
      vertex -54.46909999847412 -0.6573999971151352 3
      vertex -51.136500000953674 18.76640000194311 3
      vertex -51.336499996483326 18.73139999806881 3
    endloop
  endfacet
  facet normal 0 0 1
    outer loop
      vertex -54.46909999847412 -0.6573999971151352 3
      vertex -50.94219999760389 18.797700002789497 3
      vertex -51.136500000953674 18.76640000194311 3
    endloop
  endfacet
  facet normal 0 0 1
    outer loop
      vertex -54.46909999847412 -0.6573999971151352 3
      vertex -50.75490000098944 18.825300000607967 3
      vertex -50.94219999760389 18.797700002789497 3
    endloop
  endfacet
  facet normal 0 0 1
    outer loop
      vertex -54.46909999847412 -0.6573999971151352 3
      vertex -50.57549999654293 18.849399998784065 3
      vertex -50.75490000098944 18.825300000607967 3
    endloop
  endfacet
  facet normal 0 0 1
    outer loop
      vertex -54.46909999847412 -0.6573999971151352 3
      vertex -50.405199997127056 18.86999999731779 3
      vertex -50.57549999654293 18.849399998784065 3
    endloop
  endfacet
  facet normal 0 0 1
    outer loop
      vertex -54.46909999847412 -0.6573999971151352 3
      vertex -50.24509999901056 18.88729999959469 3
      vertex -50.405199997127056 18.86999999731779 3
    endloop
  endfacet
  facet normal 0 0 1
    outer loop
      vertex -54.46909999847412 -0.6573999971151352 3
      vertex -50.09619999676943 18.901299998164177 3
      vertex -50.24509999901056 18.88729999959469 3
    endloop
  endfacet
  facet normal 0 0 1
    outer loop
      vertex -54.46909999847412 -0.6573999971151352 3
      vertex -49.93479999899864 18.91390000283718 3
      vertex -49.959700003266335 18.91210000216961 3
    endloop
  endfacet
  facet normal 0 0 1
    outer loop
      vertex -54.46909999847412 -0.6573999971151352 3
      vertex -49.959700003266335 18.91210000216961 3
      vertex -50.09619999676943 18.901299998164177 3
    endloop
  endfacet
  facet normal 0 0 1
    outer loop
      vertex -54.46909999847412 -0.6573999971151352 3
      vertex -47.33070000261068 18.415200002491474 3
      vertex -49.93479999899864 18.91390000283718 3
    endloop
  endfacet
  facet normal 0 0 1
    outer loop
      vertex -54.4522999972105 -0.6718000024557114 3
      vertex -43.13080000132322 17.070100001990795 3
      vertex -43.13970000296831 17.072999998927116 3
    endloop
  endfacet
  facet normal 0 0 1
    outer loop
      vertex -43.13080000132322 17.070100001990795 3
      vertex -47.93651568004411 7.897889926245468 3
      vertex -47.837660171779824 8.006960171779822 3
    endloop
  endfacet
  facet normal 0 0 1
    outer loop
      vertex -43.13080000132322 17.070100001990795 3
      vertex -47.837660171779824 8.006960171779822 3
      vertex -47.72858992624547 8.105815680044106 3
    endloop
  endfacet
  facet normal 0 0 1
    outer loop
      vertex -43.13080000132322 17.070100001990795 3
      vertex -47.72858992624547 8.105815680044106 3
      vertex -47.61035534952941 8.193504418453818 3
    endloop
  endfacet
  facet normal 0 0 1
    outer loop
      vertex -43.13080000132322 17.070100001990795 3
      vertex -47.61035534952941 8.193504418453818 3
      vertex -47.484095105239 8.269181896522532 3
    endloop
  endfacet
  facet normal 0 0 1
    outer loop
      vertex -43.13080000132322 17.070100001990795 3
      vertex -47.484095105239 8.269181896522532 3
      vertex -47.351025148547635 8.33211929876693 3
    endloop
  endfacet
  facet normal 0 0 1
    outer loop
      vertex -43.13080000132322 17.070100001990795 3
      vertex -47.351025148547635 8.33211929876693 3
      vertex -47.212427015881694 8.381710503598313 3
    endloop
  endfacet
  facet normal 0 0 1
    outer loop
      vertex -43.13080000132322 17.070100001990795 3
      vertex -46.20297485145237 8.33211929876693 3
      vertex -46.069904894761 8.269181896522532 3
    endloop
  endfacet
  facet normal 0 0 1
    outer loop
      vertex -43.13080000132322 17.070100001990795 3
      vertex -46.34157298411831 8.381710503598313 3
      vertex -46.20297485145237 8.33211929876693 3
    endloop
  endfacet
  facet normal 0 0 1
    outer loop
      vertex -54.46909999847412 -0.6573999971151352 3
      vertex -43.13970000296831 17.072999998927116 3
      vertex -47.33070000261068 18.415200002491474 3
    endloop
  endfacet
  facet normal 0 0 1
    outer loop
      vertex -43.13080000132322 17.070100001990795 3
      vertex -47.06963548302419 8.417477920604846 3
      vertex -46.92402571049434 8.439077090008295 3
    endloop
  endfacet
  facet normal 0 0 1
    outer loop
      vertex -43.13080000132322 17.070100001990795 3
      vertex -47.212427015881694 8.381710503598313 3
      vertex -47.06963548302419 8.417477920604846 3
    endloop
  endfacet
  facet normal 0 0 1
    outer loop
      vertex -43.13080000132322 17.070100001990795 3
      vertex -46.92402571049434 8.439077090008295 3
      vertex -46.777 8.4463 3
    endloop
  endfacet
  facet normal 0 0 1
    outer loop
      vertex -43.13080000132322 17.070100001990795 3
      vertex -46.777 8.4463 3
      vertex -46.62997428950566 8.439077090008295 3
    endloop
  endfacet
  facet normal 0 0 1
    outer loop
      vertex -43.13080000132322 17.070100001990795 3
      vertex -46.62997428950566 8.439077090008295 3
      vertex -46.48436451697581 8.417477920604846 3
    endloop
  endfacet
  facet normal 0 0 1
    outer loop
      vertex -43.13080000132322 17.070100001990795 3
      vertex -46.48436451697581 8.417477920604846 3
      vertex -46.34157298411831 8.381710503598313 3
    endloop
  endfacet
  facet normal 0 0 1
    outer loop
      vertex -42.4117000028491 -6.910899996757507 3
      vertex -46.20297485145237 5.56048070123307 3
      vertex -46.34157298411831 5.510889496401687 3
    endloop
  endfacet
  facet normal 0 0 1
    outer loop
      vertex -42.4117000028491 -6.910899996757507 3
      vertex -46.069904894761 5.6234181034774675 3
      vertex -46.20297485145237 5.56048070123307 3
    endloop
  endfacet
  facet normal 0 0 1
    outer loop
      vertex -42.4117000028491 -6.910899996757507 3
      vertex -45.943644650470596 5.699095581546182 3
      vertex -46.069904894761 5.6234181034774675 3
    endloop
  endfacet
  facet normal 0 0 1
    outer loop
      vertex -42.4117000028491 -6.910899996757507 3
      vertex -45.82541007375453 5.786784319955895 3
      vertex -45.943644650470596 5.699095581546182 3
    endloop
  endfacet
  facet normal 0 0 1
    outer loop
      vertex -42.4117000028491 -6.910899996757507 3
      vertex -45.71633982822018 5.885639828220178 3
      vertex -45.82541007375453 5.786784319955895 3
    endloop
  endfacet
  facet normal 0 0 1
    outer loop
      vertex -42.41110000014305 -6.911300003528595 3
      vertex -42.41040000319481 -6.91160000115633 3
      vertex -39.27179999649525 15.400700002908707 3
    endloop
  endfacet
  facet normal 0 0 1
    outer loop
      vertex -42.4117000028491 -6.910899996757507 3
      vertex -42.41110000014305 -6.911300003528595 3
      vertex -39.27179999649525 15.400700002908707 3
    endloop
  endfacet
  facet normal 0 0 1
    outer loop
      vertex -42.4117000028491 -6.910899996757507 3
      vertex -45.61748431995589 5.994710073754532 3
      vertex -45.71633982822018 5.885639828220178 3
    endloop
  endfacet
  facet normal 0 0 1
    outer loop
      vertex -42.4117000028491 -6.910899996757507 3
      vertex -45.52979558154618 6.112944650470597 3
      vertex -45.61748431995589 5.994710073754532 3
    endloop
  endfacet
  facet normal 0 0 1
    outer loop
      vertex -42.4117000028491 -6.910899996757507 3
      vertex -45.45411810347747 6.239204894761004 3
      vertex -45.52979558154618 6.112944650470597 3
    endloop
  endfacet
  facet normal 0 0 1
    outer loop
      vertex -42.4117000028491 -6.910899996757507 3
      vertex -45.39118070123307 6.3722748514523655 3
      vertex -45.45411810347747 6.239204894761004 3
    endloop
  endfacet
  facet normal 0 0 1
    outer loop
      vertex -42.4117000028491 -6.910899996757507 3
      vertex -45.34158949640169 6.510872984118306 3
      vertex -45.39118070123307 6.3722748514523655 3
    endloop
  endfacet
  facet normal 0 0 1
    outer loop
      vertex -42.4117000028491 -6.910899996757507 3
      vertex -45.305822079395156 6.653664516975807 3
      vertex -45.34158949640169 6.510872984118306 3
    endloop
  endfacet
  facet normal 0 0 1
    outer loop
      vertex -42.4117000028491 -6.910899996757507 3
      vertex -45.284222909991705 6.799274289505659 3
      vertex -45.305822079395156 6.653664516975807 3
    endloop
  endfacet
  facet normal 0 0 1
    outer loop
      vertex -42.4117000028491 -6.910899996757507 3
      vertex -45.277 6.9463 3
      vertex -45.284222909991705 6.799274289505659 3
    endloop
  endfacet
  facet normal 0 0 1
    outer loop
      vertex -42.4117000028491 -6.910899996757507 3
      vertex -45.284222909991705 7.093325710494341 3
      vertex -45.277 6.9463 3
    endloop
  endfacet
  facet normal 0 0 1
    outer loop
      vertex -42.4117000028491 -6.910899996757507 3
      vertex -45.305822079395156 7.238935483024193 3
      vertex -45.284222909991705 7.093325710494341 3
    endloop
  endfacet
  facet normal 0 0 1
    outer loop
      vertex -42.4117000028491 -6.910899996757507 3
      vertex -39.27179999649525 15.400700002908707 3
      vertex -45.305822079395156 7.238935483024193 3
    endloop
  endfacet
  facet normal 0 0 1
    outer loop
      vertex -42.41040000319481 -6.91160000115633 3
      vertex -22.60930000245571 9.564599998295307 3
      vertex -33.5705000013113 13.054700002074242 3
    endloop
  endfacet
  facet normal 0 0 1
    outer loop
      vertex -42.41040000319481 -6.91160000115633 3
      vertex -33.5705000013113 13.054700002074242 3
      vertex -39.27179999649525 15.400700002908707 3
    endloop
  endfacet
  facet normal 0 0 1
    outer loop
      vertex -39.27179999649525 15.400700002908707 3
      vertex -45.34158949640169 7.381727015881694 3
      vertex -45.305822079395156 7.238935483024193 3
    endloop
  endfacet
  facet normal 0 0 1
    outer loop
      vertex -39.27179999649525 15.400700002908707 3
      vertex -45.45411810347747 7.653395105238996 3
      vertex -45.39118070123307 7.520325148547634 3
    endloop
  endfacet
  facet normal 0 0 1
    outer loop
      vertex -39.27179999649525 15.400700002908707 3
      vertex -45.52979558154618 7.779655349529403 3
      vertex -45.45411810347747 7.653395105238996 3
    endloop
  endfacet
  facet normal 0 0 1
    outer loop
      vertex -39.27179999649525 15.400700002908707 3
      vertex -45.39118070123307 7.520325148547634 3
      vertex -45.34158949640169 7.381727015881694 3
    endloop
  endfacet
  facet normal 0 0 1
    outer loop
      vertex -39.27179999649525 15.400700002908707 3
      vertex -45.61748431995589 7.897889926245468 3
      vertex -45.52979558154618 7.779655349529403 3
    endloop
  endfacet
  facet normal 0 0 1
    outer loop
      vertex -39.27179999649525 15.400700002908707 3
      vertex -45.71633982822018 8.006960171779822 3
      vertex -45.61748431995589 7.897889926245468 3
    endloop
  endfacet
  facet normal 0 0 1
    outer loop
      vertex -39.27179999649525 15.400700002908707 3
      vertex -45.82541007375453 8.105815680044106 3
      vertex -45.71633982822018 8.006960171779822 3
    endloop
  endfacet
  facet normal 0 0 1
    outer loop
      vertex -39.27179999649525 15.400700002908707 3
      vertex -45.943644650470596 8.193504418453818 3
      vertex -45.82541007375453 8.105815680044106 3
    endloop
  endfacet
  facet normal 0 0 1
    outer loop
      vertex -39.27179999649525 15.400700002908707 3
      vertex -46.069904894761 8.269181896522532 3
      vertex -45.943644650470596 8.193504418453818 3
    endloop
  endfacet
  facet normal -0.7169899564542478 0.6970834973973602 1.322597876291954e-17
    outer loop
      vertex -59.048100002110004 13.358599998056889 0
      vertex -57.09759999811649 15.364799998700619 3
      vertex -57.09759999811649 15.364799998700619 0
    endloop
  endfacet
  facet normal -0.6392019198287776 0.7690389493954157 0
    outer loop
      vertex -57.09759999811649 15.364799998700619 0
      vertex -57.08990000188351 15.371200002729893 3
      vertex -57.08990000188351 15.371200002729893 0
    endloop
  endfacet
  facet normal -0.6401901614842586 0.7682164780442808 4.3357817183535674e-17
    outer loop
      vertex -57.08990000188351 15.371200002729893 0
      vertex -54.467100001871586 17.55690000206232 3
      vertex -54.467100001871586 17.55690000206232 0
    endloop
  endfacet
  facet normal -0.6000023841818475 0.7999982118580632 0
    outer loop
      vertex -54.46559999883175 17.558100000023842 0
      vertex -54.46639999747276 17.55749999731779 0
      vertex -54.46559999883175 17.558100000023842 3
    endloop
  endfacet
  facet normal -0.6507860492978856 0.7592611658969857 0
    outer loop
      vertex -54.46639999747276 17.55749999731779 0
      vertex -54.467100001871586 17.55690000206232 0
      vertex -54.46639999747276 17.55749999731779 3
    endloop
  endfacet
  facet normal -0.6059787108807517 0.7954808620949358 0
    outer loop
      vertex -54.46559999883175 17.558100000023842 0
      vertex -54.31700000166893 17.671300001442432 3
      vertex -54.31700000166893 17.671300001442432 0
    endloop
  endfacet
  facet normal -0.5556567389114593 0.8314118044039803 0
    outer loop
      vertex -54.31700000166893 17.671300001442432 0
      vertex -54.15659999847412 17.778499998152256 3
      vertex -54.15659999847412 17.778499998152256 0
    endloop
  endfacet
  facet normal -0.5102713169685938 0.8600134784287609 0
    outer loop
      vertex -54.15659999847412 17.778499998152256 0
      vertex -53.985699996352196 17.879900000989437 3
      vertex -53.985699996352196 17.879900000989437 0
    endloop
  endfacet
  facet normal -0.4688563988905994 0.8832744065234422 0
    outer loop
      vertex -53.985699996352196 17.879900000989437 0
      vertex -53.80560000240803 17.975500002503395 3
      vertex -53.80560000240803 17.975500002503395 0
    endloop
  endfacet
  facet normal -0.4316249801950038 0.9020531450372881 0
    outer loop
      vertex -53.80560000240803 17.975500002503395 0
      vertex -53.61729999631643 18.065600000321865 3
      vertex -53.61729999631643 18.065600000321865 0
    endloop
  endfacet
  facet normal -0.3976602145870532 0.9175327534941622 0
    outer loop
      vertex -53.61729999631643 18.065600000321865 0
      vertex -53.42210000008345 18.150200001895428 3
      vertex -53.42210000008345 18.150200001895428 0
    endloop
  endfacet
  facet normal -0.3669979453488059 0.9302217521159967 0
    outer loop
      vertex -53.42210000008345 18.150200001895428 0
      vertex -53.22110000252724 18.229500003159046 3
      vertex -53.22110000252724 18.229500003159046 0
    endloop
  endfacet
  facet normal -0.3397569613598473 0.9405132679593219 0
    outer loop
      vertex -53.22110000252724 18.229500003159046 0
      vertex -53.01569999754429 18.303700000047684 3
      vertex -53.01569999754429 18.303700000047684 0
    endloop
  endfacet
  facet normal -0.31459070938163913 0.9492274150964862 0
    outer loop
      vertex -53.01569999754429 18.303700000047684 0
      vertex -52.80690000206232 18.372900001704693 3
      vertex -52.80690000206232 18.372900001704693 0
    endloop
  endfacet
  facet normal -0.29163082280497077 0.9565309525520309 0
    outer loop
      vertex -52.80690000206232 18.372900001704693 0
      vertex -52.596000000834465 18.437200002372265 3
      vertex -52.596000000834465 18.437200002372265 0
    endloop
  endfacet
  facet normal -0.27087717163515124 0.9626139194334045 0
    outer loop
      vertex -52.596000000834465 18.437200002372265 0
      vertex -52.38419999927282 18.496799997985363 3
      vertex -52.38419999927282 18.496799997985363 0
    endloop
  endfacet
  facet normal -0.25156530314938447 0.9678403268366937 0
    outer loop
      vertex -52.38419999927282 18.496799997985363 0
      vertex -52.172600001096725 18.55179999768734 3
      vertex -52.172600001096725 18.55179999768734 0
    endloop
  endfacet
  facet normal -0.23368487572273608 0.9723123874858581 0
    outer loop
      vertex -52.172600001096725 18.55179999768734 0
      vertex -51.96040000021458 18.602799996733665 3
      vertex -51.96040000021458 18.602799996733665 0
    endloop
  endfacet
  facet normal -0.21673432508328797 0.9762306245609649 0
    outer loop
      vertex -51.96040000021458 18.602799996733665 0
      vertex -51.74960000067949 18.649599999189377 3
      vertex -51.74960000067949 18.649599999189377 0
    endloop
  endfacet
  facet normal -0.2016264106448435 0.979462500829142 0
    outer loop
      vertex -51.74960000067949 18.649599999189377 0
      vertex -51.54119999706745 18.69250000268221 3
      vertex -51.54119999706745 18.69250000268221 0
    endloop
  endfacet
  facet normal -0.18669304846310233 0.982418294646203 0
    outer loop
      vertex -51.54119999706745 18.69250000268221 0
      vertex -51.336499996483326 18.73139999806881 3
      vertex -51.336499996483326 18.73139999806881 0
    endloop
  endfacet
  facet normal -0.17238035400527738 0.9850304632614238 0
    outer loop
      vertex -51.336499996483326 18.73139999806881 0
      vertex -51.136500000953674 18.76640000194311 3
      vertex -51.136500000953674 18.76640000194311 0
    endloop
  endfacet
  facet normal -0.15904073383651887 0.9872720217755295 0
    outer loop
      vertex -51.136500000953674 18.76640000194311 0
      vertex -50.94219999760389 18.797700002789497 3
      vertex -50.94219999760389 18.797700002789497 0
    endloop
  endfacet
  facet normal -0.14578289727861507 0.9893166059765967 0
    outer loop
      vertex -50.94219999760389 18.797700002789497 0
      vertex -50.75490000098944 18.825300000607967 3
      vertex -50.75490000098944 18.825300000607967 0
    endloop
  endfacet
  facet normal -0.13314068496170847 0.9910971486226399 0
    outer loop
      vertex -50.75490000098944 18.825300000607967 0
      vertex -50.57549999654293 18.849399998784065 3
      vertex -50.57549999654293 18.849399998784065 0
    endloop
  endfacet
  facet normal -0.1200876248791475 0.9927632962347496 0
    outer loop
      vertex -50.57549999654293 18.849399998784065 0
      vertex -50.405199997127056 18.86999999731779 3
      vertex -50.405199997127056 18.86999999731779 0
    endloop
  endfacet
  facet normal -0.10743208882502057 0.9942124251339313 0
    outer loop
      vertex -50.405199997127056 18.86999999731779 0
      vertex -50.24509999901056 18.88729999959469 3
      vertex -50.24509999901056 18.88729999959469 0
    endloop
  endfacet
  facet normal -0.09360996386293048 0.9956089466580645 0
    outer loop
      vertex -50.24509999901056 18.88729999959469 0
      vertex -50.09619999676943 18.901299998164177 3
      vertex -50.09619999676943 18.901299998164177 0
    endloop
  endfacet
  facet normal -0.07210102648307626 0.9973973340550328 0
    outer loop
      vertex -49.93479999899864 18.91390000283718 0
      vertex -49.959700003266335 18.91210000216961 0
      vertex -49.93479999899864 18.91390000283718 3
    endloop
  endfacet
  facet normal -0.07887441579823874 0.996884560283931 0
    outer loop
      vertex -50.09619999676943 18.901299998164177 0
      vertex -49.959700003266335 18.91210000216961 3
      vertex -49.959700003266335 18.91210000216961 0
    endloop
  endfacet
  facet normal 0.1880877526591228 0.9821522271520035 -6.978789970837602e-18
    outer loop
      vertex -49.93479999899864 18.91390000283718 0
      vertex -47.33070000261068 18.415200002491474 3
      vertex -47.33070000261068 18.415200002491474 0
    endloop
  endfacet
  facet normal -0.7169899564542478 0.6970834973973602 0
    outer loop
      vertex -59.048100002110004 13.358599998056889 0
      vertex -59.048100002110004 13.358599998056889 3
      vertex -57.09759999811649 15.364799998700619 3
    endloop
  endfacet
  facet normal -0.6392019198287776 0.7690389493954157 0
    outer loop
      vertex -57.09759999811649 15.364799998700619 0
      vertex -57.09759999811649 15.364799998700619 3
      vertex -57.08990000188351 15.371200002729893 3
    endloop
  endfacet
  facet normal -0.6401901614842586 0.7682164780442808 0
    outer loop
      vertex -57.08990000188351 15.371200002729893 0
      vertex -57.08990000188351 15.371200002729893 3
      vertex -54.467100001871586 17.55690000206232 3
    endloop
  endfacet
  facet normal -0.6000023841818475 0.7999982118580632 0
    outer loop
      vertex -54.46639999747276 17.55749999731779 0
      vertex -54.46639999747276 17.55749999731779 3
      vertex -54.46559999883175 17.558100000023842 3
    endloop
  endfacet
  facet normal -0.6507860492978856 0.7592611658969857 0
    outer loop
      vertex -54.467100001871586 17.55690000206232 0
      vertex -54.467100001871586 17.55690000206232 3
      vertex -54.46639999747276 17.55749999731779 3
    endloop
  endfacet
  facet normal -0.6059787108807517 0.7954808620949358 0
    outer loop
      vertex -54.46559999883175 17.558100000023842 0
      vertex -54.46559999883175 17.558100000023842 3
      vertex -54.31700000166893 17.671300001442432 3
    endloop
  endfacet
  facet normal -0.5556567389114593 0.8314118044039803 0
    outer loop
      vertex -54.31700000166893 17.671300001442432 0
      vertex -54.31700000166893 17.671300001442432 3
      vertex -54.15659999847412 17.778499998152256 3
    endloop
  endfacet
  facet normal -0.5102713169685938 0.8600134784287609 0
    outer loop
      vertex -54.15659999847412 17.778499998152256 0
      vertex -54.15659999847412 17.778499998152256 3
      vertex -53.985699996352196 17.879900000989437 3
    endloop
  endfacet
  facet normal -0.4688563988905994 0.8832744065234422 0
    outer loop
      vertex -53.985699996352196 17.879900000989437 0
      vertex -53.985699996352196 17.879900000989437 3
      vertex -53.80560000240803 17.975500002503395 3
    endloop
  endfacet
  facet normal -0.4316249801950038 0.9020531450372881 0
    outer loop
      vertex -53.80560000240803 17.975500002503395 0
      vertex -53.80560000240803 17.975500002503395 3
      vertex -53.61729999631643 18.065600000321865 3
    endloop
  endfacet
  facet normal -0.3976602145870532 0.9175327534941622 0
    outer loop
      vertex -53.61729999631643 18.065600000321865 0
      vertex -53.61729999631643 18.065600000321865 3
      vertex -53.42210000008345 18.150200001895428 3
    endloop
  endfacet
  facet normal -0.3669979453488059 0.9302217521159967 0
    outer loop
      vertex -53.42210000008345 18.150200001895428 0
      vertex -53.42210000008345 18.150200001895428 3
      vertex -53.22110000252724 18.229500003159046 3
    endloop
  endfacet
  facet normal -0.3397569613598473 0.9405132679593219 0
    outer loop
      vertex -53.22110000252724 18.229500003159046 0
      vertex -53.22110000252724 18.229500003159046 3
      vertex -53.01569999754429 18.303700000047684 3
    endloop
  endfacet
  facet normal -0.31459070938163913 0.9492274150964862 0
    outer loop
      vertex -53.01569999754429 18.303700000047684 0
      vertex -53.01569999754429 18.303700000047684 3
      vertex -52.80690000206232 18.372900001704693 3
    endloop
  endfacet
  facet normal -0.29163082280497077 0.9565309525520309 0
    outer loop
      vertex -52.80690000206232 18.372900001704693 0
      vertex -52.80690000206232 18.372900001704693 3
      vertex -52.596000000834465 18.437200002372265 3
    endloop
  endfacet
  facet normal -0.27087717163515124 0.9626139194334045 0
    outer loop
      vertex -52.596000000834465 18.437200002372265 0
      vertex -52.596000000834465 18.437200002372265 3
      vertex -52.38419999927282 18.496799997985363 3
    endloop
  endfacet
  facet normal -0.25156530314938447 0.9678403268366937 0
    outer loop
      vertex -52.38419999927282 18.496799997985363 0
      vertex -52.38419999927282 18.496799997985363 3
      vertex -52.172600001096725 18.55179999768734 3
    endloop
  endfacet
  facet normal -0.23368487572273608 0.9723123874858581 0
    outer loop
      vertex -52.172600001096725 18.55179999768734 0
      vertex -52.172600001096725 18.55179999768734 3
      vertex -51.96040000021458 18.602799996733665 3
    endloop
  endfacet
  facet normal -0.21673432508328797 0.9762306245609649 0
    outer loop
      vertex -51.96040000021458 18.602799996733665 0
      vertex -51.96040000021458 18.602799996733665 3
      vertex -51.74960000067949 18.649599999189377 3
    endloop
  endfacet
  facet normal -0.2016264106448435 0.979462500829142 0
    outer loop
      vertex -51.74960000067949 18.649599999189377 0
      vertex -51.74960000067949 18.649599999189377 3
      vertex -51.54119999706745 18.69250000268221 3
    endloop
  endfacet
  facet normal -0.18669304846310233 0.982418294646203 0
    outer loop
      vertex -51.54119999706745 18.69250000268221 0
      vertex -51.54119999706745 18.69250000268221 3
      vertex -51.336499996483326 18.73139999806881 3
    endloop
  endfacet
  facet normal -0.17238035400527738 0.9850304632614238 0
    outer loop
      vertex -51.336499996483326 18.73139999806881 0
      vertex -51.336499996483326 18.73139999806881 3
      vertex -51.136500000953674 18.76640000194311 3
    endloop
  endfacet
  facet normal -0.15904073383651887 0.9872720217755295 0
    outer loop
      vertex -51.136500000953674 18.76640000194311 0
      vertex -51.136500000953674 18.76640000194311 3
      vertex -50.94219999760389 18.797700002789497 3
    endloop
  endfacet
  facet normal -0.14578289727861507 0.9893166059765967 0
    outer loop
      vertex -50.94219999760389 18.797700002789497 0
      vertex -50.94219999760389 18.797700002789497 3
      vertex -50.75490000098944 18.825300000607967 3
    endloop
  endfacet
  facet normal -0.13314068496170847 0.9910971486226399 0
    outer loop
      vertex -50.75490000098944 18.825300000607967 0
      vertex -50.75490000098944 18.825300000607967 3
      vertex -50.57549999654293 18.849399998784065 3
    endloop
  endfacet
  facet normal -0.1200876248791475 0.9927632962347496 0
    outer loop
      vertex -50.57549999654293 18.849399998784065 0
      vertex -50.57549999654293 18.849399998784065 3
      vertex -50.405199997127056 18.86999999731779 3
    endloop
  endfacet
  facet normal -0.10743208882502057 0.9942124251339313 0
    outer loop
      vertex -50.405199997127056 18.86999999731779 0
      vertex -50.405199997127056 18.86999999731779 3
      vertex -50.24509999901056 18.88729999959469 3
    endloop
  endfacet
  facet normal -0.09360996386293048 0.9956089466580645 0
    outer loop
      vertex -50.24509999901056 18.88729999959469 0
      vertex -50.24509999901056 18.88729999959469 3
      vertex -50.09619999676943 18.901299998164177 3
    endloop
  endfacet
  facet normal -0.07887441579823874 0.996884560283931 0
    outer loop
      vertex -50.09619999676943 18.901299998164177 0
      vertex -50.09619999676943 18.901299998164177 3
      vertex -49.959700003266335 18.91210000216961 3
    endloop
  endfacet
  facet normal -0.07210102648307626 0.9973973340550328 0
    outer loop
      vertex -49.959700003266335 18.91210000216961 0
      vertex -49.959700003266335 18.91210000216961 3
      vertex -49.93479999899864 18.91390000283718 3
    endloop
  endfacet
  facet normal 0.1880877526591228 0.9821522271520035 0
    outer loop
      vertex -49.93479999899864 18.91390000283718 0
      vertex -49.93479999899864 18.91390000283718 3
      vertex -47.33070000261068 18.415200002491474 3
    endloop
  endfacet
  facet normal 0.30499833985023445 0.9523528824383327 0
    outer loop
      vertex -47.33070000261068 18.415200002491474 0
      vertex -47.33070000261068 18.415200002491474 3
      vertex -43.13970000296831 17.072999998927116 3
    endloop
  endfacet
  facet normal 0.39704003022838713 0.9178012935250427 0
    outer loop
      vertex -39.27179999649525 15.400700002908707 0
      vertex -43.13080000132322 17.070100001990795 0
      vertex -39.27179999649525 15.400700002908707 3
    endloop
  endfacet
  facet normal 0.30499833985023445 0.9523528824383327 -2.5228444231481647e-17
    outer loop
      vertex -47.33070000261068 18.415200002491474 0
      vertex -43.13970000296831 17.072999998927116 3
      vertex -43.13970000296831 17.072999998927116 0
    endloop
  endfacet
  facet normal 0.3098103241509329 0.9507983819135862 0
    outer loop
      vertex -43.13080000132322 17.070100001990795 0
      vertex -43.13970000296831 17.072999998927116 0
      vertex -43.13080000132322 17.070100001990795 3
    endloop
  endfacet
  facet normal 0.3805287089201823 0.9247691072303071 -2.4010897074384692e-17
    outer loop
      vertex -39.27179999649525 15.400700002908707 0
      vertex -33.5705000013113 13.054700002074242 3
      vertex -33.5705000013113 13.054700002074242 0
    endloop
  endfacet
  facet normal 0.3098103241509329 0.9507983819135862 0
    outer loop
      vertex -43.13970000296831 17.072999998927116 0
      vertex -43.13970000296831 17.072999998927116 3
      vertex -43.13080000132322 17.070100001990795 3
    endloop
  endfacet
  facet normal 0.39704003022838713 0.9178012935250427 0
    outer loop
      vertex -43.13080000132322 17.070100001990795 0
      vertex -43.13080000132322 17.070100001990795 3
      vertex -39.27179999649525 15.400700002908707 3
    endloop
  endfacet
  facet normal 0.3805287089201823 0.9247691072303071 0
    outer loop
      vertex -39.27179999649525 15.400700002908707 0
      vertex -39.27179999649525 15.400700002908707 3
      vertex -33.5705000013113 13.054700002074242 3
    endloop
  endfacet
  facet normal 0 0 1
    outer loop
      vertex -39.27179999649525 15.400700002908707 3
      vertex -43.13080000132322 17.070100001990795 3
      vertex -46.069904894761 8.269181896522532 3
    endloop
  endfacet
  facet normal 0 0 -1
    outer loop
      vertex -12.777000002563 -7.531599998474121 0
      vertex -22.60930000245571 9.564599998295307 0
      vertex -17.311200000345707 8.749499998986721 0
    endloop
  endfacet
  facet normal 0.3033966928982554 0.9528643380557391 -5.1473290153834256e-17
    outer loop
      vertex -33.5705000013113 13.054700002074242 0
      vertex -22.60930000245571 9.564599998295307 3
      vertex -22.60930000245571 9.564599998295307 0
    endloop
  endfacet
  facet normal 0.15205858590493498 0.9883714820109852 -2.0711439492921465e-17
    outer loop
      vertex -22.60930000245571 9.564599998295307 0
      vertex -17.311200000345707 8.749499998986721 3
      vertex -17.311200000345707 8.749499998986721 0
    endloop
  endfacet
  facet normal 0.3033966928982554 0.9528643380557391 0
    outer loop
      vertex -33.5705000013113 13.054700002074242 0
      vertex -33.5705000013113 13.054700002074242 3
      vertex -22.60930000245571 9.564599998295307 3
    endloop
  endfacet
  facet normal 0.15205858590493498 0.9883714820109852 0
    outer loop
      vertex -22.60930000245571 9.564599998295307 0
      vertex -22.60930000245571 9.564599998295307 3
      vertex -17.311200000345707 8.749499998986721 3
    endloop
  endfacet
  facet normal 0 0 -1
    outer loop
      vertex -10.474200002849102 -6.086199998855591 0
      vertex -17.311200000345707 8.749499998986721 0
      vertex -9.790700003504753 8.749499998986721 0
    endloop
  endfacet
  facet normal 0 0 -1
    outer loop
      vertex -9.746299996972084 8.76630000025034 0
      vertex -9.695799998939037 8.784199997782707 0
      vertex 6.689900003373623 -13.41550000011921 0
    endloop
  endfacet
  facet normal 0 0 -1
    outer loop
      vertex -9.746299996972084 8.76630000025034 0
      vertex 6.689900003373623 -13.41550000011921 0
      vertex -9.790700003504753 8.749499998986721 0
    endloop
  endfacet
  facet normal 0 0 -1
    outer loop
      vertex -9.63910000026226 8.803199999034405 0
      vertex -9.576099999248981 8.82320000231266 0
      vertex 6.689900003373623 -13.41550000011921 0
    endloop
  endfacet
  facet normal 0 0 -1
    outer loop
      vertex -9.63910000026226 8.803199999034405 0
      vertex 6.689900003373623 -13.41550000011921 0
      vertex -9.695799998939037 8.784199997782707 0
    endloop
  endfacet
  facet normal 0 0 -1
    outer loop
      vertex -9.506499998271465 8.844499997794628 0
      vertex 6.689900003373623 -13.41550000011921 0
      vertex -9.576099999248981 8.82320000231266 0
    endloop
  endfacet
  facet normal 0 0 -1
    outer loop
      vertex -9.430399999022484 8.866800002753735 0
      vertex -9.34740000218153 8.890399999916553 0
      vertex 6.689900003373623 -13.41550000011921 0
    endloop
  endfacet
  facet normal 0 0 -1
    outer loop
      vertex -9.506499998271465 8.844499997794628 0
      vertex -9.430399999022484 8.866800002753735 0
      vertex 6.689900003373623 -13.41550000011921 0
    endloop
  endfacet
  facet normal 0 0 -1
    outer loop
      vertex -9.257600001990795 8.915200002491474 0
      vertex -9.160800002515316 8.941200003027916 0
      vertex 6.689900003373623 -13.41550000011921 0
    endloop
  endfacet
  facet normal 0 0 -1
    outer loop
      vertex -9.34740000218153 8.890399999916553 0
      vertex -9.257600001990795 8.915200002491474 0
      vertex 6.689900003373623 -13.41550000011921 0
    endloop
  endfacet
  facet normal 0 0 -1
    outer loop
      vertex -9.160800002515316 8.941200003027916 0
      vertex -9.056800000369549 8.96850000321865 0
      vertex 6.689900003373623 -13.41550000011921 0
    endloop
  endfacet
  facet normal 0 0 -1
    outer loop
      vertex -1.7071999981999397 -1.433899998664856 0
      vertex 0.7378999963402748 -4.931599996984005 0
      vertex -9.056800000369549 8.96850000321865 0
    endloop
  endfacet
  facet normal 0 0 -1
    outer loop
      vertex -1.7071999981999397 -1.433899998664856 0
      vertex -9.056800000369549 8.96850000321865 0
      vertex -8.945500001311302 8.997100003063679 0
    endloop
  endfacet
  facet normal 0 0 -1
    outer loop
      vertex -1.7071999981999397 -1.433899998664856 0
      vertex -8.945500001311302 8.997100003063679 0
      vertex -8.826700001955032 9.027000002563 0
    endloop
  endfacet
  facet normal 0 0 -1
    outer loop
      vertex -1.7071999981999397 -1.433899998664856 0
      vertex -8.826700001955032 9.027000002563 0
      vertex -8.687899999320507 9.061300002038479 0
    endloop
  endfacet
  facet normal 0 0 -1
    outer loop
      vertex -1.7071999981999397 -1.433899998664856 0
      vertex -8.687899999320507 9.061300002038479 0
      vertex -8.539300002157688 9.097499996423721 0
    endloop
  endfacet
  facet normal 0 0 -1
    outer loop
      vertex -1.7071999981999397 -1.433899998664856 0
      vertex -8.539300002157688 9.097499996423721 0
      vertex -8.380699999630451 9.135399997234344 0
    endloop
  endfacet
  facet normal 0 0 -1
    outer loop
      vertex -1.7071999981999397 -1.433899998664856 0
      vertex -8.380699999630451 9.135399997234344 0
      vertex -8.211800001561642 9.175200000405312 0
    endloop
  endfacet
  facet normal 0 0 -1
    outer loop
      vertex -1.7071999981999397 -1.433899998664856 0
      vertex -8.211800001561642 9.175200000405312 0
      vertex -8.032499998807907 9.216899998486042 0
    endloop
  endfacet
  facet normal 0 0 -1
    outer loop
      vertex -1.7071999981999397 -1.433899998664856 0
      vertex -8.032499998807907 9.216899998486042 0
      vertex -7.842399999499321 9.260499998927116 0
    endloop
  endfacet
  facet normal 0 0 -1
    outer loop
      vertex -1.7071999981999397 -1.433899998664856 0
      vertex -7.842399999499321 9.260499998927116 0
      vertex -7.641500003635883 9.306100003421307 0
    endloop
  endfacet
  facet normal 0 0 -1
    outer loop
      vertex -1.7071999981999397 -1.433899998664856 0
      vertex -7.641500003635883 9.306100003421307 0
      vertex -7.429399996995926 9.353699997067451 0
    endloop
  endfacet
  facet normal 0 0 -1
    outer loop
      vertex -1.7071999981999397 -1.433899998664856 0
      vertex -7.429399996995926 9.353699997067451 0
      vertex -7.205899998545647 9.403300002217293 0
    endloop
  endfacet
  facet normal 0 0 -1
    outer loop
      vertex -1.7071999981999397 -1.433899998664856 0
      vertex -7.205899998545647 9.403300002217293 0
      vertex -6.970899999141693 9.45499999821186 0
    endloop
  endfacet
  facet normal 0 0 -1
    outer loop
      vertex -1.7071999981999397 -1.433899998664856 0
      vertex -6.970899999141693 9.45499999821186 0
      vertex -6.723999999463558 9.508799999952316 0
    endloop
  endfacet
  facet normal 0 0 -1
    outer loop
      vertex -1.7071999981999397 -1.433899998664856 0
      vertex -6.723999999463558 9.508799999952316 0
      vertex -6.46509999781847 9.564800001680851 0
    endloop
  endfacet
  facet normal 0 0 -1
    outer loop
      vertex -1.7071999981999397 -1.433899998664856 0
      vertex -6.46509999781847 9.564800001680851 0
      vertex -5.799300000071526 9.720499999821186 0
    endloop
  endfacet
  facet normal 0 0 -1
    outer loop
      vertex -1.7071999981999397 -1.433899998664856 0
      vertex -5.799300000071526 9.720499999821186 0
      vertex -5.019400000572205 9.924300000071526 0
    endloop
  endfacet
  facet normal 0 0 -1
    outer loop
      vertex -1.7071999981999397 -1.433899998664856 0
      vertex -5.019400000572205 9.924300000071526 0
      vertex -1.1116999983787537 2.678999997675419 0
    endloop
  endfacet
  facet normal 0 0 -1
    outer loop
      vertex -1.1116999983787537 2.678999997675419 0
      vertex -2.0846000015735626 10.790100000798702 0
      vertex 0.998599998652935 4.310999996960163 0
    endloop
  endfacet
  facet normal 0 1 0
    outer loop
      vertex -17.311200000345707 8.749499998986721 0
      vertex -9.790700003504753 8.749499998986721 3
      vertex -9.790700003504753 8.749499998986721 0
    endloop
  endfacet
  facet normal -0.35389207515255333 0.9352862658802488 0
    outer loop
      vertex -9.746299996972084 8.76630000025034 0
      vertex -9.790700003504753 8.749499998986721 0
      vertex -9.746299996972084 8.76630000025034 3
    endloop
  endfacet
  facet normal -0.31773244183983623 0.9481804128975113 0
    outer loop
      vertex -9.63910000026226 8.803199999034405 0
      vertex -9.695799998939037 8.784199997782707 0
      vertex -9.63910000026226 8.803199999034405 3
    endloop
  endfacet
  facet normal -0.3340889517838154 0.9425415493738148 0
    outer loop
      vertex -9.746299996972084 8.76630000025034 0
      vertex -9.695799998939037 8.784199997782707 3
      vertex -9.695799998939037 8.784199997782707 0
    endloop
  endfacet
  facet normal -0.30257917306158894 0.9531242542446211 0
    outer loop
      vertex -9.63910000026226 8.803199999034405 0
      vertex -9.576099999248981 8.82320000231266 3
      vertex -9.576099999248981 8.82320000231266 0
    endloop
  endfacet
  facet normal -0.2926373024081184 0.9562235142681336 0
    outer loop
      vertex -9.506499998271465 8.844499997794628 0
      vertex -9.576099999248981 8.82320000231266 0
      vertex -9.506499998271465 8.844499997794628 3
    endloop
  endfacet
  facet normal -0.281210429241189 0.9596461298238983 0
    outer loop
      vertex -9.506499998271465 8.844499997794628 0
      vertex -9.430399999022484 8.866800002753735 3
      vertex -9.430399999022484 8.866800002753735 0
    endloop
  endfacet
  facet normal -0.2734964040279198 0.9618730253956583 0
    outer loop
      vertex -9.430399999022484 8.866800002753735 0
      vertex -9.34740000218153 8.890399999916553 3
      vertex -9.34740000218153 8.890399999916553 0
    endloop
  endfacet
  facet normal -0.2662041833822538 0.9639166627617697 0
    outer loop
      vertex -9.34740000218153 8.890399999916553 0
      vertex -9.257600001990795 8.915200002491474 3
      vertex -9.257600001990795 8.915200002491474 0
    endloop
  endfacet
  facet normal -0.25940096298647874 0.9657697139596414 0
    outer loop
      vertex -9.257600001990795 8.915200002491474 0
      vertex -9.160800002515316 8.941200003027916 3
      vertex -9.160800002515316 8.941200003027916 0
    endloop
  endfacet
  facet normal -0.2538981251708155 0.9672309662302717 0
    outer loop
      vertex -9.160800002515316 8.941200003027916 0
      vertex -9.056800000369549 8.96850000321865 3
      vertex -9.056800000369549 8.96850000321865 0
    endloop
  endfacet
  facet normal -0.2488777908074598 0.9685348962442181 0
    outer loop
      vertex -9.056800000369549 8.96850000321865 0
      vertex -8.945500001311302 8.997100003063679 3
      vertex -8.945500001311302 8.997100003063679 0
    endloop
  endfacet
  facet normal -0.24407187143955694 0.9697571456668893 0
    outer loop
      vertex -8.945500001311302 8.997100003063679 0
      vertex -8.826700001955032 9.027000002563 3
      vertex -8.826700001955032 9.027000002563 0
    endloop
  endfacet
  facet normal -0.23990160727004883 0.9707972078808463 0
    outer loop
      vertex -8.826700001955032 9.027000002563 0
      vertex -8.687899999320507 9.061300002038479 3
      vertex -8.687899999320507 9.061300002038479 0
    endloop
  endfacet
  facet normal -0.2366852118646779 0.9715863885854786 0
    outer loop
      vertex -8.687899999320507 9.061300002038479 0
      vertex -8.539300002157688 9.097499996423721 3
      vertex -8.539300002157688 9.097499996423721 0
    endloop
  endfacet
  facet normal -0.23242188652873244 0.9726150660268558 0
    outer loop
      vertex -8.539300002157688 9.097499996423721 0
      vertex -8.380699999630451 9.135399997234344 3
      vertex -8.380699999630451 9.135399997234344 0
    endloop
  endfacet
  facet normal -0.22936054782255477 0.9733415326094627 0
    outer loop
      vertex -8.380699999630451 9.135399997234344 0
      vertex -8.211800001561642 9.175200000405312 3
      vertex -8.211800001561642 9.175200000405312 0
    endloop
  endfacet
  facet normal -0.22652546644008958 0.9740052428268031 0
    outer loop
      vertex -8.211800001561642 9.175200000405312 0
      vertex -8.032499998807907 9.216899998486042 3
      vertex -8.032499998807907 9.216899998486042 0
    endloop
  endfacet
  facet normal -0.22354868552038373 0.9746927645171625 0
    outer loop
      vertex -8.032499998807907 9.216899998486042 0
      vertex -7.842399999499321 9.260499998927116 3
      vertex -7.842399999499321 9.260499998927116 0
    endloop
  endfacet
  facet normal -0.2213483731822436 0.9751947998679926 0
    outer loop
      vertex -7.842399999499321 9.260499998927116 0
      vertex -7.641500003635883 9.306100003421307 3
      vertex -7.641500003635883 9.306100003421307 0
    endloop
  endfacet
  facet normal -0.2189757415349846 0.9757303032186729 0
    outer loop
      vertex -7.641500003635883 9.306100003421307 0
      vertex -7.429399996995926 9.353699997067451 3
      vertex -7.429399996995926 9.353699997067451 0
    endloop
  endfacet
  facet normal 0 0 -1
    outer loop
      vertex -1.1116999983787537 2.678999997675419 0
      vertex -5.019400000572205 9.924300000071526 0
      vertex -4.134300000965595 10.172799997031689 0
    endloop
  endfacet
  facet normal 0 0 -1
    outer loop
      vertex -1.1116999983787537 2.678999997675419 0
      vertex -4.134300000965595 10.172799997031689 0
      vertex -3.153099998831749 10.462600000202656 0
    endloop
  endfacet
  facet normal 0 0 -1
    outer loop
      vertex -1.1116999983787537 2.678999997675419 0
      vertex -3.153099998831749 10.462600000202656 0
      vertex -2.0846000015735626 10.790100000798702 0
    endloop
  endfacet
  facet normal 0 0 -1
    outer loop
      vertex -2.0846000015735626 10.790100000798702 0
      vertex 1.0226000025868416 4.3297000005841255 0
      vertex 0.998599998652935 4.310999996960163 0
    endloop
  endfacet
  facet normal 0 0 -1
    outer loop
      vertex -2.0846000015735626 10.790100000798702 0
      vertex -0.937899999320507 11.151799999177456 0
      vertex 1.0226000025868416 4.3297000005841255 0
    endloop
  endfacet
  facet normal -0.21665297525851923 0.9762486815927751 0
    outer loop
      vertex -7.429399996995926 9.353699997067451 0
      vertex -7.205899998545647 9.403300002217293 3
      vertex -7.205899998545647 9.403300002217293 0
    endloop
  endfacet
  facet normal -0.21486176731710493 0.9766444700838531 0
    outer loop
      vertex -7.205899998545647 9.403300002217293 0
      vertex -6.970899999141693 9.45499999821186 3
      vertex -6.970899999141693 9.45499999821186 0
    endloop
  endfacet
  facet normal -0.21290608087225 0.9770726691130087 0
    outer loop
      vertex -6.970899999141693 9.45499999821186 0
      vertex -6.723999999463558 9.508799999952316 3
      vertex -6.723999999463558 9.508799999952316 0
    endloop
  endfacet
  facet normal -0.2114107770524631 0.9773973006644094 0
    outer loop
      vertex -6.723999999463558 9.508799999952316 0
      vertex -6.46509999781847 9.564800001680851 3
      vertex -6.46509999781847 9.564800001680851 0
    endloop
  endfacet
  facet normal -0.2277104062018596 0.9737289001089492 0
    outer loop
      vertex -6.46509999781847 9.564800001680851 0
      vertex -5.799300000071526 9.720499999821186 3
      vertex -5.799300000071526 9.720499999821186 0
    endloop
  endfacet
  facet normal -0.2528258805720341 0.9675117953353207 0
    outer loop
      vertex -5.799300000071526 9.720499999821186 0
      vertex -5.019400000572205 9.924300000071526 3
      vertex -5.019400000572205 9.924300000071526 0
    endloop
  endfacet
  facet normal -0.27030768672877675 0.9627739893117894 0
    outer loop
      vertex -5.019400000572205 9.924300000071526 0
      vertex -4.134300000965595 10.172799997031689 3
      vertex -4.134300000965595 10.172799997031689 0
    endloop
  endfacet
  facet normal -0.28325624729918314 0.9590442629858039 0
    outer loop
      vertex -4.134300000965595 10.172799997031689 0
      vertex -3.153099998831749 10.462600000202656 3
      vertex -3.153099998831749 10.462600000202656 0
    endloop
  endfacet
  facet normal -0.2930481882265437 0.956097672509007 0
    outer loop
      vertex -3.153099998831749 10.462600000202656 0
      vertex -2.0846000015735626 10.790100000798702 3
      vertex -2.0846000015735626 10.790100000798702 0
    endloop
  endfacet
  facet normal -0.30081690536246564 0.9536819120902679 0
    outer loop
      vertex -2.0846000015735626 10.790100000798702 0
      vertex -0.937899999320507 11.151799999177456 3
      vertex -0.937899999320507 11.151799999177456 0
    endloop
  endfacet
  facet normal -0.3070805224561991 0.9516835360181596 0
    outer loop
      vertex -0.937899999320507 11.151799999177456 0
      vertex 0.2782000005245209 11.544200003147125 3
      vertex 0.2782000005245209 11.544200003147125 0
    endloop
  endfacet
  facet normal 0 1 0
    outer loop
      vertex -17.311200000345707 8.749499998986721 0
      vertex -17.311200000345707 8.749499998986721 3
      vertex -9.790700003504753 8.749499998986721 3
    endloop
  endfacet
  facet normal -0.35389207515255333 0.9352862658802488 0
    outer loop
      vertex -9.790700003504753 8.749499998986721 0
      vertex -9.790700003504753 8.749499998986721 3
      vertex -9.746299996972084 8.76630000025034 3
    endloop
  endfacet
  facet normal -0.3340889517838154 0.9425415493738148 0
    outer loop
      vertex -9.746299996972084 8.76630000025034 0
      vertex -9.746299996972084 8.76630000025034 3
      vertex -9.695799998939037 8.784199997782707 3
    endloop
  endfacet
  facet normal -0.30257917306158894 0.9531242542446211 0
    outer loop
      vertex -9.63910000026226 8.803199999034405 0
      vertex -9.63910000026226 8.803199999034405 3
      vertex -9.576099999248981 8.82320000231266 3
    endloop
  endfacet
  facet normal -0.31773244183983623 0.9481804128975113 0
    outer loop
      vertex -9.695799998939037 8.784199997782707 0
      vertex -9.695799998939037 8.784199997782707 3
      vertex -9.63910000026226 8.803199999034405 3
    endloop
  endfacet
  facet normal -0.2926373024081184 0.9562235142681336 0
    outer loop
      vertex -9.576099999248981 8.82320000231266 0
      vertex -9.576099999248981 8.82320000231266 3
      vertex -9.506499998271465 8.844499997794628 3
    endloop
  endfacet
  facet normal -0.281210429241189 0.9596461298238983 0
    outer loop
      vertex -9.506499998271465 8.844499997794628 0
      vertex -9.506499998271465 8.844499997794628 3
      vertex -9.430399999022484 8.866800002753735 3
    endloop
  endfacet
  facet normal -0.2734964040279198 0.9618730253956583 0
    outer loop
      vertex -9.430399999022484 8.866800002753735 0
      vertex -9.430399999022484 8.866800002753735 3
      vertex -9.34740000218153 8.890399999916553 3
    endloop
  endfacet
  facet normal -0.2662041833822538 0.9639166627617697 0
    outer loop
      vertex -9.34740000218153 8.890399999916553 0
      vertex -9.34740000218153 8.890399999916553 3
      vertex -9.257600001990795 8.915200002491474 3
    endloop
  endfacet
  facet normal -0.25940096298647874 0.9657697139596414 0
    outer loop
      vertex -9.257600001990795 8.915200002491474 0
      vertex -9.257600001990795 8.915200002491474 3
      vertex -9.160800002515316 8.941200003027916 3
    endloop
  endfacet
  facet normal -0.2538981251708155 0.9672309662302717 0
    outer loop
      vertex -9.160800002515316 8.941200003027916 0
      vertex -9.160800002515316 8.941200003027916 3
      vertex -9.056800000369549 8.96850000321865 3
    endloop
  endfacet
  facet normal -0.2488777908074598 0.9685348962442181 0
    outer loop
      vertex -9.056800000369549 8.96850000321865 0
      vertex -9.056800000369549 8.96850000321865 3
      vertex -8.945500001311302 8.997100003063679 3
    endloop
  endfacet
  facet normal -0.24407187143955694 0.9697571456668893 0
    outer loop
      vertex -8.945500001311302 8.997100003063679 0
      vertex -8.945500001311302 8.997100003063679 3
      vertex -8.826700001955032 9.027000002563 3
    endloop
  endfacet
  facet normal -0.23990160727004883 0.9707972078808463 0
    outer loop
      vertex -8.826700001955032 9.027000002563 0
      vertex -8.826700001955032 9.027000002563 3
      vertex -8.687899999320507 9.061300002038479 3
    endloop
  endfacet
  facet normal -0.2366852118646779 0.9715863885854786 0
    outer loop
      vertex -8.687899999320507 9.061300002038479 0
      vertex -8.687899999320507 9.061300002038479 3
      vertex -8.539300002157688 9.097499996423721 3
    endloop
  endfacet
  facet normal -0.23242188652873244 0.9726150660268558 0
    outer loop
      vertex -8.539300002157688 9.097499996423721 0
      vertex -8.539300002157688 9.097499996423721 3
      vertex -8.380699999630451 9.135399997234344 3
    endloop
  endfacet
  facet normal -0.22936054782255477 0.9733415326094627 0
    outer loop
      vertex -8.380699999630451 9.135399997234344 0
      vertex -8.380699999630451 9.135399997234344 3
      vertex -8.211800001561642 9.175200000405312 3
    endloop
  endfacet
  facet normal -0.22652546644008958 0.9740052428268031 0
    outer loop
      vertex -8.211800001561642 9.175200000405312 0
      vertex -8.211800001561642 9.175200000405312 3
      vertex -8.032499998807907 9.216899998486042 3
    endloop
  endfacet
  facet normal -0.22354868552038373 0.9746927645171625 0
    outer loop
      vertex -8.032499998807907 9.216899998486042 0
      vertex -8.032499998807907 9.216899998486042 3
      vertex -7.842399999499321 9.260499998927116 3
    endloop
  endfacet
  facet normal -0.2213483731822436 0.9751947998679926 0
    outer loop
      vertex -7.842399999499321 9.260499998927116 0
      vertex -7.842399999499321 9.260499998927116 3
      vertex -7.641500003635883 9.306100003421307 3
    endloop
  endfacet
  facet normal -0.2189757415349846 0.9757303032186729 0
    outer loop
      vertex -7.641500003635883 9.306100003421307 0
      vertex -7.641500003635883 9.306100003421307 3
      vertex -7.429399996995926 9.353699997067451 3
    endloop
  endfacet
  facet normal -0.21665297525851923 0.9762486815927751 0
    outer loop
      vertex -7.429399996995926 9.353699997067451 0
      vertex -7.429399996995926 9.353699997067451 3
      vertex -7.205899998545647 9.403300002217293 3
    endloop
  endfacet
  facet normal -0.21486176731710493 0.9766444700838531 0
    outer loop
      vertex -7.205899998545647 9.403300002217293 0
      vertex -7.205899998545647 9.403300002217293 3
      vertex -6.970899999141693 9.45499999821186 3
    endloop
  endfacet
  facet normal -0.21290608087225 0.9770726691130087 0
    outer loop
      vertex -6.970899999141693 9.45499999821186 0
      vertex -6.970899999141693 9.45499999821186 3
      vertex -6.723999999463558 9.508799999952316 3
    endloop
  endfacet
  facet normal -0.2114107770524631 0.9773973006644094 0
    outer loop
      vertex -6.723999999463558 9.508799999952316 0
      vertex -6.723999999463558 9.508799999952316 3
      vertex -6.46509999781847 9.564800001680851 3
    endloop
  endfacet
  facet normal -0.2277104062018596 0.9737289001089492 0
    outer loop
      vertex -6.46509999781847 9.564800001680851 0
      vertex -6.46509999781847 9.564800001680851 3
      vertex -5.799300000071526 9.720499999821186 3
    endloop
  endfacet
  facet normal -0.2528258805720341 0.9675117953353207 0
    outer loop
      vertex -5.799300000071526 9.720499999821186 0
      vertex -5.799300000071526 9.720499999821186 3
      vertex -5.019400000572205 9.924300000071526 3
    endloop
  endfacet
  facet normal -0.27030768672877675 0.9627739893117894 0
    outer loop
      vertex -5.019400000572205 9.924300000071526 0
      vertex -5.019400000572205 9.924300000071526 3
      vertex -4.134300000965595 10.172799997031689 3
    endloop
  endfacet
  facet normal -0.28325624729918314 0.9590442629858039 0
    outer loop
      vertex -4.134300000965595 10.172799997031689 0
      vertex -4.134300000965595 10.172799997031689 3
      vertex -3.153099998831749 10.462600000202656 3
    endloop
  endfacet
  facet normal -0.2930481882265437 0.956097672509007 0
    outer loop
      vertex -3.153099998831749 10.462600000202656 0
      vertex -3.153099998831749 10.462600000202656 3
      vertex -2.0846000015735626 10.790100000798702 3
    endloop
  endfacet
  facet normal -0.30081690536246564 0.9536819120902679 0
    outer loop
      vertex -2.0846000015735626 10.790100000798702 0
      vertex -2.0846000015735626 10.790100000798702 3
      vertex -0.937899999320507 11.151799999177456 3
    endloop
  endfacet
  facet normal -0.3070805224561991 0.9516835360181596 0
    outer loop
      vertex -0.937899999320507 11.151799999177456 0
      vertex -0.937899999320507 11.151799999177456 3
      vertex 0.2782000005245209 11.544200003147125 3
    endloop
  endfacet
  facet normal 0 0 1
    outer loop
      vertex -12.777000002563 -7.531599998474121 3
      vertex -17.311200000345707 8.749499998986721 3
      vertex -22.60930000245571 9.564599998295307 3
    endloop
  endfacet
  facet normal 0 0 1
    outer loop
      vertex -10.474200002849102 -6.086199998855591 3
      vertex -9.790700003504753 8.749499998986721 3
      vertex -17.311200000345707 8.749499998986721 3
    endloop
  endfacet
  facet normal 0 0 1
    outer loop
      vertex -9.746299996972084 8.76630000025034 3
      vertex 6.689900003373623 -13.41550000011921 3
      vertex -9.695799998939037 8.784199997782707 3
    endloop
  endfacet
  facet normal 0 0 1
    outer loop
      vertex -9.746299996972084 8.76630000025034 3
      vertex -9.790700003504753 8.749499998986721 3
      vertex 6.689900003373623 -13.41550000011921 3
    endloop
  endfacet
  facet normal 0 0 1
    outer loop
      vertex -9.63910000026226 8.803199999034405 3
      vertex 6.689900003373623 -13.41550000011921 3
      vertex -9.576099999248981 8.82320000231266 3
    endloop
  endfacet
  facet normal 0 0 1
    outer loop
      vertex -9.63910000026226 8.803199999034405 3
      vertex -9.695799998939037 8.784199997782707 3
      vertex 6.689900003373623 -13.41550000011921 3
    endloop
  endfacet
  facet normal 0 0 1
    outer loop
      vertex -9.506499998271465 8.844499997794628 3
      vertex -9.576099999248981 8.82320000231266 3
      vertex 6.689900003373623 -13.41550000011921 3
    endloop
  endfacet
  facet normal 0 0 1
    outer loop
      vertex -9.430399999022484 8.866800002753735 3
      vertex 6.689900003373623 -13.41550000011921 3
      vertex -9.34740000218153 8.890399999916553 3
    endloop
  endfacet
  facet normal 0 0 1
    outer loop
      vertex -9.506499998271465 8.844499997794628 3
      vertex 6.689900003373623 -13.41550000011921 3
      vertex -9.430399999022484 8.866800002753735 3
    endloop
  endfacet
  facet normal 0 0 1
    outer loop
      vertex -9.257600001990795 8.915200002491474 3
      vertex 6.689900003373623 -13.41550000011921 3
      vertex -9.160800002515316 8.941200003027916 3
    endloop
  endfacet
  facet normal 0 0 1
    outer loop
      vertex -9.34740000218153 8.890399999916553 3
      vertex 6.689900003373623 -13.41550000011921 3
      vertex -9.257600001990795 8.915200002491474 3
    endloop
  endfacet
  facet normal 0 0 1
    outer loop
      vertex -9.160800002515316 8.941200003027916 3
      vertex 6.689900003373623 -13.41550000011921 3
      vertex -9.056800000369549 8.96850000321865 3
    endloop
  endfacet
  facet normal 0 0 1
    outer loop
      vertex -1.7071999981999397 -1.433899998664856 3
      vertex -9.056800000369549 8.96850000321865 3
      vertex 0.7378999963402748 -4.931599996984005 3
    endloop
  endfacet
  facet normal 0 0 1
    outer loop
      vertex -1.7071999981999397 -1.433899998664856 3
      vertex -1.1116999983787537 2.678999997675419 3
      vertex -9.056800000369549 8.96850000321865 3
    endloop
  endfacet
  facet normal 0 0 1
    outer loop
      vertex -1.1116999983787537 2.678999997675419 3
      vertex 0.998599998652935 4.310999996960163 3
      vertex -4.134300000965595 10.172799997031689 3
    endloop
  endfacet
  facet normal 0 0 1
    outer loop
      vertex -1.1116999983787537 2.678999997675419 3
      vertex -8.945500001311302 8.997100003063679 3
      vertex -9.056800000369549 8.96850000321865 3
    endloop
  endfacet
  facet normal 0 0 1
    outer loop
      vertex -1.1116999983787537 2.678999997675419 3
      vertex -8.826700001955032 9.027000002563 3
      vertex -8.945500001311302 8.997100003063679 3
    endloop
  endfacet
  facet normal 0 0 1
    outer loop
      vertex -1.1116999983787537 2.678999997675419 3
      vertex -8.687899999320507 9.061300002038479 3
      vertex -8.826700001955032 9.027000002563 3
    endloop
  endfacet
  facet normal 0 0 1
    outer loop
      vertex -1.1116999983787537 2.678999997675419 3
      vertex -8.539300002157688 9.097499996423721 3
      vertex -8.687899999320507 9.061300002038479 3
    endloop
  endfacet
  facet normal 0 0 1
    outer loop
      vertex -1.1116999983787537 2.678999997675419 3
      vertex -8.380699999630451 9.135399997234344 3
      vertex -8.539300002157688 9.097499996423721 3
    endloop
  endfacet
  facet normal 0 0 1
    outer loop
      vertex -1.1116999983787537 2.678999997675419 3
      vertex -8.211800001561642 9.175200000405312 3
      vertex -8.380699999630451 9.135399997234344 3
    endloop
  endfacet
  facet normal 0 0 1
    outer loop
      vertex -1.1116999983787537 2.678999997675419 3
      vertex -8.032499998807907 9.216899998486042 3
      vertex -8.211800001561642 9.175200000405312 3
    endloop
  endfacet
  facet normal 0 0 1
    outer loop
      vertex -1.1116999983787537 2.678999997675419 3
      vertex -7.842399999499321 9.260499998927116 3
      vertex -8.032499998807907 9.216899998486042 3
    endloop
  endfacet
  facet normal 0 0 1
    outer loop
      vertex -1.1116999983787537 2.678999997675419 3
      vertex -7.641500003635883 9.306100003421307 3
      vertex -7.842399999499321 9.260499998927116 3
    endloop
  endfacet
  facet normal 0 0 1
    outer loop
      vertex -1.1116999983787537 2.678999997675419 3
      vertex -7.429399996995926 9.353699997067451 3
      vertex -7.641500003635883 9.306100003421307 3
    endloop
  endfacet
  facet normal 0 0 1
    outer loop
      vertex -1.1116999983787537 2.678999997675419 3
      vertex -7.205899998545647 9.403300002217293 3
      vertex -7.429399996995926 9.353699997067451 3
    endloop
  endfacet
  facet normal 0 0 1
    outer loop
      vertex -1.1116999983787537 2.678999997675419 3
      vertex -6.970899999141693 9.45499999821186 3
      vertex -7.205899998545647 9.403300002217293 3
    endloop
  endfacet
  facet normal 0 0 1
    outer loop
      vertex -1.1116999983787537 2.678999997675419 3
      vertex -6.723999999463558 9.508799999952316 3
      vertex -6.970899999141693 9.45499999821186 3
    endloop
  endfacet
  facet normal 0 0 1
    outer loop
      vertex -1.1116999983787537 2.678999997675419 3
      vertex -6.46509999781847 9.564800001680851 3
      vertex -6.723999999463558 9.508799999952316 3
    endloop
  endfacet
  facet normal 0 0 1
    outer loop
      vertex -1.1116999983787537 2.678999997675419 3
      vertex -5.799300000071526 9.720499999821186 3
      vertex -6.46509999781847 9.564800001680851 3
    endloop
  endfacet
  facet normal 0 0 1
    outer loop
      vertex -1.1116999983787537 2.678999997675419 3
      vertex -5.019400000572205 9.924300000071526 3
      vertex -5.799300000071526 9.720499999821186 3
    endloop
  endfacet
  facet normal 0 0 1
    outer loop
      vertex -1.1116999983787537 2.678999997675419 3
      vertex -4.134300000965595 10.172799997031689 3
      vertex -5.019400000572205 9.924300000071526 3
    endloop
  endfacet
  facet normal 0 0 1
    outer loop
      vertex -2.0846000015735626 10.790100000798702 3
      vertex 0.998599998652935 4.310999996960163 3
      vertex 1.0226000025868416 4.3297000005841255 3
    endloop
  endfacet
  facet normal 0 0 1
    outer loop
      vertex -4.134300000965595 10.172799997031689 3
      vertex 0.998599998652935 4.310999996960163 3
      vertex -3.153099998831749 10.462600000202656 3
    endloop
  endfacet
  facet normal 0 0 1
    outer loop
      vertex -3.153099998831749 10.462600000202656 3
      vertex 0.998599998652935 4.310999996960163 3
      vertex -2.0846000015735626 10.790100000798702 3
    endloop
  endfacet
  facet normal 0 0 1
    outer loop
      vertex -2.0846000015735626 10.790100000798702 3
      vertex 1.0226000025868416 4.3297000005841255 3
      vertex -0.937899999320507 11.151799999177456 3
    endloop
  endfacet
  facet normal 0.7440470465062379 -0.6681272278431287 0
    outer loop
      vertex -0.00029999762773513794 -24.822999998927116 0
      vertex 4.88570000231266 -19.38180000334978 0
      vertex -0.00029999762773513794 -24.822999998927116 3
    endloop
  endfacet
  facet normal 0.7440470465062379 -0.6681272278431287 7.843797647674826e-17
    outer loop
      vertex -0.00029999762773513794 -24.822999998927116 3
      vertex 4.88570000231266 -19.38180000334978 0
      vertex 4.88570000231266 -19.38180000334978 3
    endloop
  endfacet
  facet normal 1 0 0
    outer loop
      vertex 4.88570000231266 -19.38180000334978 0
      vertex 4.88570000231266 -16.20149999856949 0
      vertex 4.88570000231266 -19.38180000334978 3
    endloop
  endfacet
  facet normal 0 0 -1
    outer loop
      vertex 0.649899996817112 -12.963500000536442 0
      vertex 6.689900003373623 -13.41550000011921 0
      vertex 3.811499997973442 -14.770099997520447 0
    endloop
  endfacet
  facet normal 0.5582704987354767 0.8296589963603371 -7.776331958120273e-17
    outer loop
      vertex -1.0367999970912933 -12.216300003230572 0
      vertex 4.88570000231266 -16.20149999856949 3
      vertex 4.88570000231266 -16.20149999856949 0
    endloop
  endfacet
  facet normal -0.49613302263781217 -0.868246522508595 0
    outer loop
      vertex 0.649899996817112 -12.963500000536442 0
      vertex 3.811499997973442 -14.770099997520447 0
      vertex 0.649899996817112 -12.963500000536442 3
    endloop
  endfacet
  facet normal 0.4258121733907969 -0.9048115787235516 0
    outer loop
      vertex 3.811499997973442 -14.770099997520447 0
      vertex 6.689900003373623 -13.41550000011921 0
      vertex 3.811499997973442 -14.770099997520447 3
    endloop
  endfacet
  facet normal 0.34174255199117437 -0.9397936093411996 0
    outer loop
      vertex 6.689900003373623 -13.41550000011921 0
      vertex 6.692100003361702 -13.414700001478195 0
      vertex 6.689900003373623 -13.41550000011921 3
    endloop
  endfacet
  facet normal 1 0 0
    outer loop
      vertex 4.88570000231266 -16.20149999856949 0
      vertex 4.88570000231266 -16.20149999856949 3
      vertex 4.88570000231266 -19.38180000334978 3
    endloop
  endfacet
  facet normal 0.5582704987354767 0.8296589963603371 0
    outer loop
      vertex -1.0367999970912933 -12.216300003230572 0
      vertex -1.0367999970912933 -12.216300003230572 3
      vertex 4.88570000231266 -16.20149999856949 3
    endloop
  endfacet
  facet normal -0.49613302263781217 -0.868246522508595 0
    outer loop
      vertex 3.811499997973442 -14.770099997520447 0
      vertex 3.811499997973442 -14.770099997520447 3
      vertex 0.649899996817112 -12.963500000536442 3
    endloop
  endfacet
  facet normal 0.4258121733907969 -0.9048115787235516 0
    outer loop
      vertex 6.689900003373623 -13.41550000011921 0
      vertex 6.689900003373623 -13.41550000011921 3
      vertex 3.811499997973442 -14.770099997520447 3
    endloop
  endfacet
  facet normal 0.34174255199117437 -0.9397936093411996 0
    outer loop
      vertex 6.692100003361702 -13.414700001478195 0
      vertex 6.692100003361702 -13.414700001478195 3
      vertex 6.689900003373623 -13.41550000011921 3
    endloop
  endfacet
  facet normal 0 0 1
    outer loop
      vertex 0.649899996817112 -12.963500000536442 3
      vertex 3.811499997973442 -14.770099997520447 3
      vertex 6.689900003373623 -13.41550000011921 3
    endloop
  endfacet
  facet normal 0 0 -1
    outer loop
      vertex 6.689900003373623 -13.41550000011921 0
      vertex 5.457800000905991 -5.240599997341633 0
      vertex 6.692100003361702 -13.414700001478195 0
    endloop
  endfacet
  facet normal 0 0 -1
    outer loop
      vertex 6.689900003373623 -13.41550000011921 0
      vertex 0.7378999963402748 -4.931599996984005 0
      vertex 5.457800000905991 -5.240599997341633 0
    endloop
  endfacet
  facet normal 0.4446268814910749 -0.8957158792025078 0
    outer loop
      vertex 6.692100003361702 -13.414700001478195 0
      vertex 14.23250000178814 -9.67170000076294 0
      vertex 6.692100003361702 -13.414700001478195 3
    endloop
  endfacet
  facet normal 0.4446268814910749 -0.8957158792025078 0
    outer loop
      vertex 14.23250000178814 -9.67170000076294 0
      vertex 14.23250000178814 -9.67170000076294 3
      vertex 6.692100003361702 -13.414700001478195 3
    endloop
  endfacet
  facet normal 0.44062445710836895 -0.8976915326535921 0
    outer loop
      vertex 14.23250000178814 -9.67170000076294 0
      vertex 26.134300000965595 -3.8298000022768974 0
      vertex 14.23250000178814 -9.67170000076294 3
    endloop
  endfacet
  facet normal 0 0 -1
    outer loop
      vertex 6.692100003361702 -13.414700001478195 0
      vertex 5.457800000905991 -5.240599997341633 0
      vertex 41.46320000290871 7.127499997615814 0
    endloop
  endfacet
  facet normal 0 0 -1
    outer loop
      vertex 6.692100003361702 -13.414700001478195 0
      vertex 41.46320000290871 7.127499997615814 0
      vertex 14.23250000178814 -9.67170000076294 0
    endloop
  endfacet
  facet normal 0 0 -1
    outer loop
      vertex 14.23250000178814 -9.67170000076294 0
      vertex 41.46320000290871 7.127499997615814 0
      vertex 26.134300000965595 -3.8298000022768974 0
    endloop
  endfacet
  facet normal 0.3517931597552244 -0.9360777599908222 0
    outer loop
      vertex 26.134300000965595 -3.8298000022768974 0
      vertex 34.481200002133846 -0.6929000020027161 0
      vertex 26.134300000965595 -3.8298000022768974 3
    endloop
  endfacet
  facet normal 0.44062445710836895 -0.8976915326535921 0
    outer loop
      vertex 26.134300000965595 -3.8298000022768974 0
      vertex 26.134300000965595 -3.8298000022768974 3
      vertex 14.23250000178814 -9.67170000076294 3
    endloop
  endfacet
  facet normal 0 0 1
    outer loop
      vertex 6.689900003373623 -13.41550000011921 3
      vertex 6.692100003361702 -13.414700001478195 3
      vertex 0.7378999963402748 -4.931599996984005 3
    endloop
  endfacet
  facet normal 0 0 1
    outer loop
      vertex 6.692100003361702 -13.414700001478195 3
      vertex 5.457800000905991 -5.240599997341633 3
      vertex 0.7378999963402748 -4.931599996984005 3
    endloop
  endfacet
  facet normal 0 0 1
    outer loop
      vertex 6.692100003361702 -13.414700001478195 3
      vertex 14.23250000178814 -9.67170000076294 3
      vertex 5.457800000905991 -5.240599997341633 3
    endloop
  endfacet
  facet normal 0 0 1
    outer loop
      vertex 14.23250000178814 -9.67170000076294 3
      vertex 26.134300000965595 -3.8298000022768974 3
      vertex 5.457800000905991 -5.240599997341633 3
    endloop
  endfacet
  facet normal 0 0 1
    outer loop
      vertex 5.457800000905991 -5.240599997341633 3
      vertex 26.134300000965595 -3.8298000022768974 3
      vertex 34.481200002133846 -0.6929000020027161 3
    endloop
  endfacet
  facet normal 0 0 1
    outer loop
      vertex 5.457800000905991 -5.240599997341633 3
      vertex 34.481200002133846 -0.6929000020027161 3
      vertex 41.762599997222424 1.5705000013113022 3
    endloop
  endfacet
  facet normal 0.3517931597552244 -0.9360777599908222 0
    outer loop
      vertex 34.481200002133846 -0.6929000020027161 0
      vertex 34.481200002133846 -0.6929000020027161 3
      vertex 26.134300000965595 -3.8298000022768974 3
    endloop
  endfacet
  facet normal 0 0 -1
    outer loop
      vertex -0.937899999320507 11.151799999177456 0
      vertex 0.2782000005245209 11.544200003147125 0
      vertex 1.0226000025868416 4.3297000005841255 0
    endloop
  endfacet
  facet normal 0 0 -1
    outer loop
      vertex 1.0226000025868416 4.3297000005841255 0
      vertex 0.2782000005245209 11.544200003147125 0
      vertex 1.5546000003814697 11.963799998164177 0
    endloop
  endfacet
  facet normal 0 0 -1
    outer loop
      vertex 1.0226000025868416 4.3297000005841255 0
      vertex 1.5546000003814697 11.963799998164177 0
      vertex 2.8822999969124794 12.407300002872944 0
    endloop
  endfacet
  facet normal 0 0 -1
    outer loop
      vertex 1.0226000025868416 4.3297000005841255 0
      vertex 2.8822999969124794 12.407300002872944 0
      vertex 4.252599999308586 12.870899997651577 0
    endloop
  endfacet
  facet normal 0 0 -1
    outer loop
      vertex 1.0226000025868416 4.3297000005841255 0
      vertex 4.252599999308586 12.870899997651577 0
      vertex 5.656199999153614 13.35130000114441 0
    endloop
  endfacet
  facet normal 0 0 -1
    outer loop
      vertex 1.0226000025868416 4.3297000005841255 0
      vertex 5.656199999153614 13.35130000114441 0
      vertex 7.084399998188019 13.844999998807907 0
    endloop
  endfacet
  facet normal 0 0 -1
    outer loop
      vertex 1.0226000025868416 4.3297000005841255 0
      vertex 7.084399998188019 13.844999998807907 0
      vertex 8.52650000154972 14.347900003194809 0
    endloop
  endfacet
  facet normal 0 0 -1
    outer loop
      vertex 1.0226000025868416 4.3297000005841255 0
      vertex 8.52650000154972 14.347900003194809 0
      vertex 9.974399998784065 14.856700003147125 0
    endloop
  endfacet
  facet normal 0 0 -1
    outer loop
      vertex 1.0226000025868416 4.3297000005841255 0
      vertex 9.974399998784065 14.856700003147125 0
      vertex 11.419200003147125 15.368100002408028 0
    endloop
  endfacet
  facet normal -0.3122953088351668 0.9499850736088161 0
    outer loop
      vertex 0.2782000005245209 11.544200003147125 0
      vertex 1.5546000003814697 11.963799998164177 3
      vertex 1.5546000003814697 11.963799998164177 0
    endloop
  endfacet
  facet normal -0.31682778620348917 0.9484830804444516 -1.321869595450976e-17
    outer loop
      vertex 1.5546000003814697 11.963799998164177 0
      vertex 2.8822999969124794 12.407300002872944 3
      vertex 2.8822999969124794 12.407300002872944 0
    endloop
  endfacet
  facet normal -0.320475939551021 0.9472566559116333 0
    outer loop
      vertex 2.8822999969124794 12.407300002872944 0
      vertex 4.252599999308586 12.870899997651577 3
      vertex 4.252599999308586 12.870899997651577 0
    endloop
  endfacet
  facet normal 0 0 -1
    outer loop
      vertex 1.0226000025868416 4.3297000005841255 0
      vertex 11.419200003147125 15.368100002408028 0
      vertex 12.851999998092651 15.8783999979496 0
    endloop
  endfacet
  facet normal 0 0 -1
    outer loop
      vertex 1.0226000025868416 4.3297000005841255 0
      vertex 12.851999998092651 15.8783999979496 0
      vertex 14.26349999755621 16.384199999272823 0
    endloop
  endfacet
  facet normal 0 0 -1
    outer loop
      vertex 1.0226000025868416 4.3297000005841255 0
      vertex 14.26349999755621 16.384199999272823 0
      vertex 15.645000003278255 16.881899997591972 0
    endloop
  endfacet
  facet normal 0 0 -1
    outer loop
      vertex 1.0226000025868416 4.3297000005841255 0
      vertex 15.645000003278255 16.881899997591972 0
      vertex 16.987199999392033 17.368000000715256 0
    endloop
  endfacet
  facet normal -0.3122953088351668 0.9499850736088161 0
    outer loop
      vertex 0.2782000005245209 11.544200003147125 0
      vertex 0.2782000005245209 11.544200003147125 3
      vertex 1.5546000003814697 11.963799998164177 3
    endloop
  endfacet
  facet normal -0.31682778620348917 0.9484830804444516 0
    outer loop
      vertex 1.5546000003814697 11.963799998164177 0
      vertex 1.5546000003814697 11.963799998164177 3
      vertex 2.8822999969124794 12.407300002872944 3
    endloop
  endfacet
  facet normal -0.320475939551021 0.9472566559116333 0
    outer loop
      vertex 2.8822999969124794 12.407300002872944 0
      vertex 2.8822999969124794 12.407300002872944 3
      vertex 4.252599999308586 12.870899997651577 3
    endloop
  endfacet
  facet normal 0 0 1
    outer loop
      vertex -0.937899999320507 11.151799999177456 3
      vertex 1.0226000025868416 4.3297000005841255 3
      vertex 37.827399998903275 17.358300000429153 3
    endloop
  endfacet
  facet normal 0 0 1
    outer loop
      vertex 5.457800000905991 -5.240599997341633 3
      vertex 41.762599997222424 1.5705000013113022 3
      vertex 41.46320000290871 7.127499997615814 3
    endloop
  endfacet
  facet normal -0.32382107024166606 0.9461183406252845 -1.2472717368413519e-17
    outer loop
      vertex 4.252599999308586 12.870899997651577 0
      vertex 5.656199999153614 13.35130000114441 3
      vertex 5.656199999153614 13.35130000114441 0
    endloop
  endfacet
  facet normal -0.3267105056490976 0.9451244603217669 0
    outer loop
      vertex 5.656199999153614 13.35130000114441 0
      vertex 7.084399998188019 13.844999998807907 3
      vertex 7.084399998188019 13.844999998807907 0
    endloop
  endfacet
  facet normal 0 0 -1
    outer loop
      vertex 1.0226000025868416 4.3297000005841255 0
      vertex 16.987199999392033 17.368000000715256 0
      vertex 18.281300000846386 17.839100003242493 0
    endloop
  endfacet
  facet normal 0 0 -1
    outer loop
      vertex 1.0226000025868416 4.3297000005841255 0
      vertex 18.281300000846386 17.839100003242493 0
      vertex 19.518200002610683 18.291400000452995 0
    endloop
  endfacet
  facet normal 0 0 -1
    outer loop
      vertex 1.0226000025868416 4.3297000005841255 0
      vertex 19.518200002610683 18.291400000452995 0
      vertex 20.689000003039837 18.721699997782707 0
    endloop
  endfacet
  facet normal 0 0 -1
    outer loop
      vertex 1.0226000025868416 4.3297000005841255 0
      vertex 20.689000003039837 18.721699997782707 0
      vertex 21.784500002861023 19.12619999796152 0
    endloop
  endfacet
  facet normal -0.32927984590297543 0.9442323776921192 0
    outer loop
      vertex 7.084399998188019 13.844999998807907 0
      vertex 8.52650000154972 14.347900003194809 3
      vertex 8.52650000154972 14.347900003194809 0
    endloop
  endfacet
  facet normal -0.331531454283504 0.943444166244439 0
    outer loop
      vertex 8.52650000154972 14.347900003194809 0
      vertex 9.974399998784065 14.856700003147125 3
      vertex 9.974399998784065 14.856700003147125 0
    endloop
  endfacet
  facet normal -0.3336732103105084 0.9426888079960849 0
    outer loop
      vertex 9.974399998784065 14.856700003147125 0
      vertex 11.419200003147125 15.368100002408028 3
      vertex 11.419200003147125 15.368100002408028 0
    endloop
  endfacet
  facet normal -0.33551159132718517 0.9420360779105543 0
    outer loop
      vertex 11.419200003147125 15.368100002408028 0
      vertex 12.851999998092651 15.8783999979496 3
      vertex 12.851999998092651 15.8783999979496 0
    endloop
  endfacet
  facet normal -0.3373375209530492 0.9413837670988656 1.2340842291164661e-17
    outer loop
      vertex 12.851999998092651 15.8783999979496 0
      vertex 14.26349999755621 16.384199999272823 3
      vertex 14.26349999755621 16.384199999272823 0
    endloop
  endfacet
  facet normal -0.32382107024166606 0.9461183406252845 0
    outer loop
      vertex 4.252599999308586 12.870899997651577 0
      vertex 4.252599999308586 12.870899997651577 3
      vertex 5.656199999153614 13.35130000114441 3
    endloop
  endfacet
  facet normal -0.3267105056490976 0.9451244603217669 0
    outer loop
      vertex 5.656199999153614 13.35130000114441 0
      vertex 5.656199999153614 13.35130000114441 3
      vertex 7.084399998188019 13.844999998807907 3
    endloop
  endfacet
  facet normal -0.32927984590297543 0.9442323776921192 0
    outer loop
      vertex 7.084399998188019 13.844999998807907 0
      vertex 7.084399998188019 13.844999998807907 3
      vertex 8.52650000154972 14.347900003194809 3
    endloop
  endfacet
  facet normal -0.331531454283504 0.943444166244439 0
    outer loop
      vertex 8.52650000154972 14.347900003194809 0
      vertex 8.52650000154972 14.347900003194809 3
      vertex 9.974399998784065 14.856700003147125 3
    endloop
  endfacet
  facet normal -0.3336732103105084 0.9426888079960849 0
    outer loop
      vertex 9.974399998784065 14.856700003147125 0
      vertex 9.974399998784065 14.856700003147125 3
      vertex 11.419200003147125 15.368100002408028 3
    endloop
  endfacet
  facet normal -0.33551159132718517 0.9420360779105543 0
    outer loop
      vertex 11.419200003147125 15.368100002408028 0
      vertex 11.419200003147125 15.368100002408028 3
      vertex 12.851999998092651 15.8783999979496 3
    endloop
  endfacet
  facet normal -0.3373375209530492 0.9413837670988656 0
    outer loop
      vertex 12.851999998092651 15.8783999979496 0
      vertex 12.851999998092651 15.8783999979496 3
      vertex 14.26349999755621 16.384199999272823 3
    endloop
  endfacet
  facet normal -0.3389364913723787 0.9408092552777004 0
    outer loop
      vertex 14.26349999755621 16.384199999272823 0
      vertex 14.26349999755621 16.384199999272823 3
      vertex 15.645000003278255 16.881899997591972 3
    endloop
  endfacet
  facet normal 0 0 -1
    outer loop
      vertex 1.0226000025868416 4.3297000005841255 0
      vertex 21.784500002861023 19.12619999796152 0
      vertex 22.795800000429153 19.501599997282028 0
    endloop
  endfacet
  facet normal 0 0 -1
    outer loop
      vertex 1.0226000025868416 4.3297000005841255 0
      vertex 22.798000000417233 19.502400003373623 0
      vertex 22.79959999769926 19.503100000321865 0
    endloop
  endfacet
  facet normal 0 0 -1
    outer loop
      vertex 1.0226000025868416 4.3297000005841255 0
      vertex 22.795800000429153 19.501599997282028 0
      vertex 22.798000000417233 19.502400003373623 0
    endloop
  endfacet
  facet normal 0 0 -1
    outer loop
      vertex 1.0226000025868416 4.3297000005841255 0
      vertex 22.79959999769926 19.503100000321865 0
      vertex 36.91160000115633 24.39859999716282 0
    endloop
  endfacet
  facet normal -0.3389364913723787 0.9408092552777004 0
    outer loop
      vertex 14.26349999755621 16.384199999272823 0
      vertex 15.645000003278255 16.881899997591972 3
      vertex 15.645000003278255 16.881899997591972 0
    endloop
  endfacet
  facet normal -0.34052223855390756 0.9402364623062838 0
    outer loop
      vertex 15.645000003278255 16.881899997591972 0
      vertex 16.987199999392033 17.368000000715256 3
      vertex 16.987199999392033 17.368000000715256 0
    endloop
  endfacet
  facet normal -0.3420753623777901 0.9396725208571886 0
    outer loop
      vertex 16.987199999392033 17.368000000715256 0
      vertex 18.281300000846386 17.839100003242493 3
      vertex 18.281300000846386 17.839100003242493 0
    endloop
  endfacet
  facet normal -0.34343125811588043 0.9391778164697799 0
    outer loop
      vertex 18.281300000846386 17.839100003242493 0
      vertex 19.518200002610683 18.291400000452995 3
      vertex 19.518200002610683 18.291400000452995 0
    endloop
  endfacet
  facet normal -0.34496593763670413 0.9386152043678121 0
    outer loop
      vertex 19.518200002610683 18.291400000452995 0
      vertex 20.689000003039837 18.721699997782707 3
      vertex 20.689000003039837 18.721699997782707 0
    endloop
  endfacet
  facet normal -0.3463798797032703 0.9380943337089017 0
    outer loop
      vertex 20.689000003039837 18.721699997782707 0
      vertex 21.784500002861023 19.12619999796152 3
      vertex 21.784500002861023 19.12619999796152 0
    endloop
  endfacet
  facet normal 0 0 -1
    outer loop
      vertex 1.0226000025868416 4.3297000005841255 0
      vertex 36.91160000115633 24.39859999716282 0
      vertex 37.827399998903275 17.358300000429153 0
    endloop
  endfacet
  facet normal -0.34052223855390756 0.9402364623062838 0
    outer loop
      vertex 15.645000003278255 16.881899997591972 0
      vertex 15.645000003278255 16.881899997591972 3
      vertex 16.987199999392033 17.368000000715256 3
    endloop
  endfacet
  facet normal -0.3420753623777901 0.9396725208571886 0
    outer loop
      vertex 16.987199999392033 17.368000000715256 0
      vertex 16.987199999392033 17.368000000715256 3
      vertex 18.281300000846386 17.839100003242493 3
    endloop
  endfacet
  facet normal -0.34343125811588043 0.9391778164697799 0
    outer loop
      vertex 18.281300000846386 17.839100003242493 0
      vertex 18.281300000846386 17.839100003242493 3
      vertex 19.518200002610683 18.291400000452995 3
    endloop
  endfacet
  facet normal -0.34496593763670413 0.9386152043678121 0
    outer loop
      vertex 19.518200002610683 18.291400000452995 0
      vertex 19.518200002610683 18.291400000452995 3
      vertex 20.689000003039837 18.721699997782707 3
    endloop
  endfacet
  facet normal -0.3463798797032703 0.9380943337089017 0
    outer loop
      vertex 20.689000003039837 18.721699997782707 0
      vertex 20.689000003039837 18.721699997782707 3
      vertex 21.784500002861023 19.12619999796152 3
    endloop
  endfacet
  facet normal -0.3480026489522464 0.9374935500163293 0
    outer loop
      vertex 21.784500002861023 19.12619999796152 0
      vertex 21.784500002861023 19.12619999796152 3
      vertex 22.795800000429153 19.501599997282028 3
    endloop
  endfacet
  facet normal -0.3480026489522464 0.9374935500163293 0
    outer loop
      vertex 21.784500002861023 19.12619999796152 0
      vertex 22.795800000429153 19.501599997282028 3
      vertex 22.795800000429153 19.501599997282028 0
    endloop
  endfacet
  facet normal -0.40081793881708017 0.9161577265528177 0
    outer loop
      vertex 22.79959999769926 19.503100000321865 0
      vertex 22.798000000417233 19.502400003373623 0
      vertex 22.79959999769926 19.503100000321865 3
    endloop
  endfacet
  facet normal -0.3417453630128371 0.9397925871484751 0
    outer loop
      vertex 22.798000000417233 19.502400003373623 0
      vertex 22.795800000429153 19.501599997282028 0
      vertex 22.798000000417233 19.502400003373623 3
    endloop
  endfacet
  facet normal -0.40081793881708017 0.9161577265528177 0
    outer loop
      vertex 22.798000000417233 19.502400003373623 0
      vertex 22.798000000417233 19.502400003373623 3
      vertex 22.79959999769926 19.503100000321865 3
    endloop
  endfacet
  facet normal -0.3417453630128371 0.9397925871484751 0
    outer loop
      vertex 22.795800000429153 19.501599997282028 0
      vertex 22.795800000429153 19.501599997282028 3
      vertex 22.798000000417233 19.502400003373623 3
    endloop
  endfacet
  facet normal -0.327742824048013 0.9447669772409666 0
    outer loop
      vertex 22.79959999769926 19.503100000321865 0
      vertex 22.79959999769926 19.503100000321865 3
      vertex 36.91160000115633 24.39859999716282 3
    endloop
  endfacet
  facet normal 0 0 1
    outer loop
      vertex -0.937899999320507 11.151799999177456 3
      vertex 37.827399998903275 17.358300000429153 3
      vertex 0.2782000005245209 11.544200003147125 3
    endloop
  endfacet
  facet normal 0 0 1
    outer loop
      vertex 0.2782000005245209 11.544200003147125 3
      vertex 37.827399998903275 17.358300000429153 3
      vertex 1.5546000003814697 11.963799998164177 3
    endloop
  endfacet
  facet normal 0 0 1
    outer loop
      vertex 1.5546000003814697 11.963799998164177 3
      vertex 37.827399998903275 17.358300000429153 3
      vertex 2.8822999969124794 12.407300002872944 3
    endloop
  endfacet
  facet normal 0 0 1
    outer loop
      vertex 2.8822999969124794 12.407300002872944 3
      vertex 37.827399998903275 17.358300000429153 3
      vertex 4.252599999308586 12.870899997651577 3
    endloop
  endfacet
  facet normal 0 0 1
    outer loop
      vertex 4.252599999308586 12.870899997651577 3
      vertex 37.827399998903275 17.358300000429153 3
      vertex 5.656199999153614 13.35130000114441 3
    endloop
  endfacet
  facet normal 0 0 1
    outer loop
      vertex 5.656199999153614 13.35130000114441 3
      vertex 37.827399998903275 17.358300000429153 3
      vertex 7.084399998188019 13.844999998807907 3
    endloop
  endfacet
  facet normal 0 0 1
    outer loop
      vertex 7.084399998188019 13.844999998807907 3
      vertex 37.827399998903275 17.358300000429153 3
      vertex 8.52650000154972 14.347900003194809 3
    endloop
  endfacet
  facet normal 0 0 1
    outer loop
      vertex 8.52650000154972 14.347900003194809 3
      vertex 37.827399998903275 17.358300000429153 3
      vertex 9.974399998784065 14.856700003147125 3
    endloop
  endfacet
  facet normal 0 0 1
    outer loop
      vertex 9.974399998784065 14.856700003147125 3
      vertex 37.827399998903275 17.358300000429153 3
      vertex 11.419200003147125 15.368100002408028 3
    endloop
  endfacet
  facet normal 0 0 1
    outer loop
      vertex 11.419200003147125 15.368100002408028 3
      vertex 37.827399998903275 17.358300000429153 3
      vertex 12.851999998092651 15.8783999979496 3
    endloop
  endfacet
  facet normal 0 0 1
    outer loop
      vertex 12.851999998092651 15.8783999979496 3
      vertex 37.827399998903275 17.358300000429153 3
      vertex 14.26349999755621 16.384199999272823 3
    endloop
  endfacet
  facet normal 0 0 1
    outer loop
      vertex 14.26349999755621 16.384199999272823 3
      vertex 37.827399998903275 17.358300000429153 3
      vertex 15.645000003278255 16.881899997591972 3
    endloop
  endfacet
  facet normal 0 0 1
    outer loop
      vertex 15.645000003278255 16.881899997591972 3
      vertex 37.827399998903275 17.358300000429153 3
      vertex 16.987199999392033 17.368000000715256 3
    endloop
  endfacet
  facet normal 0 0 1
    outer loop
      vertex 16.987199999392033 17.368000000715256 3
      vertex 37.827399998903275 17.358300000429153 3
      vertex 18.281300000846386 17.839100003242493 3
    endloop
  endfacet
  facet normal 0 0 1
    outer loop
      vertex 18.281300000846386 17.839100003242493 3
      vertex 37.827399998903275 17.358300000429153 3
      vertex 19.518200002610683 18.291400000452995 3
    endloop
  endfacet
  facet normal 0 0 1
    outer loop
      vertex 19.518200002610683 18.291400000452995 3
      vertex 37.827399998903275 17.358300000429153 3
      vertex 20.689000003039837 18.721699997782707 3
    endloop
  endfacet
  facet normal 0 0 1
    outer loop
      vertex 20.689000003039837 18.721699997782707 3
      vertex 37.827399998903275 17.358300000429153 3
      vertex 21.784500002861023 19.12619999796152 3
    endloop
  endfacet
  facet normal 0 0 1
    outer loop
      vertex 21.784500002861023 19.12619999796152 3
      vertex 37.827399998903275 17.358300000429153 3
      vertex 22.795800000429153 19.501599997282028 3
    endloop
  endfacet
  facet normal 0 0 1
    outer loop
      vertex 22.79959999769926 19.503100000321865 3
      vertex 22.798000000417233 19.502400003373623 3
      vertex 37.827399998903275 17.358300000429153 3
    endloop
  endfacet
  facet normal 0 0 1
    outer loop
      vertex 22.798000000417233 19.502400003373623 3
      vertex 22.795800000429153 19.501599997282028 3
      vertex 37.827399998903275 17.358300000429153 3
    endloop
  endfacet
  facet normal 0 0 -1
    outer loop
      vertex 26.134300000965595 -3.8298000022768974 0
      vertex 41.46320000290871 7.127499997615814 0
      vertex 34.481200002133846 -0.6929000020027161 0
    endloop
  endfacet
  facet normal 0.296836433398228 -0.9549283385717586 0
    outer loop
      vertex 34.481200002133846 -0.6929000020027161 0
      vertex 41.762599997222424 1.5705000013113022 0
      vertex 34.481200002133846 -0.6929000020027161 3
    endloop
  endfacet
  facet normal 0 0 -1
    outer loop
      vertex 34.481200002133846 -0.6929000020027161 0
      vertex 41.46320000290871 7.127499997615814 0
      vertex 41.762599997222424 1.5705000013113022 0
    endloop
  endfacet
  facet normal 0.2160800029291152 -0.9763756614818672 0
    outer loop
      vertex 41.762599997222424 1.5705000013113022 0
      vertex 48.40039999783039 3.0394999980926514 0
      vertex 41.762599997222424 1.5705000013113022 3
    endloop
  endfacet
  facet normal 0 0 -1
    outer loop
      vertex 41.762599997222424 1.5705000013113022 0
      vertex 41.46320000290871 7.127499997615814 0
      vertex 48.40039999783039 3.0394999980926514 0
    endloop
  endfacet
  facet normal 0.296836433398228 -0.9549283385717586 5.824063663935641e-17
    outer loop
      vertex 34.481200002133846 -0.6929000020027161 3
      vertex 41.762599997222424 1.5705000013113022 0
      vertex 41.762599997222424 1.5705000013113022 3
    endloop
  endfacet
  facet normal 0 0 -1
    outer loop
      vertex 41.46320000290871 7.127499997615814 0
      vertex 44.57461631587002 10.350293678258225 0
      vertex 48.40039999783039 3.0394999980926514 0
    endloop
  endfacet
  facet normal 0 0 -1
    outer loop
      vertex 41.46320000290871 7.127499997615814 0
      vertex 40.50639999657869 9.997800000011921 0
      vertex 43.759633579181774 10.894847733186316 0
    endloop
  endfacet
  facet normal 0 0 -1
    outer loop
      vertex 41.46320000290871 7.127499997615814 0
      vertex 44.15374883490199 10.602551938487274 0
      vertex 44.57461631587002 10.350293678258225 0
    endloop
  endfacet
  facet normal 0 0 -1
    outer loop
      vertex 41.46320000290871 7.127499997615814 0
      vertex 43.759633579181774 10.894847733186316 0
      vertex 44.15374883490199 10.602551938487274 0
    endloop
  endfacet
  facet normal 0 0 -1
    outer loop
      vertex 38.95899999886751 10.914099998772144 0
      vertex 37.85849999636412 11.477200001478195 0
      vertex 37.382600001990795 13.155599996447563 0
    endloop
  endfacet
  facet normal 0 0 -1
    outer loop
      vertex 38.96940000355244 10.908399999141693 0
      vertex 38.4201999977231 15.203900001943111 0
      vertex 40.50639999657869 9.997800000011921 0
    endloop
  endfacet
  facet normal 0 0 -1
    outer loop
      vertex 38.964500002563 10.911399997770786 0
      vertex 38.95899999886751 10.914099998772144 0
      vertex 38.4201999977231 15.203900001943111 0
    endloop
  endfacet
  facet normal 0 0 -1
    outer loop
      vertex 38.964500002563 10.911399997770786 0
      vertex 38.4201999977231 15.203900001943111 0
      vertex 38.96940000355244 10.908399999141693 0
    endloop
  endfacet
  facet normal 0 0 -1
    outer loop
      vertex 40.50639999657869 9.997800000011921 0
      vertex 42.774251938487275 11.982048834901988 0
      vertex 43.06654773318632 11.587933579181772 0
    endloop
  endfacet
  facet normal 0 0 -1
    outer loop
      vertex 40.50639999657869 9.997800000011921 0
      vertex 43.396066094067265 11.224366094067262 0
      vertex 43.759633579181774 10.894847733186316 0
    endloop
  endfacet
  facet normal 0 0 -1
    outer loop
      vertex 40.50639999657869 9.997800000011921 0
      vertex 43.06654773318632 11.587933579181772 0
      vertex 43.396066094067265 11.224366094067262 0
    endloop
  endfacet
  facet normal 0 0 -1
    outer loop
      vertex 40.50639999657869 9.997800000011921 0
      vertex 42.52199367825823 12.402916315870012 0
      vertex 42.774251938487275 11.982048834901988 0
    endloop
  endfacet
  facet normal 0 0 -1
    outer loop
      vertex 40.50639999657869 9.997800000011921 0
      vertex 42.14689832133896 13.308476613727688 0
      vertex 42.312202337443566 12.846482838174552 0
    endloop
  endfacet
  facet normal 0 0 -1
    outer loop
      vertex 40.50639999657869 9.997800000011921 0
      vertex 42.312202337443566 12.846482838174552 0
      vertex 42.52199367825823 12.402916315870012 0
    endloop
  endfacet
  facet normal 0 -1 0
    outer loop
      vertex 48.40039999783039 3.0394999980926514 0
      vertex 55.31019999831915 3.0394999980926514 0
      vertex 48.40039999783039 3.0394999980926514 3
    endloop
  endfacet
  facet normal 0 0 -1
    outer loop
      vertex 48.40039999783039 3.0394999980926514 0
      vertex 48.38302338627231 9.975198321338956 0
      vertex 55.31019999831915 3.0394999980926514 0
    endloop
  endfacet
  facet normal 0.45530651182176773 -0.8903347574326718 0
    outer loop
      vertex 55.31019999831915 3.0394999980926514 0
      vertex 57.7820999994874 4.303599998354912 0
      vertex 55.31019999831915 3.0394999980926514 3
    endloop
  endfacet
  facet normal 0.7071067811865476 -0.7071067811865476 0
    outer loop
      vertex 57.7820999994874 4.303599998354912 0
      vertex 57.80340000241995 4.32490000128746 0
      vertex 57.7820999994874 4.303599998354912 3
    endloop
  endfacet
  facet normal 0.7069770132358726 -0.70723652532663 0
    outer loop
      vertex 57.80340000241995 4.32490000128746 0
      vertex 58.89350000023842 5.414599999785423 0
      vertex 57.80340000241995 4.32490000128746 3
    endloop
  endfacet
  facet normal 0.2160800029291152 -0.9763756614818672 0
    outer loop
      vertex 48.40039999783039 3.0394999980926514 0
      vertex 48.40039999783039 3.0394999980926514 3
      vertex 41.762599997222424 1.5705000013113022 3
    endloop
  endfacet
  facet normal 0 -1 0
    outer loop
      vertex 55.31019999831915 3.0394999980926514 0
      vertex 55.31019999831915 3.0394999980926514 3
      vertex 48.40039999783039 3.0394999980926514 3
    endloop
  endfacet
  facet normal 0.45530651182176773 -0.8903347574326718 0
    outer loop
      vertex 57.7820999994874 4.303599998354912 0
      vertex 57.7820999994874 4.303599998354912 3
      vertex 55.31019999831915 3.0394999980926514 3
    endloop
  endfacet
  facet normal 0.7071067811865476 -0.7071067811865476 0
    outer loop
      vertex 57.80340000241995 4.32490000128746 0
      vertex 57.80340000241995 4.32490000128746 3
      vertex 57.7820999994874 4.303599998354912 3
    endloop
  endfacet
  facet normal 0.7069770132358726 -0.70723652532663 0
    outer loop
      vertex 58.89350000023842 5.414599999785423 0
      vertex 58.89350000023842 5.414599999785423 3
      vertex 57.80340000241995 4.32490000128746 3
    endloop
  endfacet
  facet normal 0 0 -1
    outer loop
      vertex 48.40039999783039 3.0394999980926514 0
      vertex 45.48017661372769 9.975198321338956 0
      vertex 45.95614838991936 9.855973597983848 0
    endloop
  endfacet
  facet normal 0 0 -1
    outer loop
      vertex 44.57461631587002 10.350293678258225 0
      vertex 45.01818283817455 10.140502337443566 0
      vertex 48.40039999783039 3.0394999980926514 0
    endloop
  endfacet
  facet normal 0 0 -1
    outer loop
      vertex 48.40039999783039 3.0394999980926514 0
      vertex 45.01818283817455 10.140502337443566 0
      vertex 45.48017661372769 9.975198321338956 0
    endloop
  endfacet
  facet normal 0 0 -1
    outer loop
      vertex 48.40039999783039 3.0394999980926514 0
      vertex 45.95614838991936 9.855973597983848 0
      vertex 46.4415142983522 9.783976366639015 0
    endloop
  endfacet
  facet normal 0 0 -1
    outer loop
      vertex 48.40039999783039 3.0394999980926514 0
      vertex 46.4415142983522 9.783976366639015 0
      vertex 46.9316 9.7599 0
    endloop
  endfacet
  facet normal 0 0 -1
    outer loop
      vertex 48.40039999783039 3.0394999980926514 0
      vertex 46.9316 9.7599 0
      vertex 47.4216857016478 9.783976366639015 0
    endloop
  endfacet
  facet normal 0 0 -1
    outer loop
      vertex 48.40039999783039 3.0394999980926514 0
      vertex 47.4216857016478 9.783976366639015 0
      vertex 47.90705161008064 9.855973597983848 0
    endloop
  endfacet
  facet normal 0 0 -1
    outer loop
      vertex 48.40039999783039 3.0394999980926514 0
      vertex 47.90705161008064 9.855973597983848 0
      vertex 48.38302338627231 9.975198321338956 0
    endloop
  endfacet
  facet normal 0 0 -1
    outer loop
      vertex 55.31019999831915 3.0394999980926514 0
      vertex 48.38302338627231 9.975198321338956 0
      vertex 48.84501716182545 10.140502337443566 0
    endloop
  endfacet
  facet normal 0 0 -1
    outer loop
      vertex 55.31019999831915 3.0394999980926514 0
      vertex 48.84501716182545 10.140502337443566 0
      vertex 49.28858368412999 10.350293678258225 0
    endloop
  endfacet
  facet normal 0 0 -1
    outer loop
      vertex 55.31019999831915 3.0394999980926514 0
      vertex 49.28858368412999 10.350293678258225 0
      vertex 49.70945116509802 10.602551938487274 0
    endloop
  endfacet
  facet normal 0 0 -1
    outer loop
      vertex 55.31019999831915 3.0394999980926514 0
      vertex 49.70945116509802 10.602551938487274 0
      vertex 50.10356642081823 10.894847733186316 0
    endloop
  endfacet
  facet normal 0 0 -1
    outer loop
      vertex 55.31019999831915 3.0394999980926514 0
      vertex 50.10356642081823 10.894847733186316 0
      vertex 50.46713390593274 11.224366094067262 0
    endloop
  endfacet
  facet normal 0 0 -1
    outer loop
      vertex 55.31019999831915 3.0394999980926514 0
      vertex 50.46713390593274 11.224366094067262 0
      vertex 50.79665226681369 11.587933579181772 0
    endloop
  endfacet
  facet normal 0 0 -1
    outer loop
      vertex 55.31019999831915 3.0394999980926514 0
      vertex 50.79665226681369 11.587933579181772 0
      vertex 51.08894806151273 11.982048834901988 0
    endloop
  endfacet
  facet normal 0 0 -1
    outer loop
      vertex 55.31019999831915 3.0394999980926514 0
      vertex 51.34120632174178 12.402916315870012 0
      vertex 57.7820999994874 4.303599998354912 0
    endloop
  endfacet
  facet normal 0 0 -1
    outer loop
      vertex 57.7820999994874 4.303599998354912 0
      vertex 51.90752363336099 14.269814298352197 0
      vertex 57.80340000241995 4.32490000128746 0
    endloop
  endfacet
  facet normal 0 0 -1
    outer loop
      vertex 55.31019999831915 3.0394999980926514 0
      vertex 51.08894806151273 11.982048834901988 0
      vertex 51.34120632174178 12.402916315870012 0
    endloop
  endfacet
  facet normal 0 0 -1
    outer loop
      vertex 57.80340000241995 4.32490000128746 0
      vertex 51.9316 14.7599 0
      vertex 58.89350000023842 5.414599999785423 0
    endloop
  endfacet
  facet normal 0 0 -1
    outer loop
      vertex 57.7820999994874 4.303599998354912 0
      vertex 51.34120632174178 12.402916315870012 0
      vertex 51.55099766255644 12.846482838174552 0
    endloop
  endfacet
  facet normal 0 0 -1
    outer loop
      vertex 57.7820999994874 4.303599998354912 0
      vertex 51.55099766255644 12.846482838174552 0
      vertex 51.71630167866105 13.308476613727688 0
    endloop
  endfacet
  facet normal 0 0 -1
    outer loop
      vertex 57.7820999994874 4.303599998354912 0
      vertex 51.71630167866105 13.308476613727688 0
      vertex 51.83552640201616 13.784448389919358 0
    endloop
  endfacet
  facet normal 0 0 -1
    outer loop
      vertex 57.7820999994874 4.303599998354912 0
      vertex 51.83552640201616 13.784448389919358 0
      vertex 51.90752363336099 14.269814298352197 0
    endloop
  endfacet
  facet normal 0 0 -1
    outer loop
      vertex 57.80340000241995 4.32490000128746 0
      vertex 51.90752363336099 14.269814298352197 0
      vertex 51.9316 14.7599 0
    endloop
  endfacet
  facet normal 0 0 -1
    outer loop
      vertex 58.89350000023842 5.414599999785423 0
      vertex 51.9316 14.7599 0
      vertex 51.90752363336099 15.249985701647804 0
    endloop
  endfacet
  facet normal 0 0 -1
    outer loop
      vertex 58.89350000023842 5.414599999785423 0
      vertex 51.90752363336099 15.249985701647804 0
      vertex 51.83552640201616 15.735351610080642 0
    endloop
  endfacet
  facet normal 0 0 -1
    outer loop
      vertex 58.89350000023842 5.414599999785423 0
      vertex 51.83552640201616 15.735351610080642 0
      vertex 51.71630167866105 16.211323386272312 0
    endloop
  endfacet
  facet normal 0.9983007664975051 -0.05827160209307559 0
    outer loop
      vertex 58.89350000023842 5.414599999785423 0
      vertex 60 24.37099999934435 0
      vertex 58.89350000023842 5.414599999785423 3
    endloop
  endfacet
  facet normal 0 0 1
    outer loop
      vertex 41.762599997222424 1.5705000013113022 3
      vertex 48.40039999783039 3.0394999980926514 3
      vertex 41.46320000290871 7.127499997615814 3
    endloop
  endfacet
  facet normal 0 0 1
    outer loop
      vertex 38.95899999886751 10.914099998772144 3
      vertex 37.382600001990795 13.155599996447563 3
      vertex 37.85849999636412 11.477200001478195 3
    endloop
  endfacet
  facet normal 0 0 1
    outer loop
      vertex 38.96940000355244 10.908399999141693 3
      vertex 40.50639999657869 9.997800000011921 3
      vertex 38.4201999977231 15.203900001943111 3
    endloop
  endfacet
  facet normal 0 0 1
    outer loop
      vertex 38.964500002563 10.911399997770786 3
      vertex 38.4201999977231 15.203900001943111 3
      vertex 38.95899999886751 10.914099998772144 3
    endloop
  endfacet
  facet normal 0 0 1
    outer loop
      vertex 38.964500002563 10.911399997770786 3
      vertex 38.96940000355244 10.908399999141693 3
      vertex 38.4201999977231 15.203900001943111 3
    endloop
  endfacet
  facet normal 0 0 1
    outer loop
      vertex 41.46320000290871 7.127499997615814 3
      vertex 48.40039999783039 3.0394999980926514 3
      vertex 36.91160000115633 24.39859999716282 3
    endloop
  endfacet
  facet normal 0 0 1
    outer loop
      vertex 48.40039999783039 3.0394999980926514 3
      vertex 55.31019999831915 3.0394999980926514 3
      vertex 47.36567596648589 12.577652751102812 3
    endloop
  endfacet
  facet normal 0 0 1
    outer loop
      vertex 55.31019999831915 3.0394999980926514 3
      vertex 54.62602977011204 7.428430389666557 3
      vertex 54.547206717765334 7.486889544928074 3
    endloop
  endfacet
  facet normal 0 0 1
    outer loop
      vertex 55.31019999831915 3.0394999980926514 3
      vertex 54.547206717765334 7.486889544928074 3
      vertex 54.47449321601391 7.552793216013908 3
    endloop
  endfacet
  facet normal 0 0 1
    outer loop
      vertex 55.31019999831915 3.0394999980926514 3
      vertex 54.798916566407684 7.336020465993881 3
      vertex 54.71020326319933 7.377978738451004 3
    endloop
  endfacet
  facet normal 0 0 1
    outer loop
      vertex 55.31019999831915 3.0394999980926514 3
      vertex 54.9865096763134 7.27911471953392 3
      vertex 54.891315321660045 7.302959661984444 3
    endloop
  endfacet
  facet normal 0 0 1
    outer loop
      vertex 55.31019999831915 3.0394999980926514 3
      vertex 54.891315321660045 7.302959661984444 3
      vertex 54.798916566407684 7.336020465993881 3
    endloop
  endfacet
  facet normal 0 0 1
    outer loop
      vertex 55.31019999831915 3.0394999980926514 3
      vertex 54.71020326319933 7.377978738451004 3
      vertex 54.62602977011204 7.428430389666557 3
    endloop
  endfacet
  facet normal 0 0 1
    outer loop
      vertex 55.31019999831915 3.0394999980926514 3
      vertex 55.1816 7.2599 3
      vertex 55.08358285877705 7.264715272986889 3
    endloop
  endfacet
  facet normal 0 0 1
    outer loop
      vertex 55.31019999831915 3.0394999980926514 3
      vertex 55.08358285877705 7.264715272986889 3
      vertex 54.9865096763134 7.27911471953392 3
    endloop
  endfacet
  facet normal 0 0 1
    outer loop
      vertex 55.31019999831915 3.0394999980926514 3
      vertex 54.40858954492808 7.625506717765331 3
      vertex 54.35013038966656 7.704329770112038 3
    endloop
  endfacet
  facet normal 0 0 1
    outer loop
      vertex 55.31019999831915 3.0394999980926514 3
      vertex 54.47449321601391 7.552793216013908 3
      vertex 54.40858954492808 7.625506717765331 3
    endloop
  endfacet
  facet normal 0 0 1
    outer loop
      vertex 55.31019999831915 3.0394999980926514 3
      vertex 54.35013038966656 7.704329770112038 3
      vertex 54.29967873845101 7.788503263199329 3
    endloop
  endfacet
  facet normal 0 0 1
    outer loop
      vertex 55.31019999831915 3.0394999980926514 3
      vertex 56.1816 7.2599 3
      vertex 55.1816 7.2599 3
    endloop
  endfacet
  facet normal 0 0 1
    outer loop
      vertex 55.31019999831915 3.0394999980926514 3
      vertex 57.7820999994874 4.303599998354912 3
      vertex 56.1816 7.2599 3
    endloop
  endfacet
  facet normal 0 0 1
    outer loop
      vertex 57.7820999994874 4.303599998354912 3
      vertex 57.80340000241995 4.32490000128746 3
      vertex 56.1816 7.2599 3
    endloop
  endfacet
  facet normal 0 0 1
    outer loop
      vertex 57.80340000241995 4.32490000128746 3
      vertex 56.27961714122296 7.264715272986889 3
      vertex 56.1816 7.2599 3
    endloop
  endfacet
  facet normal 0 0 1
    outer loop
      vertex 57.80340000241995 4.32490000128746 3
      vertex 56.3766903236866 7.27911471953392 3
      vertex 56.27961714122296 7.264715272986889 3
    endloop
  endfacet
  facet normal 0 0 1
    outer loop
      vertex 57.80340000241995 4.32490000128746 3
      vertex 56.47188467833996 7.302959661984444 3
      vertex 56.3766903236866 7.27911471953392 3
    endloop
  endfacet
  facet normal 0 0 1
    outer loop
      vertex 57.80340000241995 4.32490000128746 3
      vertex 56.56428343359232 7.336020465993881 3
      vertex 56.47188467833996 7.302959661984444 3
    endloop
  endfacet
  facet normal 0 0 1
    outer loop
      vertex 57.80340000241995 4.32490000128746 3
      vertex 56.652996736800674 7.377978738451004 3
      vertex 56.56428343359232 7.336020465993881 3
    endloop
  endfacet
  facet normal 0 0 1
    outer loop
      vertex 57.80340000241995 4.32490000128746 3
      vertex 58.89350000023842 5.414599999785423 3
      vertex 56.652996736800674 7.377978738451004 3
    endloop
  endfacet
  facet normal 0 0 1
    outer loop
      vertex 48.40039999783039 3.0394999980926514 3
      vertex 45.69545623153139 12.909880112626837 3
      vertex 45.52007494273589 13.03995174126791 3
    endloop
  endfacet
  facet normal 0 0 1
    outer loop
      vertex 48.40039999783039 3.0394999980926514 3
      vertex 46.08012936298768 12.704268040162386 3
      vertex 45.88274226056216 12.79762518682491 3
    endloop
  endfacet
  facet normal 0 0 1
    outer loop
      vertex 48.40039999783039 3.0394999980926514 3
      vertex 45.88274226056216 12.79762518682491 3
      vertex 45.69545623153139 12.909880112626837 3
    endloop
  endfacet
  facet normal 0 0 1
    outer loop
      vertex 48.40039999783039 3.0394999980926514 3
      vertex 46.28571659310882 12.630707752995836 3
      vertex 46.08012936298768 12.704268040162386 3
    endloop
  endfacet
  facet normal 0 0 1
    outer loop
      vertex 48.40039999783039 3.0394999980926514 3
      vertex 46.49752403351412 12.577652751102812 3
      vertex 46.28571659310882 12.630707752995836 3
    endloop
  endfacet
  facet normal 0 0 1
    outer loop
      vertex 48.40039999783039 3.0394999980926514 3
      vertex 46.71351186276673 12.545613983154361 3
      vertex 46.49752403351412 12.577652751102812 3
    endloop
  endfacet
  facet normal 0 0 1
    outer loop
      vertex 48.40039999783039 3.0394999980926514 3
      vertex 46.9316 12.5349 3
      vertex 46.71351186276673 12.545613983154361 3
    endloop
  endfacet
  facet normal 0 0 1
    outer loop
      vertex 48.40039999783039 3.0394999980926514 3
      vertex 47.14968813723328 12.545613983154361 3
      vertex 46.9316 12.5349 3
    endloop
  endfacet
  facet normal 0 0 1
    outer loop
      vertex 48.40039999783039 3.0394999980926514 3
      vertex 47.36567596648589 12.577652751102812 3
      vertex 47.14968813723328 12.545613983154361 3
    endloop
  endfacet
  facet normal 0 0 1
    outer loop
      vertex 55.31019999831915 3.0394999980926514 3
      vertex 47.57748340689118 12.630707752995836 3
      vertex 47.36567596648589 12.577652751102812 3
    endloop
  endfacet
  facet normal 0 0 1
    outer loop
      vertex 55.31019999831915 3.0394999980926514 3
      vertex 47.78307063701233 12.704268040162386 3
      vertex 47.57748340689118 12.630707752995836 3
    endloop
  endfacet
  facet normal 0 0 1
    outer loop
      vertex 55.31019999831915 3.0394999980926514 3
      vertex 47.980457739437846 12.79762518682491 3
      vertex 47.78307063701233 12.704268040162386 3
    endloop
  endfacet
  facet normal 0 0 1
    outer loop
      vertex 55.31019999831915 3.0394999980926514 3
      vertex 48.16774376846862 12.909880112626837 3
      vertex 47.980457739437846 12.79762518682491 3
    endloop
  endfacet
  facet normal 0 0 1
    outer loop
      vertex 55.31019999831915 3.0394999980926514 3
      vertex 48.34312505726412 13.03995174126791 3
      vertex 48.16774376846862 12.909880112626837 3
    endloop
  endfacet
  facet normal 0 0 1
    outer loop
      vertex 48.40039999783039 3.0394999980926514 3
      vertex 45.35828741185993 13.186587411859932 3
      vertex 45.211651741267914 13.348374942735889 3
    endloop
  endfacet
  facet normal 0 0 1
    outer loop
      vertex 48.40039999783039 3.0394999980926514 3
      vertex 45.52007494273589 13.03995174126791 3
      vertex 45.35828741185993 13.186587411859932 3
    endloop
  endfacet
  facet normal 0 0 1
    outer loop
      vertex 55.31019999831915 3.0394999980926514 3
      vertex 48.50491258814007 13.186587411859932 3
      vertex 48.34312505726412 13.03995174126791 3
    endloop
  endfacet
  facet normal 0 0 1
    outer loop
      vertex 55.31019999831915 3.0394999980926514 3
      vertex 48.65154825873209 13.348374942735889 3
      vertex 48.50491258814007 13.186587411859932 3
    endloop
  endfacet
  facet normal 0 0 1
    outer loop
      vertex 55.31019999831915 3.0394999980926514 3
      vertex 48.78161988737317 13.523756231531385 3
      vertex 48.65154825873209 13.348374942735889 3
    endloop
  endfacet
  facet normal 0 0 1
    outer loop
      vertex 55.31019999831915 3.0394999980926514 3
      vertex 48.893874813175096 13.711042260562156 3
      vertex 48.78161988737317 13.523756231531385 3
    endloop
  endfacet
  facet normal 0 0 1
    outer loop
      vertex 55.31019999831915 3.0394999980926514 3
      vertex 48.987231959837615 13.908429362987675 3
      vertex 48.893874813175096 13.711042260562156 3
    endloop
  endfacet
  facet normal 0 0 1
    outer loop
      vertex 55.31019999831915 3.0394999980926514 3
      vertex 49.060792247004166 14.114016593108822 3
      vertex 48.987231959837615 13.908429362987675 3
    endloop
  endfacet
  facet normal 0 0 1
    outer loop
      vertex 55.31019999831915 3.0394999980926514 3
      vertex 49.11384724889719 14.325824033514115 3
      vertex 49.060792247004166 14.114016593108822 3
    endloop
  endfacet
  facet normal 0 0 1
    outer loop
      vertex 55.31019999831915 3.0394999980926514 3
      vertex 49.145886016845644 14.541811862766728 3
      vertex 49.11384724889719 14.325824033514115 3
    endloop
  endfacet
  facet normal 0 0 1
    outer loop
      vertex 55.31019999831915 3.0394999980926514 3
      vertex 49.156600000000005 14.7599 3
      vertex 49.145886016845644 14.541811862766728 3
    endloop
  endfacet
  facet normal 0 0 1
    outer loop
      vertex 55.31019999831915 3.0394999980926514 3
      vertex 49.145886016845644 14.977988137233272 3
      vertex 49.156600000000005 14.7599 3
    endloop
  endfacet
  facet normal 0 0 1
    outer loop
      vertex 55.31019999831915 3.0394999980926514 3
      vertex 49.11384724889719 15.193975966485885 3
      vertex 49.145886016845644 14.977988137233272 3
    endloop
  endfacet
  facet normal 0 0 1
    outer loop
      vertex 55.31019999831915 3.0394999980926514 3
      vertex 49.060792247004166 15.405783406891178 3
      vertex 49.11384724889719 15.193975966485885 3
    endloop
  endfacet
  facet normal 0 0 1
    outer loop
      vertex 55.31019999831915 3.0394999980926514 3
      vertex 48.893874813175096 15.808757739437844 3
      vertex 48.987231959837615 15.611370637012325 3
    endloop
  endfacet
  facet normal 0 0 1
    outer loop
      vertex 55.31019999831915 3.0394999980926514 3
      vertex 48.987231959837615 15.611370637012325 3
      vertex 49.060792247004166 15.405783406891178 3
    endloop
  endfacet
  facet normal 0 0 1
    outer loop
      vertex 55.31019999831915 3.0394999980926514 3
      vertex 54.29967873845101 7.788503263199329 3
      vertex 45.084799997508526 25.79730000346899 3
    endloop
  endfacet
  facet normal 0 0 1
    outer loop
      vertex 58.89350000023842 5.414599999785423 3
      vertex 56.737170229887965 7.428430389666557 3
      vertex 56.652996736800674 7.377978738451004 3
    endloop
  endfacet
  facet normal 0 0 1
    outer loop
      vertex 58.89350000023842 5.414599999785423 3
      vertex 56.81599328223467 7.486889544928074 3
      vertex 56.737170229887965 7.428430389666557 3
    endloop
  endfacet
  facet normal 0 0 1
    outer loop
      vertex 58.89350000023842 5.414599999785423 3
      vertex 56.888706783986095 7.552793216013908 3
      vertex 56.81599328223467 7.486889544928074 3
    endloop
  endfacet
  facet normal 0 0 1
    outer loop
      vertex 58.89350000023842 5.414599999785423 3
      vertex 56.95461045507193 7.625506717765331 3
      vertex 56.888706783986095 7.552793216013908 3
    endloop
  endfacet
  facet normal 0 0 1
    outer loop
      vertex 58.89350000023842 5.414599999785423 3
      vertex 57.013069610333446 7.704329770112038 3
      vertex 56.95461045507193 7.625506717765331 3
    endloop
  endfacet
  facet normal 0 0 1
    outer loop
      vertex 58.89350000023842 5.414599999785423 3
      vertex 57.063521261549 7.788503263199329 3
      vertex 57.013069610333446 7.704329770112038 3
    endloop
  endfacet
  facet normal 0 0 1
    outer loop
      vertex 58.89350000023842 5.414599999785423 3
      vertex 57.10547953400612 7.8772165664076805 3
      vertex 57.063521261549 7.788503263199329 3
    endloop
  endfacet
  facet normal 0 0 1
    outer loop
      vertex 58.89350000023842 5.414599999785423 3
      vertex 57.13854033801556 7.969615321660042 3
      vertex 57.10547953400612 7.8772165664076805 3
    endloop
  endfacet
  facet normal 0 0 1
    outer loop
      vertex 58.89350000023842 5.414599999785423 3
      vertex 57.16238528046608 8.0648096763134 3
      vertex 57.13854033801556 7.969615321660042 3
    endloop
  endfacet
  facet normal 0 0 1
    outer loop
      vertex 58.89350000023842 5.414599999785423 3
      vertex 57.176784727013114 8.161882858777046 3
      vertex 57.16238528046608 8.0648096763134 3
    endloop
  endfacet
  facet normal 0 0 1
    outer loop
      vertex 58.89350000023842 5.414599999785423 3
      vertex 57.1816 8.2599 3
      vertex 57.176784727013114 8.161882858777046 3
    endloop
  endfacet
  facet normal 0 0 1
    outer loop
      vertex 58.89350000023842 5.414599999785423 3
      vertex 57.1816 21.259900000000002 3
      vertex 57.1816 8.2599 3
    endloop
  endfacet
  facet normal 0 0 -1
    outer loop
      vertex 38.95899999886751 10.914099998772144 0
      vertex 37.382600001990795 13.155599996447563 0
      vertex 38.4201999977231 15.203900001943111 0
    endloop
  endfacet
  facet normal 0 0 -1
    outer loop
      vertex 40.50639999657869 9.997800000011921 0
      vertex 36.91160000115633 24.39859999716282 0
      vertex 42.14689832133896 13.308476613727688 0
    endloop
  endfacet
  facet normal 0 0 -1
    outer loop
      vertex 40.50639999657869 9.997800000011921 0
      vertex 38.4201999977231 15.203900001943111 0
      vertex 36.91160000115633 24.39859999716282 0
    endloop
  endfacet
  facet normal 0 0 -1
    outer loop
      vertex 42.02767359798385 13.784448389919358 0
      vertex 36.91160000115633 24.39859999716282 0
      vertex 41.95567636663902 14.269814298352197 0
    endloop
  endfacet
  facet normal 0 0 -1
    outer loop
      vertex 42.14689832133896 13.308476613727688 0
      vertex 36.91160000115633 24.39859999716282 0
      vertex 42.02767359798385 13.784448389919358 0
    endloop
  endfacet
  facet normal 0 0 -1
    outer loop
      vertex 38.4201999977231 15.203900001943111 0
      vertex 37.827399998903275 17.358300000429153 0
      vertex 36.91160000115633 24.39859999716282 0
    endloop
  endfacet
  facet normal 0 0 -1
    outer loop
      vertex 41.95567636663902 14.269814298352197 0
      vertex 36.91160000115633 24.39859999716282 0
      vertex 41.9316 14.7599 0
    endloop
  endfacet
  facet normal 0 0 -1
    outer loop
      vertex 41.9316 14.7599 0
      vertex 36.91160000115633 24.39859999716282 0
      vertex 41.95567636663902 15.249985701647804 0
    endloop
  endfacet
  facet normal 0 0 -1
    outer loop
      vertex 41.95567636663902 15.249985701647804 0
      vertex 36.91160000115633 24.39859999716282 0
      vertex 42.02767359798385 15.735351610080642 0
    endloop
  endfacet
  facet normal 0 0 -1
    outer loop
      vertex 42.02767359798385 15.735351610080642 0
      vertex 36.91160000115633 24.39859999716282 0
      vertex 42.14689832133896 16.211323386272312 0
    endloop
  endfacet
  facet normal 0 0 -1
    outer loop
      vertex 42.14689832133896 16.211323386272312 0
      vertex 36.91160000115633 24.39859999716282 0
      vertex 42.312202337443566 16.673317161825448 0
    endloop
  endfacet
  facet normal -0.327742824048013 0.9447669772409666 -1.4122122282347008e-16
    outer loop
      vertex 22.79959999769926 19.503100000321865 0
      vertex 36.91160000115633 24.39859999716282 3
      vertex 36.91160000115633 24.39859999716282 0
    endloop
  endfacet
  facet normal 0 0 -1
    outer loop
      vertex 42.312202337443566 16.673317161825448 0
      vertex 36.91160000115633 24.39859999716282 0
      vertex 42.52199367825823 17.116883684129988 0
    endloop
  endfacet
  facet normal 0 0 -1
    outer loop
      vertex 42.52199367825823 17.116883684129988 0
      vertex 36.91160000115633 24.39859999716282 0
      vertex 42.774251938487275 17.537751165098012 0
    endloop
  endfacet
  facet normal 0 0 -1
    outer loop
      vertex 42.774251938487275 17.537751165098012 0
      vertex 36.91160000115633 24.39859999716282 0
      vertex 43.06654773318632 17.931866420818228 0
    endloop
  endfacet
  facet normal 0 0 -1
    outer loop
      vertex 43.06654773318632 17.931866420818228 0
      vertex 36.91160000115633 24.39859999716282 0
      vertex 43.396066094067265 18.29543390593274 0
    endloop
  endfacet
  facet normal 0 0 -1
    outer loop
      vertex 43.396066094067265 18.29543390593274 0
      vertex 36.91160000115633 24.39859999716282 0
      vertex 43.759633579181774 18.624952266813686 0
    endloop
  endfacet
  facet normal 0 0 -1
    outer loop
      vertex 43.759633579181774 18.624952266813686 0
      vertex 36.91160000115633 24.39859999716282 0
      vertex 44.15374883490199 18.917248061512726 0
    endloop
  endfacet
  facet normal 0 0 -1
    outer loop
      vertex 44.15374883490199 18.917248061512726 0
      vertex 36.91160000115633 24.39859999716282 0
      vertex 44.57461631587002 19.169506321741775 0
    endloop
  endfacet
  facet normal 0 0 -1
    outer loop
      vertex 44.57461631587002 19.169506321741775 0
      vertex 36.91160000115633 24.39859999716282 0
      vertex 45.01818283817455 19.379297662556432 0
    endloop
  endfacet
  facet normal 0 0 -1
    outer loop
      vertex 36.91160000115633 24.39859999716282 0
      vertex 45.48017661372769 19.544601678661046 0
      vertex 45.01818283817455 19.379297662556432 0
    endloop
  endfacet
  facet normal 0 0 -1
    outer loop
      vertex 36.91160000115633 24.39859999716282 0
      vertex 45.06889999657869 25.794600002467632 0
      vertex 45.48017661372769 19.544601678661046 0
    endloop
  endfacet
  facet normal -0.16868275982057687 0.985670394472368 0
    outer loop
      vertex 36.91160000115633 24.39859999716282 0
      vertex 45.06889999657869 25.794600002467632 3
      vertex 45.06889999657869 25.794600002467632 0
    endloop
  endfacet
  facet normal -0.16868275982057687 0.985670394472368 0
    outer loop
      vertex 36.91160000115633 24.39859999716282 0
      vertex 36.91160000115633 24.39859999716282 3
      vertex 45.06889999657869 25.794600002467632 3
    endloop
  endfacet
  facet normal 0 0 -1
    outer loop
      vertex 58.89350000023842 5.414599999785423 0
      vertex 51.71630167866105 16.211323386272312 0
      vertex 52.27660000324249 25.79730000346899 0
    endloop
  endfacet
  facet normal 0 0 -1
    outer loop
      vertex 58.89350000023842 5.414599999785423 0
      vertex 52.27660000324249 25.79730000346899 0
      vertex 57.702399998903275 24.783500000834465 0
    endloop
  endfacet
  facet normal 0 0 -1
    outer loop
      vertex 58.89350000023842 5.414599999785423 0
      vertex 57.702399998903275 24.783500000834465 0
      vertex 60 24.37099999934435 0
    endloop
  endfacet
  facet normal 0.9983007664975051 -0.05827160209307559 0
    outer loop
      vertex 60 24.37099999934435 0
      vertex 60 24.37099999934435 3
      vertex 58.89350000023842 5.414599999785423 3
    endloop
  endfacet
  facet normal 0 0 -1
    outer loop
      vertex 45.48017661372769 19.544601678661046 0
      vertex 45.06889999657869 25.794600002467632 0
      vertex 45.95614838991936 19.663826402016152 0
    endloop
  endfacet
  facet normal 0 0 -1
    outer loop
      vertex 45.95614838991936 19.663826402016152 0
      vertex 45.084799997508526 25.79730000346899 0
      vertex 46.4415142983522 19.735823633360987 0
    endloop
  endfacet
  facet normal 0 0 -1
    outer loop
      vertex 46.4415142983522 19.735823633360987 0
      vertex 45.084799997508526 25.79730000346899 0
      vertex 46.9316 19.759900000000002 0
    endloop
  endfacet
  facet normal 0 0 -1
    outer loop
      vertex 47.4216857016478 19.735823633360987 0
      vertex 46.9316 19.759900000000002 0
      vertex 45.084799997508526 25.79730000346899 0
    endloop
  endfacet
  facet normal 0 0 -1
    outer loop
      vertex 47.4216857016478 19.735823633360987 0
      vertex 45.084799997508526 25.79730000346899 0
      vertex 47.90705161008064 19.663826402016152 0
    endloop
  endfacet
  facet normal 0 0 -1
    outer loop
      vertex 47.90705161008064 19.663826402016152 0
      vertex 45.084799997508526 25.79730000346899 0
      vertex 48.38302338627231 19.544601678661046 0
    endloop
  endfacet
  facet normal 0 0 -1
    outer loop
      vertex 49.28858368412999 19.169506321741775 0
      vertex 48.84501716182545 19.379297662556432 0
      vertex 45.084799997508526 25.79730000346899 0
    endloop
  endfacet
  facet normal 0 0 -1
    outer loop
      vertex 48.38302338627231 19.544601678661046 0
      vertex 45.084799997508526 25.79730000346899 0
      vertex 48.84501716182545 19.379297662556432 0
    endloop
  endfacet
  facet normal 0 0 -1
    outer loop
      vertex 49.28858368412999 19.169506321741775 0
      vertex 45.084799997508526 25.79730000346899 0
      vertex 49.70945116509802 18.917248061512726 0
    endloop
  endfacet
  facet normal 0 0 -1
    outer loop
      vertex 51.55099766255644 16.673317161825448 0
      vertex 52.27660000324249 25.79730000346899 0
      vertex 51.71630167866105 16.211323386272312 0
    endloop
  endfacet
  facet normal 0 0 -1
    outer loop
      vertex 51.55099766255644 16.673317161825448 0
      vertex 51.34120632174178 17.116883684129988 0
      vertex 52.27660000324249 25.79730000346899 0
    endloop
  endfacet
  facet normal 0 0 -1
    outer loop
      vertex 51.34120632174178 17.116883684129988 0
      vertex 51.08894806151273 17.537751165098012 0
      vertex 52.27660000324249 25.79730000346899 0
    endloop
  endfacet
  facet normal 0 0 -1
    outer loop
      vertex 51.08894806151273 17.537751165098012 0
      vertex 50.79665226681369 17.931866420818228 0
      vertex 52.27660000324249 25.79730000346899 0
    endloop
  endfacet
  facet normal 0 0 -1
    outer loop
      vertex 50.46713390593274 18.29543390593274 0
      vertex 50.10356642081823 18.624952266813686 0
      vertex 52.27660000324249 25.79730000346899 0
    endloop
  endfacet
  facet normal 0 0 -1
    outer loop
      vertex 50.46713390593274 18.29543390593274 0
      vertex 52.27660000324249 25.79730000346899 0
      vertex 50.79665226681369 17.931866420818228 0
    endloop
  endfacet
  facet normal 0 0 -1
    outer loop
      vertex 50.10356642081823 18.624952266813686 0
      vertex 49.70945116509802 18.917248061512726 0
      vertex 52.27660000324249 25.79730000346899 0
    endloop
  endfacet
  facet normal 0 0 -1
    outer loop
      vertex 45.95614838991936 19.663826402016152 0
      vertex 45.06889999657869 25.794600002467632 0
      vertex 45.084799997508526 25.79730000346899 0
    endloop
  endfacet
  facet normal 0 0 -1
    outer loop
      vertex 49.70945116509802 18.917248061512726 0
      vertex 45.084799997508526 25.79730000346899 0
      vertex 52.27660000324249 25.79730000346899 0
    endloop
  endfacet
  facet normal -0.16741475048937637 0.9858865560086413 0
    outer loop
      vertex 45.084799997508526 25.79730000346899 0
      vertex 45.06889999657869 25.794600002467632 0
      vertex 45.084799997508526 25.79730000346899 3
    endloop
  endfacet
  facet normal 0 1 0
    outer loop
      vertex 45.084799997508526 25.79730000346899 0
      vertex 52.27660000324249 25.79730000346899 3
      vertex 52.27660000324249 25.79730000346899 0
    endloop
  endfacet
  facet normal 0.1836693788420517 0.9829880768736592 -1.3409217648394985e-17
    outer loop
      vertex 52.27660000324249 25.79730000346899 0
      vertex 57.702399998903275 24.783500000834465 3
      vertex 57.702399998903275 24.783500000834465 0
    endloop
  endfacet
  facet normal 0.17670982146725156 0.9842629928007108 0
    outer loop
      vertex 57.702399998903275 24.783500000834465 0
      vertex 60 24.37099999934435 3
      vertex 60 24.37099999934435 0
    endloop
  endfacet
  facet normal -0.16741475048937637 0.9858865560086413 0
    outer loop
      vertex 45.06889999657869 25.794600002467632 0
      vertex 45.06889999657869 25.794600002467632 3
      vertex 45.084799997508526 25.79730000346899 3
    endloop
  endfacet
  facet normal 0 1 0
    outer loop
      vertex 45.084799997508526 25.79730000346899 0
      vertex 45.084799997508526 25.79730000346899 3
      vertex 52.27660000324249 25.79730000346899 3
    endloop
  endfacet
  facet normal 0.1836693788420517 0.9829880768736592 0
    outer loop
      vertex 52.27660000324249 25.79730000346899 0
      vertex 52.27660000324249 25.79730000346899 3
      vertex 57.702399998903275 24.783500000834465 3
    endloop
  endfacet
  facet normal 0.17670982146725156 0.9842629928007108 0
    outer loop
      vertex 57.702399998903275 24.783500000834465 0
      vertex 57.702399998903275 24.783500000834465 3
      vertex 60 24.37099999934435 3
    endloop
  endfacet
  facet normal 0 0 1
    outer loop
      vertex 38.95899999886751 10.914099998772144 3
      vertex 38.4201999977231 15.203900001943111 3
      vertex 37.382600001990795 13.155599996447563 3
    endloop
  endfacet
  facet normal 0 0 1
    outer loop
      vertex 41.46320000290871 7.127499997615814 3
      vertex 36.91160000115633 24.39859999716282 3
      vertex 40.50639999657869 9.997800000011921 3
    endloop
  endfacet
  facet normal 0 0 1
    outer loop
      vertex 48.40039999783039 3.0394999980926514 3
      vertex 45.211651741267914 13.348374942735889 3
      vertex 36.91160000115633 24.39859999716282 3
    endloop
  endfacet
  facet normal 0 0 1
    outer loop
      vertex 40.50639999657869 9.997800000011921 3
      vertex 36.91160000115633 24.39859999716282 3
      vertex 38.4201999977231 15.203900001943111 3
    endloop
  endfacet
  facet normal 0 0 1
    outer loop
      vertex 38.4201999977231 15.203900001943111 3
      vertex 36.91160000115633 24.39859999716282 3
      vertex 37.827399998903275 17.358300000429153 3
    endloop
  endfacet
  facet normal 0 0 1
    outer loop
      vertex 44.80240775299584 14.114016593108822 3
      vertex 44.74935275110282 14.325824033514115 3
      vertex 36.91160000115633 24.39859999716282 3
    endloop
  endfacet
  facet normal 0 0 1
    outer loop
      vertex 36.91160000115633 24.39859999716282 3
      vertex 45.211651741267914 13.348374942735889 3
      vertex 45.08158011262684 13.523756231531385 3
    endloop
  endfacet
  facet normal 0 0 1
    outer loop
      vertex 44.96932518682491 13.711042260562156 3
      vertex 36.91160000115633 24.39859999716282 3
      vertex 45.08158011262684 13.523756231531385 3
    endloop
  endfacet
  facet normal 0 0 1
    outer loop
      vertex 44.96932518682491 13.711042260562156 3
      vertex 44.87596804016239 13.908429362987675 3
      vertex 36.91160000115633 24.39859999716282 3
    endloop
  endfacet
  facet normal 0 0 1
    outer loop
      vertex 44.87596804016239 13.908429362987675 3
      vertex 44.80240775299584 14.114016593108822 3
      vertex 36.91160000115633 24.39859999716282 3
    endloop
  endfacet
  facet normal 0 0 1
    outer loop
      vertex 44.74935275110282 14.325824033514115 3
      vertex 44.71731398315436 14.541811862766728 3
      vertex 36.91160000115633 24.39859999716282 3
    endloop
  endfacet
  facet normal 0 0 1
    outer loop
      vertex 44.71731398315436 14.541811862766728 3
      vertex 44.7066 14.7599 3
      vertex 36.91160000115633 24.39859999716282 3
    endloop
  endfacet
  facet normal 0 0 1
    outer loop
      vertex 44.7066 14.7599 3
      vertex 44.71731398315436 14.977988137233272 3
      vertex 36.91160000115633 24.39859999716282 3
    endloop
  endfacet
  facet normal 0 0 1
    outer loop
      vertex 44.71731398315436 14.977988137233272 3
      vertex 44.74935275110282 15.193975966485885 3
      vertex 36.91160000115633 24.39859999716282 3
    endloop
  endfacet
  facet normal 0 0 1
    outer loop
      vertex 44.74935275110282 15.193975966485885 3
      vertex 44.80240775299584 15.405783406891178 3
      vertex 36.91160000115633 24.39859999716282 3
    endloop
  endfacet
  facet normal 0 0 1
    outer loop
      vertex 44.80240775299584 15.405783406891178 3
      vertex 44.87596804016239 15.611370637012325 3
      vertex 36.91160000115633 24.39859999716282 3
    endloop
  endfacet
  facet normal 0 0 1
    outer loop
      vertex 44.87596804016239 15.611370637012325 3
      vertex 44.96932518682491 15.808757739437844 3
      vertex 36.91160000115633 24.39859999716282 3
    endloop
  endfacet
  facet normal 0 0 1
    outer loop
      vertex 44.96932518682491 15.808757739437844 3
      vertex 45.08158011262684 15.996043768468615 3
      vertex 36.91160000115633 24.39859999716282 3
    endloop
  endfacet
  facet normal 0 0 1
    outer loop
      vertex 36.91160000115633 24.39859999716282 3
      vertex 45.08158011262684 15.996043768468615 3
      vertex 45.211651741267914 16.171425057264113 3
    endloop
  endfacet
  facet normal 0 0 1
    outer loop
      vertex 36.91160000115633 24.39859999716282 3
      vertex 45.211651741267914 16.171425057264113 3
      vertex 45.35828741185993 16.333212588140068 3
    endloop
  endfacet
  facet normal 0 0 1
    outer loop
      vertex 36.91160000115633 24.39859999716282 3
      vertex 45.35828741185993 16.333212588140068 3
      vertex 45.52007494273589 16.47984825873209 3
    endloop
  endfacet
  facet normal 0 0 1
    outer loop
      vertex 36.91160000115633 24.39859999716282 3
      vertex 45.52007494273589 16.47984825873209 3
      vertex 45.69545623153139 16.609919887373163 3
    endloop
  endfacet
  facet normal 0 0 1
    outer loop
      vertex 36.91160000115633 24.39859999716282 3
      vertex 45.69545623153139 16.609919887373163 3
      vertex 45.88274226056216 16.72217481317509 3
    endloop
  endfacet
  facet normal 0 0 1
    outer loop
      vertex 36.91160000115633 24.39859999716282 3
      vertex 45.88274226056216 16.72217481317509 3
      vertex 46.08012936298768 16.815531959837614 3
    endloop
  endfacet
  facet normal 0 0 1
    outer loop
      vertex 22.79959999769926 19.503100000321865 3
      vertex 37.827399998903275 17.358300000429153 3
      vertex 36.91160000115633 24.39859999716282 3
    endloop
  endfacet
  facet normal 0 0 1
    outer loop
      vertex 36.91160000115633 24.39859999716282 3
      vertex 46.08012936298768 16.815531959837614 3
      vertex 46.28571659310882 16.889092247004164 3
    endloop
  endfacet
  facet normal 0 0 1
    outer loop
      vertex 36.91160000115633 24.39859999716282 3
      vertex 46.28571659310882 16.889092247004164 3
      vertex 46.49752403351412 16.942147248897186 3
    endloop
  endfacet
  facet normal 0 0 1
    outer loop
      vertex 36.91160000115633 24.39859999716282 3
      vertex 46.49752403351412 16.942147248897186 3
      vertex 45.06889999657869 25.794600002467632 3
    endloop
  endfacet
  facet normal 0 0 1
    outer loop
      vertex 45.084799997508526 25.79730000346899 3
      vertex 54.257720465993884 7.8772165664076805 3
      vertex 54.22465966198445 7.969615321660042 3
    endloop
  endfacet
  facet normal 0 0 1
    outer loop
      vertex 45.084799997508526 25.79730000346899 3
      vertex 54.29967873845101 7.788503263199329 3
      vertex 54.257720465993884 7.8772165664076805 3
    endloop
  endfacet
  facet normal 0 0 1
    outer loop
      vertex 45.084799997508526 25.79730000346899 3
      vertex 54.22465966198445 7.969615321660042 3
      vertex 54.20081471953392 8.0648096763134 3
    endloop
  endfacet
  facet normal 0 0 1
    outer loop
      vertex 45.084799997508526 25.79730000346899 3
      vertex 54.20081471953392 8.0648096763134 3
      vertex 54.18641527298689 8.161882858777046 3
    endloop
  endfacet
  facet normal 0 0 1
    outer loop
      vertex 45.084799997508526 25.79730000346899 3
      vertex 54.18641527298689 8.161882858777046 3
      vertex 54.1816 8.2599 3
    endloop
  endfacet
  facet normal 0 0 1
    outer loop
      vertex 55.31019999831915 3.0394999980926514 3
      vertex 45.084799997508526 25.79730000346899 3
      vertex 48.893874813175096 15.808757739437844 3
    endloop
  endfacet
  facet normal 0 0 1
    outer loop
      vertex 48.78161988737317 15.996043768468615 3
      vertex 45.084799997508526 25.79730000346899 3
      vertex 48.65154825873209 16.171425057264113 3
    endloop
  endfacet
  facet normal 0 0 1
    outer loop
      vertex 48.893874813175096 15.808757739437844 3
      vertex 45.084799997508526 25.79730000346899 3
      vertex 48.78161988737317 15.996043768468615 3
    endloop
  endfacet
  facet normal 0 0 1
    outer loop
      vertex 52.27660000324249 25.79730000346899 3
      vertex 54.1816 8.2599 3
      vertex 54.1816 21.259900000000002 3
    endloop
  endfacet
  facet normal 0 0 1
    outer loop
      vertex 58.89350000023842 5.414599999785423 3
      vertex 57.702399998903275 24.783500000834465 3
      vertex 57.1816 21.259900000000002 3
    endloop
  endfacet
  facet normal 0 0 1
    outer loop
      vertex 58.89350000023842 5.414599999785423 3
      vertex 60 24.37099999934435 3
      vertex 57.702399998903275 24.783500000834465 3
    endloop
  endfacet
  facet normal 0 0 1
    outer loop
      vertex 46.49752403351412 16.942147248897186 3
      vertex 46.71351186276673 16.97418601684564 3
      vertex 45.084799997508526 25.79730000346899 3
    endloop
  endfacet
  facet normal 0 0 1
    outer loop
      vertex 46.71351186276673 16.97418601684564 3
      vertex 46.9316 16.9849 3
      vertex 45.084799997508526 25.79730000346899 3
    endloop
  endfacet
  facet normal 0 0 1
    outer loop
      vertex 46.9316 16.9849 3
      vertex 47.14968813723328 16.97418601684564 3
      vertex 45.084799997508526 25.79730000346899 3
    endloop
  endfacet
  facet normal 0 0 1
    outer loop
      vertex 47.14968813723328 16.97418601684564 3
      vertex 47.36567596648589 16.942147248897186 3
      vertex 45.084799997508526 25.79730000346899 3
    endloop
  endfacet
  facet normal 0 0 1
    outer loop
      vertex 47.57748340689118 16.889092247004164 3
      vertex 47.78307063701233 16.815531959837614 3
      vertex 45.084799997508526 25.79730000346899 3
    endloop
  endfacet
  facet normal 0 0 1
    outer loop
      vertex 47.57748340689118 16.889092247004164 3
      vertex 45.084799997508526 25.79730000346899 3
      vertex 47.36567596648589 16.942147248897186 3
    endloop
  endfacet
  facet normal 0 0 1
    outer loop
      vertex 48.50491258814007 16.333212588140068 3
      vertex 45.084799997508526 25.79730000346899 3
      vertex 48.34312505726412 16.47984825873209 3
    endloop
  endfacet
  facet normal 0 0 1
    outer loop
      vertex 47.980457739437846 16.72217481317509 3
      vertex 48.16774376846862 16.609919887373163 3
      vertex 45.084799997508526 25.79730000346899 3
    endloop
  endfacet
  facet normal 0 0 1
    outer loop
      vertex 48.34312505726412 16.47984825873209 3
      vertex 45.084799997508526 25.79730000346899 3
      vertex 48.16774376846862 16.609919887373163 3
    endloop
  endfacet
  facet normal 0 0 1
    outer loop
      vertex 48.65154825873209 16.171425057264113 3
      vertex 45.084799997508526 25.79730000346899 3
      vertex 48.50491258814007 16.333212588140068 3
    endloop
  endfacet
  facet normal 0 0 1
    outer loop
      vertex 47.78307063701233 16.815531959837614 3
      vertex 47.980457739437846 16.72217481317509 3
      vertex 45.084799997508526 25.79730000346899 3
    endloop
  endfacet
  facet normal 0 0 1
    outer loop
      vertex 45.084799997508526 25.79730000346899 3
      vertex 54.1816 8.2599 3
      vertex 52.27660000324249 25.79730000346899 3
    endloop
  endfacet
  facet normal 0 0 1
    outer loop
      vertex 46.49752403351412 16.942147248897186 3
      vertex 45.084799997508526 25.79730000346899 3
      vertex 45.06889999657869 25.794600002467632 3
    endloop
  endfacet
  facet normal 0 0 1
    outer loop
      vertex 57.702399998903275 24.783500000834465 3
      vertex 57.176784727013114 21.357917141222956 3
      vertex 57.1816 21.259900000000002 3
    endloop
  endfacet
  facet normal 0 0 1
    outer loop
      vertex 57.702399998903275 24.783500000834465 3
      vertex 57.16238528046608 21.4549903236866 3
      vertex 57.176784727013114 21.357917141222956 3
    endloop
  endfacet
  facet normal 0 0 1
    outer loop
      vertex 52.27660000324249 25.79730000346899 3
      vertex 54.1816 21.259900000000002 3
      vertex 54.18641527298689 21.357917141222956 3
    endloop
  endfacet
  facet normal 0 0 1
    outer loop
      vertex 52.27660000324249 25.79730000346899 3
      vertex 54.18641527298689 21.357917141222956 3
      vertex 54.20081471953392 21.4549903236866 3
    endloop
  endfacet
  facet normal 0 0 1
    outer loop
      vertex 52.27660000324249 25.79730000346899 3
      vertex 54.20081471953392 21.4549903236866 3
      vertex 54.22465966198445 21.55018467833996 3
    endloop
  endfacet
  facet normal 0 0 1
    outer loop
      vertex 52.27660000324249 25.79730000346899 3
      vertex 54.22465966198445 21.55018467833996 3
      vertex 54.257720465993884 21.64258343359232 3
    endloop
  endfacet
  facet normal 0 0 1
    outer loop
      vertex 52.27660000324249 25.79730000346899 3
      vertex 54.257720465993884 21.64258343359232 3
      vertex 54.29967873845101 21.731296736800672 3
    endloop
  endfacet
  facet normal 0 0 1
    outer loop
      vertex 52.27660000324249 25.79730000346899 3
      vertex 54.29967873845101 21.731296736800672 3
      vertex 54.35013038966656 21.815470229887964 3
    endloop
  endfacet
  facet normal 0 0 1
    outer loop
      vertex 52.27660000324249 25.79730000346899 3
      vertex 54.35013038966656 21.815470229887964 3
      vertex 54.40858954492808 21.89429328223467 3
    endloop
  endfacet
  facet normal 0 0 1
    outer loop
      vertex 52.27660000324249 25.79730000346899 3
      vertex 54.40858954492808 21.89429328223467 3
      vertex 54.47449321601391 21.967006783986093 3
    endloop
  endfacet
  facet normal 0 0 1
    outer loop
      vertex 52.27660000324249 25.79730000346899 3
      vertex 54.47449321601391 21.967006783986093 3
      vertex 54.547206717765334 22.032910455071928 3
    endloop
  endfacet
  facet normal 0 0 1
    outer loop
      vertex 52.27660000324249 25.79730000346899 3
      vertex 54.547206717765334 22.032910455071928 3
      vertex 54.62602977011204 22.091369610333444 3
    endloop
  endfacet
  facet normal 0 0 1
    outer loop
      vertex 52.27660000324249 25.79730000346899 3
      vertex 54.62602977011204 22.091369610333444 3
      vertex 54.71020326319933 22.141821261548998 3
    endloop
  endfacet
  facet normal 0 0 1
    outer loop
      vertex 52.27660000324249 25.79730000346899 3
      vertex 54.71020326319933 22.141821261548998 3
      vertex 54.798916566407684 22.18377953400612 3
    endloop
  endfacet
  facet normal 0 0 1
    outer loop
      vertex 52.27660000324249 25.79730000346899 3
      vertex 54.798916566407684 22.18377953400612 3
      vertex 54.891315321660045 22.216840338015558 3
    endloop
  endfacet
  facet normal 0 0 1
    outer loop
      vertex 52.27660000324249 25.79730000346899 3
      vertex 54.891315321660045 22.216840338015558 3
      vertex 54.9865096763134 22.24068528046608 3
    endloop
  endfacet
  facet normal 0 0 1
    outer loop
      vertex 52.27660000324249 25.79730000346899 3
      vertex 54.9865096763134 22.24068528046608 3
      vertex 55.08358285877705 22.255084727013113 3
    endloop
  endfacet
  facet normal 0 0 1
    outer loop
      vertex 57.702399998903275 24.783500000834465 3
      vertex 55.08358285877705 22.255084727013113 3
      vertex 55.1816 22.259900000000002 3
    endloop
  endfacet
  facet normal 0 0 1
    outer loop
      vertex 52.27660000324249 25.79730000346899 3
      vertex 55.08358285877705 22.255084727013113 3
      vertex 57.702399998903275 24.783500000834465 3
    endloop
  endfacet
  facet normal 0 0 1
    outer loop
      vertex 57.702399998903275 24.783500000834465 3
      vertex 56.888706783986095 21.967006783986093 3
      vertex 56.95461045507193 21.89429328223467 3
    endloop
  endfacet
  facet normal 0 0 1
    outer loop
      vertex 57.702399998903275 24.783500000834465 3
      vertex 56.737170229887965 22.091369610333444 3
      vertex 56.81599328223467 22.032910455071928 3
    endloop
  endfacet
  facet normal 0 0 1
    outer loop
      vertex 57.702399998903275 24.783500000834465 3
      vertex 56.81599328223467 22.032910455071928 3
      vertex 56.888706783986095 21.967006783986093 3
    endloop
  endfacet
  facet normal 0 0 1
    outer loop
      vertex 57.702399998903275 24.783500000834465 3
      vertex 55.1816 22.259900000000002 3
      vertex 56.1816 22.259900000000002 3
    endloop
  endfacet
  facet normal 0 0 1
    outer loop
      vertex 57.702399998903275 24.783500000834465 3
      vertex 56.47188467833996 22.216840338015558 3
      vertex 56.56428343359232 22.18377953400612 3
    endloop
  endfacet
  facet normal 0 0 1
    outer loop
      vertex 57.702399998903275 24.783500000834465 3
      vertex 56.1816 22.259900000000002 3
      vertex 56.27961714122296 22.255084727013113 3
    endloop
  endfacet
  facet normal 0 0 1
    outer loop
      vertex 57.702399998903275 24.783500000834465 3
      vertex 56.27961714122296 22.255084727013113 3
      vertex 56.3766903236866 22.24068528046608 3
    endloop
  endfacet
  facet normal 0 0 1
    outer loop
      vertex 57.702399998903275 24.783500000834465 3
      vertex 56.3766903236866 22.24068528046608 3
      vertex 56.47188467833996 22.216840338015558 3
    endloop
  endfacet
  facet normal 0 0 1
    outer loop
      vertex 57.702399998903275 24.783500000834465 3
      vertex 56.652996736800674 22.141821261548998 3
      vertex 56.737170229887965 22.091369610333444 3
    endloop
  endfacet
  facet normal 0 0 1
    outer loop
      vertex 57.702399998903275 24.783500000834465 3
      vertex 56.56428343359232 22.18377953400612 3
      vertex 56.652996736800674 22.141821261548998 3
    endloop
  endfacet
  facet normal 0 0 1
    outer loop
      vertex 57.702399998903275 24.783500000834465 3
      vertex 57.13854033801556 21.55018467833996 3
      vertex 57.16238528046608 21.4549903236866 3
    endloop
  endfacet
  facet normal 0 0 1
    outer loop
      vertex 57.702399998903275 24.783500000834465 3
      vertex 57.10547953400612 21.64258343359232 3
      vertex 57.13854033801556 21.55018467833996 3
    endloop
  endfacet
  facet normal 0 0 1
    outer loop
      vertex 57.702399998903275 24.783500000834465 3
      vertex 57.063521261549 21.731296736800672 3
      vertex 57.10547953400612 21.64258343359232 3
    endloop
  endfacet
  facet normal 0 0 1
    outer loop
      vertex 57.702399998903275 24.783500000834465 3
      vertex 57.013069610333446 21.815470229887964 3
      vertex 57.063521261549 21.731296736800672 3
    endloop
  endfacet
  facet normal 0 0 1
    outer loop
      vertex 57.702399998903275 24.783500000834465 3
      vertex 56.95461045507193 21.89429328223467 3
      vertex 57.013069610333446 21.815470229887964 3
    endloop
  endfacet
  facet normal 0.81959393709161 0.5729448300514405 0
    outer loop
      vertex -1.7071999981999397 -1.433899998664856 0
      vertex -1.7071999981999397 -1.433899998664856 3
      vertex 0.7378999963402748 -4.931599996984005 0
    endloop
  endfacet
  facet normal 0.81959393709161 0.5729448300514405 -8.671718178989655e-18
    outer loop
      vertex -1.7071999981999397 -1.433899998664856 3
      vertex 0.7378999963402748 -4.931599996984005 3
      vertex 0.7378999963402748 -4.931599996984005 0
    endloop
  endfacet
  facet normal 0.9896801430072024 -0.1432941538836922 0
    outer loop
      vertex -1.7071999981999397 -1.433899998664856 0
      vertex -1.1116999983787537 2.678999997675419 3
      vertex -1.7071999981999397 -1.433899998664856 3
    endloop
  endfacet
  facet normal 0.9896801430072024 -0.1432941538836922 -1.3357554070833394e-17
    outer loop
      vertex -1.7071999981999397 -1.433899998664856 0
      vertex -1.1116999983787537 2.678999997675419 0
      vertex -1.1116999983787537 2.678999997675419 3
    endloop
  endfacet
  facet normal 0.6117557730817436 -0.7910466952722565 0
    outer loop
      vertex -1.1116999983787537 2.678999997675419 0
      vertex 0.998599998652935 4.310999996960163 3
      vertex -1.1116999983787537 2.678999997675419 3
    endloop
  endfacet
  facet normal 0.06532764153905227 0.9978638680957163 0
    outer loop
      vertex 0.7378999963402748 -4.931599996984005 0
      vertex 0.7378999963402748 -4.931599996984005 3
      vertex 5.457800000905991 -5.240599997341633 0
    endloop
  endfacet
  facet normal 0.06532764153905227 0.9978638680957163 0
    outer loop
      vertex 5.457800000905991 -5.240599997341633 0
      vertex 0.7378999963402748 -4.931599996984005 3
      vertex 5.457800000905991 -5.240599997341633 3
    endloop
  endfacet
  facet normal -0.32487406524015705 0.9457572847905186 0
    outer loop
      vertex 5.457800000905991 -5.240599997341633 0
      vertex 5.457800000905991 -5.240599997341633 3
      vertex 41.46320000290871 7.127499997615814 0
    endloop
  endfacet
  facet normal 0.6117557730817436 -0.7910466952722565 -2.7744499388087436e-17
    outer loop
      vertex -1.1116999983787537 2.678999997675419 0
      vertex 0.998599998652935 4.310999996960163 0
      vertex 0.998599998652935 4.310999996960163 3
    endloop
  endfacet
  facet normal 0.6146230289098952 -0.788820976098903 0
    outer loop
      vertex 0.998599998652935 4.310999996960163 0
      vertex 1.0226000025868416 4.3297000005841255 0
      vertex 1.0226000025868416 4.3297000005841255 3
    endloop
  endfacet
  facet normal 0.6146230289098952 -0.788820976098903 0
    outer loop
      vertex 0.998599998652935 4.310999996960163 0
      vertex 1.0226000025868416 4.3297000005841255 3
      vertex 0.998599998652935 4.310999996960163 3
    endloop
  endfacet
  facet normal 0.33370072666821465 -0.9426790678810607 0
    outer loop
      vertex 1.0226000025868416 4.3297000005841255 0
      vertex 37.827399998903275 17.358300000429153 3
      vertex 1.0226000025868416 4.3297000005841255 3
    endloop
  endfacet
  facet normal -0.32487406524015705 0.9457572847905186 -7.387791368789876e-17
    outer loop
      vertex 5.457800000905991 -5.240599997341633 3
      vertex 41.46320000290871 7.127499997615814 3
      vertex 41.46320000290871 7.127499997615814 0
    endloop
  endfacet
  facet normal 0.33370072666821465 -0.9426790678810607 -2.22749244150349e-17
    outer loop
      vertex 1.0226000025868416 4.3297000005841255 0
      vertex 37.827399998903275 17.358300000429153 0
      vertex 37.827399998903275 17.358300000429153 3
    endloop
  endfacet
  facet normal -0.9486799922905135 -0.31623768312405703 0
    outer loop
      vertex 41.46320000290871 7.127499997615814 0
      vertex 41.46320000290871 7.127499997615814 3
      vertex 40.50639999657869 9.997800000011921 0
    endloop
  endfacet
  facet normal -0.45551009698585315 -0.8902306170560181 0
    outer loop
      vertex 38.95899999886751 10.914099998772144 0
      vertex 38.95899999886751 10.914099998772144 3
      vertex 37.85849999636412 11.477200001478195 0
    endloop
  endfacet
  facet normal -0.5221536093959018 -0.8528514572859871 0
    outer loop
      vertex 38.964500002563 10.911399997770786 0
      vertex 38.96940000355244 10.908399999141693 0
      vertex 38.96940000355244 10.908399999141693 3
    endloop
  endfacet
  facet normal -0.4406730837431816 -0.897667663038095 0
    outer loop
      vertex 38.964500002563 10.911399997770786 0
      vertex 38.964500002563 10.911399997770786 3
      vertex 38.95899999886751 10.914099998772144 0
    endloop
  endfacet
  facet normal -0.5097133963186572 -0.8603442645902275 -1.0357558186793814e-17
    outer loop
      vertex 38.96940000355244 10.908399999141693 0
      vertex 40.50639999657869 9.997800000011921 0
      vertex 40.50639999657869 9.997800000011921 3
    endloop
  endfacet
  facet normal -0.962073588485527 -0.2727900480929992 0
    outer loop
      vertex 37.85849999636412 11.477200001478195 0
      vertex 37.85849999636412 11.477200001478195 3
      vertex 37.382600001990795 13.155599996447563 0
    endloop
  endfacet
  facet normal -0.9486799922905135 -0.31623768312405703 0
    outer loop
      vertex 40.50639999657869 9.997800000011921 0
      vertex 41.46320000290871 7.127499997615814 3
      vertex 40.50639999657869 9.997800000011921 3
    endloop
  endfacet
  facet normal -0.5221536093959018 -0.8528514572859871 0
    outer loop
      vertex 38.964500002563 10.911399997770786 0
      vertex 38.96940000355244 10.908399999141693 3
      vertex 38.964500002563 10.911399997770786 3
    endloop
  endfacet
  facet normal -0.4406730837431816 -0.897667663038095 0
    outer loop
      vertex 38.95899999886751 10.914099998772144 0
      vertex 38.964500002563 10.911399997770786 3
      vertex 38.95899999886751 10.914099998772144 3
    endloop
  endfacet
  facet normal -0.5097133963186572 -0.8603442645902275 0
    outer loop
      vertex 38.96940000355244 10.908399999141693 0
      vertex 40.50639999657869 9.997800000011921 3
      vertex 38.96940000355244 10.908399999141693 3
    endloop
  endfacet
  facet normal -0.45551009698585315 -0.8902306170560181 0
    outer loop
      vertex 37.85849999636412 11.477200001478195 0
      vertex 38.95899999886751 10.914099998772144 3
      vertex 37.85849999636412 11.477200001478195 3
    endloop
  endfacet
  facet normal -0.962073588485527 -0.2727900480929992 0
    outer loop
      vertex 37.382600001990795 13.155599996447563 0
      vertex 37.85849999636412 11.477200001478195 3
      vertex 37.382600001990795 13.155599996447563 3
    endloop
  endfacet
  facet normal -0.8920718283586866 0.4518936302370169 0
    outer loop
      vertex 37.382600001990795 13.155599996447563 0
      vertex 37.382600001990795 13.155599996447563 3
      vertex 38.4201999977231 15.203900001943111 0
    endloop
  endfacet
  facet normal -0.964166480112331 -0.2652979431277188 0
    outer loop
      vertex 38.4201999977231 15.203900001943111 0
      vertex 38.4201999977231 15.203900001943111 3
      vertex 37.827399998903275 17.358300000429153 0
    endloop
  endfacet
  facet normal -0.8920718283586866 0.4518936302370169 0
    outer loop
      vertex 38.4201999977231 15.203900001943111 0
      vertex 37.382600001990795 13.155599996447563 3
      vertex 38.4201999977231 15.203900001943111 3
    endloop
  endfacet
  facet normal -0.964166480112331 -0.2652979431277188 0
    outer loop
      vertex 37.827399998903275 17.358300000429153 0
      vertex 38.4201999977231 15.203900001943111 3
      vertex 37.827399998903275 17.358300000429153 3
    endloop
  endfacet
  facet normal 0.5141027441932194 0.8577286100002735 -5.2087790485084405e-18
    outer loop
      vertex 45.88274226056216 12.79762518682491 1.5
      vertex 45.69545623153139 12.909880112626837 1.5
      vertex 45.69545623153139 12.909880112626837 3
    endloop
  endfacet
  facet normal 0.33688985339221483 0.9415440651830227 -2.4183066889936355e-18
    outer loop
      vertex 46.28571659310882 12.630707752995836 1.5
      vertex 46.08012936298768 12.704268040162386 1.5
      vertex 46.08012936298768 12.704268040162386 3
    endloop
  endfacet
  facet normal 0.2429801799032629 0.9700312531945442 0
    outer loop
      vertex 46.28571659310882 12.630707752995836 1.5
      vertex 46.28571659310882 12.630707752995836 3
      vertex 46.49752403351412 12.577652751102812 1.5
    endloop
  endfacet
  facet normal 0.42755509343028936 0.9039892931234399 0
    outer loop
      vertex 45.88274226056216 12.79762518682491 1.5
      vertex 45.88274226056216 12.79762518682491 3
      vertex 46.08012936298768 12.704268040162386 1.5
    endloop
  endfacet
  facet normal 0.14673047445536802 0.98917650996478 0
    outer loop
      vertex 46.49752403351412 12.577652751102812 1.5
      vertex 46.49752403351412 12.577652751102812 3
      vertex 46.71351186276673 12.545613983154361 1.5
    endloop
  endfacet
  facet normal 0.04906767432741152 0.9987954562051726 0
    outer loop
      vertex 46.71351186276673 12.545613983154361 1.5
      vertex 46.71351186276673 12.545613983154361 3
      vertex 46.9316 12.5349 1.5
    endloop
  endfacet
  facet normal -0.04906767432741152 0.9987954562051726 0
    outer loop
      vertex 46.9316 12.5349 1.5
      vertex 46.9316 12.5349 3
      vertex 47.14968813723328 12.545613983154361 1.5
    endloop
  endfacet
  facet normal -0.14673047445536802 0.98917650996478 0
    outer loop
      vertex 47.14968813723328 12.545613983154361 1.5
      vertex 47.14968813723328 12.545613983154361 3
      vertex 47.36567596648589 12.577652751102812 1.5
    endloop
  endfacet
  facet normal -0.2429801799032629 0.9700312531945442 0
    outer loop
      vertex 47.36567596648589 12.577652751102812 1.5
      vertex 47.36567596648589 12.577652751102812 3
      vertex 47.57748340689118 12.630707752995836 1.5
    endloop
  endfacet
  facet normal -0.33688985339221483 0.9415440651830227 0
    outer loop
      vertex 47.57748340689118 12.630707752995836 1.5
      vertex 47.57748340689118 12.630707752995836 3
      vertex 47.78307063701233 12.704268040162386 1.5
    endloop
  endfacet
  facet normal -0.42755509343028936 0.9039892931234399 0
    outer loop
      vertex 47.78307063701233 12.704268040162386 1.5
      vertex 47.78307063701233 12.704268040162386 3
      vertex 47.980457739437846 12.79762518682491 1.5
    endloop
  endfacet
  facet normal -0.5141027441932194 0.8577286100002735 0
    outer loop
      vertex 47.980457739437846 12.79762518682491 1.5
      vertex 47.980457739437846 12.79762518682491 3
      vertex 48.16774376846862 12.909880112626837 1.5
    endloop
  endfacet
  facet normal 0.5141027441932194 0.8577286100002735 0
    outer loop
      vertex 45.88274226056216 12.79762518682491 1.5
      vertex 45.69545623153139 12.909880112626837 3
      vertex 45.88274226056216 12.79762518682491 3
    endloop
  endfacet
  facet normal 0.33688985339221483 0.9415440651830227 0
    outer loop
      vertex 46.28571659310882 12.630707752995836 1.5
      vertex 46.08012936298768 12.704268040162386 3
      vertex 46.28571659310882 12.630707752995836 3
    endloop
  endfacet
  facet normal 0.42755509343028936 0.9039892931234399 0
    outer loop
      vertex 46.08012936298768 12.704268040162386 1.5
      vertex 45.88274226056216 12.79762518682491 3
      vertex 46.08012936298768 12.704268040162386 3
    endloop
  endfacet
  facet normal 0.2429801799032629 0.9700312531945442 0
    outer loop
      vertex 46.49752403351412 12.577652751102812 1.5
      vertex 46.28571659310882 12.630707752995836 3
      vertex 46.49752403351412 12.577652751102812 3
    endloop
  endfacet
  facet normal 0.14673047445536802 0.98917650996478 0
    outer loop
      vertex 46.71351186276673 12.545613983154361 1.5
      vertex 46.49752403351412 12.577652751102812 3
      vertex 46.71351186276673 12.545613983154361 3
    endloop
  endfacet
  facet normal 0.04906767432741152 0.9987954562051726 0
    outer loop
      vertex 46.9316 12.5349 1.5
      vertex 46.71351186276673 12.545613983154361 3
      vertex 46.9316 12.5349 3
    endloop
  endfacet
  facet normal -0.04906767432741152 0.9987954562051726 0
    outer loop
      vertex 47.14968813723328 12.545613983154361 1.5
      vertex 46.9316 12.5349 3
      vertex 47.14968813723328 12.545613983154361 3
    endloop
  endfacet
  facet normal -0.14673047445536802 0.98917650996478 0
    outer loop
      vertex 47.36567596648589 12.577652751102812 1.5
      vertex 47.14968813723328 12.545613983154361 3
      vertex 47.36567596648589 12.577652751102812 3
    endloop
  endfacet
  facet normal -0.2429801799032629 0.9700312531945442 0
    outer loop
      vertex 47.57748340689118 12.630707752995836 1.5
      vertex 47.36567596648589 12.577652751102812 3
      vertex 47.57748340689118 12.630707752995836 3
    endloop
  endfacet
  facet normal -0.33688985339221483 0.9415440651830227 0
    outer loop
      vertex 47.78307063701233 12.704268040162386 1.5
      vertex 47.57748340689118 12.630707752995836 3
      vertex 47.78307063701233 12.704268040162386 3
    endloop
  endfacet
  facet normal -0.42755509343028936 0.9039892931234399 0
    outer loop
      vertex 47.980457739437846 12.79762518682491 1.5
      vertex 47.78307063701233 12.704268040162386 3
      vertex 47.980457739437846 12.79762518682491 3
    endloop
  endfacet
  facet normal -0.5141027441932194 0.8577286100002735 5.2087790485084405e-18
    outer loop
      vertex 47.980457739437846 12.79762518682491 3
      vertex 48.16774376846862 12.909880112626837 3
      vertex 48.16774376846862 12.909880112626837 1.5
    endloop
  endfacet
  facet normal 0.9039892931234492 0.42755509343026976 4.569365459903076e-18
    outer loop
      vertex 44.96932518682491 13.711042260562156 1.5
      vertex 44.87596804016239 13.908429362987675 1.5
      vertex 44.87596804016239 13.908429362987675 3
    endloop
  endfacet
  facet normal 0.9415440651830227 0.33688985339221483 -2.4183066889936355e-18
    outer loop
      vertex 44.87596804016239 13.908429362987675 1.5
      vertex 44.80240775299584 14.114016593108822 1.5
      vertex 44.80240775299584 14.114016593108822 3
    endloop
  endfacet
  facet normal 0.9700312531945456 0.24298017990325715 1.8088377343733607e-18
    outer loop
      vertex 44.80240775299584 14.114016593108822 1.5
      vertex 44.74935275110282 14.325824033514115 1.5
      vertex 44.74935275110282 14.325824033514115 3
    endloop
  endfacet
  facet normal 0.9891765099647766 0.1467304744553907 -1.0605924146587966e-18
    outer loop
      vertex 44.74935275110282 14.325824033514115 1.5
      vertex 44.71731398315436 14.541811862766728 1.5
      vertex 44.71731398315436 14.541811862766728 3
    endloop
  endfacet
  facet normal 0.9987954562051728 0.04906767432741192 5.144868212080493e-19
    outer loop
      vertex 44.71731398315436 14.541811862766728 1.5
      vertex 44.7066 14.7599 1.5
      vertex 44.7066 14.7599 3
    endloop
  endfacet
  facet normal 0.9987954562051728 -0.04906767432741192 -5.144868212080493e-19
    outer loop
      vertex 44.7066 14.7599 1.5
      vertex 44.71731398315436 14.977988137233272 1.5
      vertex 44.71731398315436 14.977988137233272 3
    endloop
  endfacet
  facet normal 0.9891765099647766 -0.1467304744553907 1.0605924146587966e-18
    outer loop
      vertex 44.71731398315436 14.977988137233272 1.5
      vertex 44.74935275110282 15.193975966485885 1.5
      vertex 44.74935275110282 15.193975966485885 3
    endloop
  endfacet
  facet normal 0.9700312531945456 -0.24298017990325715 -1.8088377343733607e-18
    outer loop
      vertex 44.74935275110282 15.193975966485885 1.5
      vertex 44.80240775299584 15.405783406891178 1.5
      vertex 44.80240775299584 15.405783406891178 3
    endloop
  endfacet
  facet normal 0.9415440651830227 -0.33688985339221483 2.4183066889936355e-18
    outer loop
      vertex 44.80240775299584 15.405783406891178 1.5
      vertex 44.87596804016239 15.611370637012325 1.5
      vertex 44.87596804016239 15.611370637012325 3
    endloop
  endfacet
  facet normal 0.9039892931234492 -0.42755509343026976 -4.569365459903076e-18
    outer loop
      vertex 44.87596804016239 15.611370637012325 1.5
      vertex 44.96932518682491 15.808757739437844 1.5
      vertex 44.96932518682491 15.808757739437844 3
    endloop
  endfacet
  facet normal 0.6715589548470257 0.7409511253549526 0
    outer loop
      vertex 45.35828741185993 13.186587411859932 1.5
      vertex 45.35828741185993 13.186587411859932 3
      vertex 45.52007494273589 13.03995174126791 1.5
    endloop
  endfacet
  facet normal 0.7409511253549643 0.6715589548470128 -3.946487264824228e-18
    outer loop
      vertex 45.35828741185993 13.186587411859932 1.5
      vertex 45.211651741267914 13.348374942735889 1.5
      vertex 45.211651741267914 13.348374942735889 3
    endloop
  endfacet
  facet normal 0.5956993044924243 0.8032075314806516 5.01194896446899e-19
    outer loop
      vertex 45.69545623153139 12.909880112626837 1.5
      vertex 45.52007494273589 13.03995174126791 1.5
      vertex 45.52007494273589 13.03995174126791 3
    endloop
  endfacet
  facet normal 0.8032075314806381 0.5956993044924426 -3.705147708965186e-18
    outer loop
      vertex 45.211651741267914 13.348374942735889 1.5
      vertex 45.08158011262684 13.523756231531385 1.5
      vertex 45.08158011262684 13.523756231531385 3
    endloop
  endfacet
  facet normal 0.8577286100002712 0.514102744193223 0
    outer loop
      vertex 44.96932518682491 13.711042260562156 1.5
      vertex 44.96932518682491 13.711042260562156 3
      vertex 45.08158011262684 13.523756231531385 1.5
    endloop
  endfacet
  facet normal -0.5956993044924243 0.8032075314806516 0
    outer loop
      vertex 48.16774376846862 12.909880112626837 1.5
      vertex 48.16774376846862 12.909880112626837 3
      vertex 48.34312505726412 13.03995174126791 1.5
    endloop
  endfacet
  facet normal -0.6715589548470257 0.7409511253549526 0
    outer loop
      vertex 48.34312505726412 13.03995174126791 1.5
      vertex 48.34312505726412 13.03995174126791 3
      vertex 48.50491258814007 13.186587411859932 1.5
    endloop
  endfacet
  facet normal -0.7409511253549643 0.6715589548470128 0
    outer loop
      vertex 48.50491258814007 13.186587411859932 1.5
      vertex 48.50491258814007 13.186587411859932 3
      vertex 48.65154825873209 13.348374942735889 1.5
    endloop
  endfacet
  facet normal -0.8032075314806381 0.5956993044924426 0
    outer loop
      vertex 48.65154825873209 13.348374942735889 1.5
      vertex 48.65154825873209 13.348374942735889 3
      vertex 48.78161988737317 13.523756231531385 1.5
    endloop
  endfacet
  facet normal 0.8577286100002712 -0.514102744193223 1.822306422430925e-19
    outer loop
      vertex 44.96932518682491 15.808757739437844 1.5
      vertex 45.08158011262684 15.996043768468615 1.5
      vertex 45.08158011262684 15.996043768468615 3
    endloop
  endfacet
  facet normal 0.803207531480641 -0.5956993044924386 -5.672322854786177e-19
    outer loop
      vertex 45.08158011262684 15.996043768468615 1.5
      vertex 45.211651741267914 16.171425057264113 1.5
      vertex 45.211651741267914 16.171425057264113 3
    endloop
  endfacet
  facet normal -0.803207531480641 -0.5956993044924386 0
    outer loop
      vertex 48.78161988737317 15.996043768468615 1.5
      vertex 48.78161988737317 15.996043768468615 3
      vertex 48.65154825873209 16.171425057264113 1.5
    endloop
  endfacet
  facet normal -0.8577286100002712 0.514102744193223 0
    outer loop
      vertex 48.78161988737317 13.523756231531385 1.5
      vertex 48.78161988737317 13.523756231531385 3
      vertex 48.893874813175096 13.711042260562156 1.5
    endloop
  endfacet
  facet normal -0.9039892931234492 0.42755509343026976 0
    outer loop
      vertex 48.893874813175096 13.711042260562156 1.5
      vertex 48.893874813175096 13.711042260562156 3
      vertex 48.987231959837615 13.908429362987675 1.5
    endloop
  endfacet
  facet normal -0.9415440651830227 0.33688985339221483 0
    outer loop
      vertex 48.987231959837615 13.908429362987675 1.5
      vertex 48.987231959837615 13.908429362987675 3
      vertex 49.060792247004166 14.114016593108822 1.5
    endloop
  endfacet
  facet normal -0.9700312531945456 0.24298017990325715 0
    outer loop
      vertex 49.060792247004166 14.114016593108822 1.5
      vertex 49.060792247004166 14.114016593108822 3
      vertex 49.11384724889719 14.325824033514115 1.5
    endloop
  endfacet
  facet normal -0.9891765099647766 0.1467304744553907 0
    outer loop
      vertex 49.11384724889719 14.325824033514115 1.5
      vertex 49.11384724889719 14.325824033514115 3
      vertex 49.145886016845644 14.541811862766728 1.5
    endloop
  endfacet
  facet normal -0.9987954562051728 0.04906767432741192 0
    outer loop
      vertex 49.145886016845644 14.541811862766728 1.5
      vertex 49.145886016845644 14.541811862766728 3
      vertex 49.156600000000005 14.7599 1.5
    endloop
  endfacet
  facet normal -0.9987954562051728 -0.04906767432741192 0
    outer loop
      vertex 49.156600000000005 14.7599 1.5
      vertex 49.156600000000005 14.7599 3
      vertex 49.145886016845644 14.977988137233272 1.5
    endloop
  endfacet
  facet normal -0.9891765099647766 -0.1467304744553907 0
    outer loop
      vertex 49.145886016845644 14.977988137233272 1.5
      vertex 49.145886016845644 14.977988137233272 3
      vertex 49.11384724889719 15.193975966485885 1.5
    endloop
  endfacet
  facet normal -0.9700312531945456 -0.24298017990325715 0
    outer loop
      vertex 49.11384724889719 15.193975966485885 1.5
      vertex 49.11384724889719 15.193975966485885 3
      vertex 49.060792247004166 15.405783406891178 1.5
    endloop
  endfacet
  facet normal -0.9415440651830227 -0.33688985339221483 0
    outer loop
      vertex 49.060792247004166 15.405783406891178 1.5
      vertex 49.060792247004166 15.405783406891178 3
      vertex 48.987231959837615 15.611370637012325 1.5
    endloop
  endfacet
  facet normal -0.9039892931234492 -0.42755509343026976 0
    outer loop
      vertex 48.987231959837615 15.611370637012325 1.5
      vertex 48.987231959837615 15.611370637012325 3
      vertex 48.893874813175096 15.808757739437844 1.5
    endloop
  endfacet
  facet normal -0.8577286100002712 -0.514102744193223 0
    outer loop
      vertex 48.893874813175096 15.808757739437844 1.5
      vertex 48.893874813175096 15.808757739437844 3
      vertex 48.78161988737317 15.996043768468615 1.5
    endloop
  endfacet
  facet normal 0.7409511253549607 -0.6715589548470168 3.125928396773169e-18
    outer loop
      vertex 45.211651741267914 16.171425057264113 1.5
      vertex 45.35828741185993 16.333212588140068 1.5
      vertex 45.35828741185993 16.333212588140068 3
    endloop
  endfacet
  facet normal 0.6715589548470257 -0.7409511253549526 -3.6514555443411616e-19
    outer loop
      vertex 45.35828741185993 16.333212588140068 1.5
      vertex 45.52007494273589 16.47984825873209 1.5
      vertex 45.52007494273589 16.47984825873209 3
    endloop
  endfacet
  facet normal 0.5956993044924243 -0.8032075314806516 -5.01194896446899e-19
    outer loop
      vertex 45.52007494273589 16.47984825873209 1.5
      vertex 45.69545623153139 16.609919887373163 1.5
      vertex 45.69545623153139 16.609919887373163 3
    endloop
  endfacet
  facet normal 0.5141027441932194 -0.8577286100002735 5.2087790485084405e-18
    outer loop
      vertex 45.69545623153139 16.609919887373163 1.5
      vertex 45.88274226056216 16.72217481317509 1.5
      vertex 45.88274226056216 16.72217481317509 3
    endloop
  endfacet
  facet normal 0.42755509343028936 -0.9039892931234399 1.0096294474296763e-18
    outer loop
      vertex 45.88274226056216 16.72217481317509 1.5
      vertex 46.08012936298768 16.815531959837614 1.5
      vertex 46.08012936298768 16.815531959837614 3
    endloop
  endfacet
  facet normal 0.33688985339221483 -0.9415440651830227 2.4183066889936355e-18
    outer loop
      vertex 46.08012936298768 16.815531959837614 1.5
      vertex 46.28571659310882 16.889092247004164 1.5
      vertex 46.28571659310882 16.889092247004164 3
    endloop
  endfacet
  facet normal 0.24298017990325527 -0.9700312531945462 -6.990246935162253e-20
    outer loop
      vertex 46.28571659310882 16.889092247004164 1.5
      vertex 46.49752403351412 16.942147248897186 1.5
      vertex 46.49752403351412 16.942147248897186 3
    endloop
  endfacet
  facet normal 0.146730474455376 -0.9891765099647789 2.620349183538515e-19
    outer loop
      vertex 46.49752403351412 16.942147248897186 1.5
      vertex 46.71351186276673 16.97418601684564 1.5
      vertex 46.71351186276673 16.97418601684564 3
    endloop
  endfacet
  facet normal 0.04906767432741152 -0.9987954562051726 6.566539013907843e-19
    outer loop
      vertex 46.71351186276673 16.97418601684564 1.5
      vertex 46.9316 16.9849 1.5
      vertex 46.9316 16.9849 3
    endloop
  endfacet
  facet normal -0.24298017990325527 -0.9700312531945462 0
    outer loop
      vertex 47.57748340689118 16.889092247004164 1.5
      vertex 47.57748340689118 16.889092247004164 3
      vertex 47.36567596648589 16.942147248897186 1.5
    endloop
  endfacet
  facet normal -0.33688985339221483 -0.9415440651830227 -2.4183066889936355e-18
    outer loop
      vertex 47.57748340689118 16.889092247004164 1.5
      vertex 47.78307063701233 16.815531959837614 1.5
      vertex 47.78307063701233 16.815531959837614 3
    endloop
  endfacet
  facet normal -0.7409511253549607 -0.6715589548470168 0
    outer loop
      vertex 48.65154825873209 16.171425057264113 1.5
      vertex 48.65154825873209 16.171425057264113 3
      vertex 48.50491258814007 16.333212588140068 1.5
    endloop
  endfacet
  facet normal -0.6715589548470257 -0.7409511253549526 0
    outer loop
      vertex 48.50491258814007 16.333212588140068 1.5
      vertex 48.50491258814007 16.333212588140068 3
      vertex 48.34312505726412 16.47984825873209 1.5
    endloop
  endfacet
  facet normal -0.5956993044924243 -0.8032075314806516 0
    outer loop
      vertex 48.34312505726412 16.47984825873209 1.5
      vertex 48.34312505726412 16.47984825873209 3
      vertex 48.16774376846862 16.609919887373163 1.5
    endloop
  endfacet
  facet normal -0.5141027441932194 -0.8577286100002735 -5.2087790485084405e-18
    outer loop
      vertex 47.980457739437846 16.72217481317509 1.5
      vertex 48.16774376846862 16.609919887373163 1.5
      vertex 48.16774376846862 16.609919887373163 3
    endloop
  endfacet
  facet normal -0.42755509343028936 -0.9039892931234399 -1.0096294474296763e-18
    outer loop
      vertex 47.78307063701233 16.815531959837614 1.5
      vertex 47.980457739437846 16.72217481317509 1.5
      vertex 47.980457739437846 16.72217481317509 3
    endloop
  endfacet
  facet normal -0.04906767432741152 -0.9987954562051726 -6.566539013907843e-19
    outer loop
      vertex 46.9316 16.9849 1.5
      vertex 47.14968813723328 16.97418601684564 1.5
      vertex 47.14968813723328 16.97418601684564 3
    endloop
  endfacet
  facet normal -0.146730474455376 -0.9891765099647789 -2.620349183538515e-19
    outer loop
      vertex 47.14968813723328 16.97418601684564 1.5
      vertex 47.36567596648589 16.942147248897186 1.5
      vertex 47.36567596648589 16.942147248897186 3
    endloop
  endfacet
  facet normal 0.9039892931234492 0.42755509343026976 0
    outer loop
      vertex 44.96932518682491 13.711042260562156 1.5
      vertex 44.87596804016239 13.908429362987675 3
      vertex 44.96932518682491 13.711042260562156 3
    endloop
  endfacet
  facet normal 0.9415440651830227 0.33688985339221483 0
    outer loop
      vertex 44.87596804016239 13.908429362987675 1.5
      vertex 44.80240775299584 14.114016593108822 3
      vertex 44.87596804016239 13.908429362987675 3
    endloop
  endfacet
  facet normal 0.9700312531945456 0.24298017990325715 0
    outer loop
      vertex 44.80240775299584 14.114016593108822 1.5
      vertex 44.74935275110282 14.325824033514115 3
      vertex 44.80240775299584 14.114016593108822 3
    endloop
  endfacet
  facet normal 0.9891765099647766 0.1467304744553907 0
    outer loop
      vertex 44.74935275110282 14.325824033514115 1.5
      vertex 44.71731398315436 14.541811862766728 3
      vertex 44.74935275110282 14.325824033514115 3
    endloop
  endfacet
  facet normal 0.9987954562051728 0.04906767432741192 0
    outer loop
      vertex 44.71731398315436 14.541811862766728 1.5
      vertex 44.7066 14.7599 3
      vertex 44.71731398315436 14.541811862766728 3
    endloop
  endfacet
  facet normal 0.9987954562051728 -0.04906767432741192 0
    outer loop
      vertex 44.7066 14.7599 1.5
      vertex 44.71731398315436 14.977988137233272 3
      vertex 44.7066 14.7599 3
    endloop
  endfacet
  facet normal 0.9891765099647766 -0.1467304744553907 0
    outer loop
      vertex 44.71731398315436 14.977988137233272 1.5
      vertex 44.74935275110282 15.193975966485885 3
      vertex 44.71731398315436 14.977988137233272 3
    endloop
  endfacet
  facet normal 0.9700312531945456 -0.24298017990325715 0
    outer loop
      vertex 44.74935275110282 15.193975966485885 1.5
      vertex 44.80240775299584 15.405783406891178 3
      vertex 44.74935275110282 15.193975966485885 3
    endloop
  endfacet
  facet normal 0.9415440651830227 -0.33688985339221483 0
    outer loop
      vertex 44.80240775299584 15.405783406891178 1.5
      vertex 44.87596804016239 15.611370637012325 3
      vertex 44.80240775299584 15.405783406891178 3
    endloop
  endfacet
  facet normal 0.9039892931234492 -0.42755509343026976 0
    outer loop
      vertex 44.87596804016239 15.611370637012325 1.5
      vertex 44.96932518682491 15.808757739437844 3
      vertex 44.87596804016239 15.611370637012325 3
    endloop
  endfacet
  facet normal 0.6715589548470257 0.7409511253549526 0
    outer loop
      vertex 45.52007494273589 13.03995174126791 1.5
      vertex 45.35828741185993 13.186587411859932 3
      vertex 45.52007494273589 13.03995174126791 3
    endloop
  endfacet
  facet normal 0.7409511253549643 0.6715589548470128 0
    outer loop
      vertex 45.35828741185993 13.186587411859932 1.5
      vertex 45.211651741267914 13.348374942735889 3
      vertex 45.35828741185993 13.186587411859932 3
    endloop
  endfacet
  facet normal 0.5956993044924243 0.8032075314806516 0
    outer loop
      vertex 45.69545623153139 12.909880112626837 1.5
      vertex 45.52007494273589 13.03995174126791 3
      vertex 45.69545623153139 12.909880112626837 3
    endloop
  endfacet
  facet normal 0.8032075314806381 0.5956993044924426 0
    outer loop
      vertex 45.211651741267914 13.348374942735889 1.5
      vertex 45.08158011262684 13.523756231531385 3
      vertex 45.211651741267914 13.348374942735889 3
    endloop
  endfacet
  facet normal 0.8577286100002712 0.514102744193223 0
    outer loop
      vertex 45.08158011262684 13.523756231531385 1.5
      vertex 44.96932518682491 13.711042260562156 3
      vertex 45.08158011262684 13.523756231531385 3
    endloop
  endfacet
  facet normal -0.5956993044924243 0.8032075314806516 0
    outer loop
      vertex 48.34312505726412 13.03995174126791 1.5
      vertex 48.16774376846862 12.909880112626837 3
      vertex 48.34312505726412 13.03995174126791 3
    endloop
  endfacet
  facet normal -0.6715589548470257 0.7409511253549526 0
    outer loop
      vertex 48.50491258814007 13.186587411859932 1.5
      vertex 48.34312505726412 13.03995174126791 3
      vertex 48.50491258814007 13.186587411859932 3
    endloop
  endfacet
  facet normal -0.7409511253549643 0.6715589548470128 0
    outer loop
      vertex 48.65154825873209 13.348374942735889 1.5
      vertex 48.50491258814007 13.186587411859932 3
      vertex 48.65154825873209 13.348374942735889 3
    endloop
  endfacet
  facet normal -0.8032075314806381 0.5956993044924426 0
    outer loop
      vertex 48.78161988737317 13.523756231531385 1.5
      vertex 48.65154825873209 13.348374942735889 3
      vertex 48.78161988737317 13.523756231531385 3
    endloop
  endfacet
  facet normal 0.8577286100002712 -0.514102744193223 0
    outer loop
      vertex 44.96932518682491 15.808757739437844 1.5
      vertex 45.08158011262684 15.996043768468615 3
      vertex 44.96932518682491 15.808757739437844 3
    endloop
  endfacet
  facet normal 0.803207531480641 -0.5956993044924386 0
    outer loop
      vertex 45.08158011262684 15.996043768468615 1.5
      vertex 45.211651741267914 16.171425057264113 3
      vertex 45.08158011262684 15.996043768468615 3
    endloop
  endfacet
  facet normal -0.803207531480641 -0.5956993044924386 0
    outer loop
      vertex 48.65154825873209 16.171425057264113 1.5
      vertex 48.78161988737317 15.996043768468615 3
      vertex 48.65154825873209 16.171425057264113 3
    endloop
  endfacet
  facet normal -0.8577286100002712 0.514102744193223 0
    outer loop
      vertex 48.893874813175096 13.711042260562156 1.5
      vertex 48.78161988737317 13.523756231531385 3
      vertex 48.893874813175096 13.711042260562156 3
    endloop
  endfacet
  facet normal -0.9039892931234492 0.42755509343026976 0
    outer loop
      vertex 48.987231959837615 13.908429362987675 1.5
      vertex 48.893874813175096 13.711042260562156 3
      vertex 48.987231959837615 13.908429362987675 3
    endloop
  endfacet
  facet normal -0.9415440651830227 0.33688985339221483 0
    outer loop
      vertex 49.060792247004166 14.114016593108822 1.5
      vertex 48.987231959837615 13.908429362987675 3
      vertex 49.060792247004166 14.114016593108822 3
    endloop
  endfacet
  facet normal -0.9700312531945456 0.24298017990325715 0
    outer loop
      vertex 49.11384724889719 14.325824033514115 1.5
      vertex 49.060792247004166 14.114016593108822 3
      vertex 49.11384724889719 14.325824033514115 3
    endloop
  endfacet
  facet normal -0.9891765099647766 0.1467304744553907 0
    outer loop
      vertex 49.145886016845644 14.541811862766728 1.5
      vertex 49.11384724889719 14.325824033514115 3
      vertex 49.145886016845644 14.541811862766728 3
    endloop
  endfacet
  facet normal -0.9987954562051728 0.04906767432741192 0
    outer loop
      vertex 49.156600000000005 14.7599 1.5
      vertex 49.145886016845644 14.541811862766728 3
      vertex 49.156600000000005 14.7599 3
    endloop
  endfacet
  facet normal -0.9987954562051728 -0.04906767432741192 0
    outer loop
      vertex 49.145886016845644 14.977988137233272 1.5
      vertex 49.156600000000005 14.7599 3
      vertex 49.145886016845644 14.977988137233272 3
    endloop
  endfacet
  facet normal -0.9891765099647766 -0.1467304744553907 0
    outer loop
      vertex 49.11384724889719 15.193975966485885 1.5
      vertex 49.145886016845644 14.977988137233272 3
      vertex 49.11384724889719 15.193975966485885 3
    endloop
  endfacet
  facet normal -0.9700312531945456 -0.24298017990325715 0
    outer loop
      vertex 49.060792247004166 15.405783406891178 1.5
      vertex 49.11384724889719 15.193975966485885 3
      vertex 49.060792247004166 15.405783406891178 3
    endloop
  endfacet
  facet normal -0.9415440651830227 -0.33688985339221483 0
    outer loop
      vertex 48.987231959837615 15.611370637012325 1.5
      vertex 49.060792247004166 15.405783406891178 3
      vertex 48.987231959837615 15.611370637012325 3
    endloop
  endfacet
  facet normal -0.9039892931234492 -0.42755509343026976 0
    outer loop
      vertex 48.893874813175096 15.808757739437844 1.5
      vertex 48.987231959837615 15.611370637012325 3
      vertex 48.893874813175096 15.808757739437844 3
    endloop
  endfacet
  facet normal -0.8577286100002712 -0.514102744193223 0
    outer loop
      vertex 48.78161988737317 15.996043768468615 1.5
      vertex 48.893874813175096 15.808757739437844 3
      vertex 48.78161988737317 15.996043768468615 3
    endloop
  endfacet
  facet normal 0.7409511253549607 -0.6715589548470168 0
    outer loop
      vertex 45.211651741267914 16.171425057264113 1.5
      vertex 45.35828741185993 16.333212588140068 3
      vertex 45.211651741267914 16.171425057264113 3
    endloop
  endfacet
  facet normal 0.6715589548470257 -0.7409511253549526 0
    outer loop
      vertex 45.35828741185993 16.333212588140068 1.5
      vertex 45.52007494273589 16.47984825873209 3
      vertex 45.35828741185993 16.333212588140068 3
    endloop
  endfacet
  facet normal 0.5956993044924243 -0.8032075314806516 0
    outer loop
      vertex 45.52007494273589 16.47984825873209 1.5
      vertex 45.69545623153139 16.609919887373163 3
      vertex 45.52007494273589 16.47984825873209 3
    endloop
  endfacet
  facet normal 0.5141027441932194 -0.8577286100002735 0
    outer loop
      vertex 45.69545623153139 16.609919887373163 1.5
      vertex 45.88274226056216 16.72217481317509 3
      vertex 45.69545623153139 16.609919887373163 3
    endloop
  endfacet
  facet normal 0.42755509343028936 -0.9039892931234399 0
    outer loop
      vertex 45.88274226056216 16.72217481317509 1.5
      vertex 46.08012936298768 16.815531959837614 3
      vertex 45.88274226056216 16.72217481317509 3
    endloop
  endfacet
  facet normal 0.33688985339221483 -0.9415440651830227 0
    outer loop
      vertex 46.08012936298768 16.815531959837614 1.5
      vertex 46.28571659310882 16.889092247004164 3
      vertex 46.08012936298768 16.815531959837614 3
    endloop
  endfacet
  facet normal 0.24298017990325527 -0.9700312531945462 0
    outer loop
      vertex 46.28571659310882 16.889092247004164 1.5
      vertex 46.49752403351412 16.942147248897186 3
      vertex 46.28571659310882 16.889092247004164 3
    endloop
  endfacet
  facet normal 0.146730474455376 -0.9891765099647789 0
    outer loop
      vertex 46.49752403351412 16.942147248897186 1.5
      vertex 46.71351186276673 16.97418601684564 3
      vertex 46.49752403351412 16.942147248897186 3
    endloop
  endfacet
  facet normal 0.04906767432741152 -0.9987954562051726 0
    outer loop
      vertex 46.71351186276673 16.97418601684564 1.5
      vertex 46.9316 16.9849 3
      vertex 46.71351186276673 16.97418601684564 3
    endloop
  endfacet
  facet normal -0.24298017990325527 -0.9700312531945462 0
    outer loop
      vertex 47.36567596648589 16.942147248897186 1.5
      vertex 47.57748340689118 16.889092247004164 3
      vertex 47.36567596648589 16.942147248897186 3
    endloop
  endfacet
  facet normal -0.33688985339221483 -0.9415440651830227 0
    outer loop
      vertex 47.57748340689118 16.889092247004164 1.5
      vertex 47.78307063701233 16.815531959837614 3
      vertex 47.57748340689118 16.889092247004164 3
    endloop
  endfacet
  facet normal -0.7409511253549607 -0.6715589548470168 0
    outer loop
      vertex 48.50491258814007 16.333212588140068 1.5
      vertex 48.65154825873209 16.171425057264113 3
      vertex 48.50491258814007 16.333212588140068 3
    endloop
  endfacet
  facet normal -0.6715589548470257 -0.7409511253549526 0
    outer loop
      vertex 48.34312505726412 16.47984825873209 1.5
      vertex 48.50491258814007 16.333212588140068 3
      vertex 48.34312505726412 16.47984825873209 3
    endloop
  endfacet
  facet normal -0.5141027441932194 -0.8577286100002735 0
    outer loop
      vertex 47.980457739437846 16.72217481317509 1.5
      vertex 48.16774376846862 16.609919887373163 3
      vertex 47.980457739437846 16.72217481317509 3
    endloop
  endfacet
  facet normal -0.5956993044924243 -0.8032075314806516 0
    outer loop
      vertex 48.16774376846862 16.609919887373163 1.5
      vertex 48.34312505726412 16.47984825873209 3
      vertex 48.16774376846862 16.609919887373163 3
    endloop
  endfacet
  facet normal -0.42755509343028936 -0.9039892931234399 0
    outer loop
      vertex 47.78307063701233 16.815531959837614 1.5
      vertex 47.980457739437846 16.72217481317509 3
      vertex 47.78307063701233 16.815531959837614 3
    endloop
  endfacet
  facet normal -0.04906767432741152 -0.9987954562051726 0
    outer loop
      vertex 46.9316 16.9849 1.5
      vertex 47.14968813723328 16.97418601684564 3
      vertex 46.9316 16.9849 3
    endloop
  endfacet
  facet normal -0.146730474455376 -0.9891765099647789 0
    outer loop
      vertex 47.14968813723328 16.97418601684564 1.5
      vertex 47.36567596648589 16.942147248897186 3
      vertex 47.14968813723328 16.97418601684564 3
    endloop
  endfacet
  facet normal 0.4275550934302856 0.9039892931234417 0
    outer loop
      vertex 44.57461631587002 10.350293678258225 0
      vertex 44.57461631587002 10.350293678258225 1.5
      vertex 45.01818283817455 10.140502337443566 0
    endloop
  endfacet
  facet normal 0.5956993044924345 0.8032075314806442 0
    outer loop
      vertex 43.759633579181774 10.894847733186316 0
      vertex 43.759633579181774 10.894847733186316 1.5
      vertex 44.15374883490199 10.602551938487274 0
    endloop
  endfacet
  facet normal 0.6715589548470197 0.7409511253549579 0
    outer loop
      vertex 43.396066094067265 11.224366094067262 0
      vertex 43.396066094067265 11.224366094067262 1.5
      vertex 43.759633579181774 10.894847733186316 0
    endloop
  endfacet
  facet normal 0.5141027441932168 0.8577286100002751 -3.984392289138313e-18
    outer loop
      vertex 44.57461631587002 10.350293678258225 0
      vertex 44.15374883490199 10.602551938487274 0
      vertex 44.15374883490199 10.602551938487274 1.5
    endloop
  endfacet
  facet normal 0.8032075314806423 0.5956993044924368 3.2309946113312343e-18
    outer loop
      vertex 43.06654773318632 11.587933579181772 0
      vertex 42.774251938487275 11.982048834901988 0
      vertex 42.774251938487275 11.982048834901988 1.5
    endloop
  endfacet
  facet normal 0.8577286100002732 0.5141027441932199 6.916133859701155e-18
    outer loop
      vertex 42.774251938487275 11.982048834901988 0
      vertex 42.52199367825823 12.402916315870012 0
      vertex 42.52199367825823 12.402916315870012 1.5
    endloop
  endfacet
  facet normal 0.9039892931234416 0.42755509343028575 5.8324111827673905e-18
    outer loop
      vertex 42.52199367825823 12.402916315870012 0
      vertex 42.312202337443566 12.846482838174552 0
      vertex 42.312202337443566 12.846482838174552 1.5
    endloop
  endfacet
  facet normal 0.7409511253549597 0.6715589548470179 -2.3413624826296622e-18
    outer loop
      vertex 43.396066094067265 11.224366094067262 0
      vertex 43.06654773318632 11.587933579181772 0
      vertex 43.06654773318632 11.587933579181772 1.5
    endloop
  endfacet
  facet normal 0.5141027441932168 0.8577286100002751 0
    outer loop
      vertex 44.57461631587002 10.350293678258225 0
      vertex 44.15374883490199 10.602551938487274 1.5
      vertex 44.57461631587002 10.350293678258225 1.5
    endloop
  endfacet
  facet normal 0.4275550934302856 0.9039892931234417 0
    outer loop
      vertex 45.01818283817455 10.140502337443566 0
      vertex 44.57461631587002 10.350293678258225 1.5
      vertex 45.01818283817455 10.140502337443566 1.5
    endloop
  endfacet
  facet normal 0.5956993044924345 0.8032075314806442 0
    outer loop
      vertex 44.15374883490199 10.602551938487274 0
      vertex 43.759633579181774 10.894847733186316 1.5
      vertex 44.15374883490199 10.602551938487274 1.5
    endloop
  endfacet
  facet normal 0.6715589548470197 0.7409511253549579 0
    outer loop
      vertex 43.759633579181774 10.894847733186316 0
      vertex 43.396066094067265 11.224366094067262 1.5
      vertex 43.759633579181774 10.894847733186316 1.5
    endloop
  endfacet
  facet normal 0.8032075314806423 0.5956993044924368 0
    outer loop
      vertex 43.06654773318632 11.587933579181772 0
      vertex 42.774251938487275 11.982048834901988 1.5
      vertex 43.06654773318632 11.587933579181772 1.5
    endloop
  endfacet
  facet normal 0.8577286100002732 0.5141027441932199 0
    outer loop
      vertex 42.774251938487275 11.982048834901988 0
      vertex 42.52199367825823 12.402916315870012 1.5
      vertex 42.774251938487275 11.982048834901988 1.5
    endloop
  endfacet
  facet normal 0.9039892931234416 0.42755509343028575 0
    outer loop
      vertex 42.52199367825823 12.402916315870012 0
      vertex 42.312202337443566 12.846482838174552 1.5
      vertex 42.52199367825823 12.402916315870012 1.5
    endloop
  endfacet
  facet normal 0.7409511253549597 0.6715589548470179 0
    outer loop
      vertex 43.396066094067265 11.224366094067262 0
      vertex 43.06654773318632 11.587933579181772 1.5
      vertex 43.396066094067265 11.224366094067262 1.5
    endloop
  endfacet
  facet normal 0 0 -1
    outer loop
      vertex 44.57461631587002 10.350293678258225 1.5
      vertex 44.80240775299584 14.114016593108822 1.5
      vertex 45.01818283817455 10.140502337443566 1.5
    endloop
  endfacet
  facet normal 0 0 -1
    outer loop
      vertex 45.01818283817455 10.140502337443566 1.5
      vertex 44.87596804016239 13.908429362987675 1.5
      vertex 44.96932518682491 13.711042260562156 1.5
    endloop
  endfacet
  facet normal 0 0 -1
    outer loop
      vertex 45.01818283817455 10.140502337443566 1.5
      vertex 44.80240775299584 14.114016593108822 1.5
      vertex 44.87596804016239 13.908429362987675 1.5
    endloop
  endfacet
  facet normal 0.24298017990326456 0.9700312531945438 0
    outer loop
      vertex 45.48017661372769 9.975198321338956 0
      vertex 45.48017661372769 9.975198321338956 1.5
      vertex 45.95614838991936 9.855973597983848 0
    endloop
  endfacet
  facet normal 0.3368898533922174 0.9415440651830217 2.9582834911057372e-18
    outer loop
      vertex 45.48017661372769 9.975198321338956 0
      vertex 45.01818283817455 10.140502337443566 0
      vertex 45.01818283817455 10.140502337443566 1.5
    endloop
  endfacet
  facet normal 0.14673047445536236 0.989176509964781 0
    outer loop
      vertex 45.95614838991936 9.855973597983848 0
      vertex 45.95614838991936 9.855973597983848 1.5
      vertex 46.4415142983522 9.783976366639015 0
    endloop
  endfacet
  facet normal 0.04906767432741744 0.9987954562051725 0
    outer loop
      vertex 46.4415142983522 9.783976366639015 0
      vertex 46.4415142983522 9.783976366639015 1.5
      vertex 46.9316 9.7599 0
    endloop
  endfacet
  facet normal -0.04906767432741744 0.9987954562051725 0
    outer loop
      vertex 46.9316 9.7599 0
      vertex 46.9316 9.7599 1.5
      vertex 47.4216857016478 9.783976366639015 0
    endloop
  endfacet
  facet normal -0.14673047445536236 0.989176509964781 0
    outer loop
      vertex 47.4216857016478 9.783976366639015 0
      vertex 47.4216857016478 9.783976366639015 1.5
      vertex 47.90705161008064 9.855973597983848 0
    endloop
  endfacet
  facet normal -0.24298017990326456 0.9700312531945438 0
    outer loop
      vertex 47.90705161008064 9.855973597983848 0
      vertex 47.90705161008064 9.855973597983848 1.5
      vertex 48.38302338627231 9.975198321338956 0
    endloop
  endfacet
  facet normal -0.3368898533922174 0.9415440651830217 0
    outer loop
      vertex 48.38302338627231 9.975198321338956 0
      vertex 48.38302338627231 9.975198321338956 1.5
      vertex 48.84501716182545 10.140502337443566 0
    endloop
  endfacet
  facet normal -0.4275550934302856 0.9039892931234417 0
    outer loop
      vertex 48.84501716182545 10.140502337443566 0
      vertex 48.84501716182545 10.140502337443566 1.5
      vertex 49.28858368412999 10.350293678258225 0
    endloop
  endfacet
  facet normal -0.5141027441932168 0.8577286100002751 0
    outer loop
      vertex 49.28858368412999 10.350293678258225 0
      vertex 49.28858368412999 10.350293678258225 1.5
      vertex 49.70945116509802 10.602551938487274 0
    endloop
  endfacet
  facet normal -0.5956993044924345 0.8032075314806442 0
    outer loop
      vertex 49.70945116509802 10.602551938487274 0
      vertex 49.70945116509802 10.602551938487274 1.5
      vertex 50.10356642081823 10.894847733186316 0
    endloop
  endfacet
  facet normal -0.6715589548470197 0.7409511253549579 0
    outer loop
      vertex 50.10356642081823 10.894847733186316 0
      vertex 50.10356642081823 10.894847733186316 1.5
      vertex 50.46713390593274 11.224366094067262 0
    endloop
  endfacet
  facet normal -0.7409511253549597 0.6715589548470179 0
    outer loop
      vertex 50.46713390593274 11.224366094067262 0
      vertex 50.46713390593274 11.224366094067262 1.5
      vertex 50.79665226681369 11.587933579181772 0
    endloop
  endfacet
  facet normal -0.8032075314806423 0.5956993044924368 0
    outer loop
      vertex 50.79665226681369 11.587933579181772 0
      vertex 50.79665226681369 11.587933579181772 1.5
      vertex 51.08894806151273 11.982048834901988 0
    endloop
  endfacet
  facet normal -0.8577286100002732 0.5141027441932199 0
    outer loop
      vertex 51.08894806151273 11.982048834901988 0
      vertex 51.08894806151273 11.982048834901988 1.5
      vertex 51.34120632174178 12.402916315870012 0
    endloop
  endfacet
  facet normal -0.9039892931234416 0.42755509343028575 0
    outer loop
      vertex 51.34120632174178 12.402916315870012 0
      vertex 51.34120632174178 12.402916315870012 1.5
      vertex 51.55099766255644 12.846482838174552 0
    endloop
  endfacet
  facet normal 0.3368898533922174 0.9415440651830217 0
    outer loop
      vertex 45.48017661372769 9.975198321338956 0
      vertex 45.01818283817455 10.140502337443566 1.5
      vertex 45.48017661372769 9.975198321338956 1.5
    endloop
  endfacet
  facet normal 0.24298017990326456 0.9700312531945438 0
    outer loop
      vertex 45.95614838991936 9.855973597983848 0
      vertex 45.48017661372769 9.975198321338956 1.5
      vertex 45.95614838991936 9.855973597983848 1.5
    endloop
  endfacet
  facet normal 0.14673047445536236 0.989176509964781 0
    outer loop
      vertex 46.4415142983522 9.783976366639015 0
      vertex 45.95614838991936 9.855973597983848 1.5
      vertex 46.4415142983522 9.783976366639015 1.5
    endloop
  endfacet
  facet normal 0.04906767432741744 0.9987954562051725 0
    outer loop
      vertex 46.9316 9.7599 0
      vertex 46.4415142983522 9.783976366639015 1.5
      vertex 46.9316 9.7599 1.5
    endloop
  endfacet
  facet normal -0.04906767432741744 0.9987954562051725 0
    outer loop
      vertex 47.4216857016478 9.783976366639015 0
      vertex 46.9316 9.7599 1.5
      vertex 47.4216857016478 9.783976366639015 1.5
    endloop
  endfacet
  facet normal -0.14673047445536236 0.989176509964781 0
    outer loop
      vertex 47.90705161008064 9.855973597983848 0
      vertex 47.4216857016478 9.783976366639015 1.5
      vertex 47.90705161008064 9.855973597983848 1.5
    endloop
  endfacet
  facet normal -0.24298017990326456 0.9700312531945438 0
    outer loop
      vertex 48.38302338627231 9.975198321338956 0
      vertex 47.90705161008064 9.855973597983848 1.5
      vertex 48.38302338627231 9.975198321338956 1.5
    endloop
  endfacet
  facet normal -0.3368898533922174 0.9415440651830217 0
    outer loop
      vertex 48.84501716182545 10.140502337443566 0
      vertex 48.38302338627231 9.975198321338956 1.5
      vertex 48.84501716182545 10.140502337443566 1.5
    endloop
  endfacet
  facet normal -0.4275550934302856 0.9039892931234417 0
    outer loop
      vertex 49.28858368412999 10.350293678258225 0
      vertex 48.84501716182545 10.140502337443566 1.5
      vertex 49.28858368412999 10.350293678258225 1.5
    endloop
  endfacet
  facet normal -0.5141027441932168 0.8577286100002751 0
    outer loop
      vertex 49.70945116509802 10.602551938487274 0
      vertex 49.28858368412999 10.350293678258225 1.5
      vertex 49.70945116509802 10.602551938487274 1.5
    endloop
  endfacet
  facet normal -0.5956993044924345 0.8032075314806442 0
    outer loop
      vertex 50.10356642081823 10.894847733186316 0
      vertex 49.70945116509802 10.602551938487274 1.5
      vertex 50.10356642081823 10.894847733186316 1.5
    endloop
  endfacet
  facet normal -0.6715589548470197 0.7409511253549579 0
    outer loop
      vertex 50.46713390593274 11.224366094067262 0
      vertex 50.10356642081823 10.894847733186316 1.5
      vertex 50.46713390593274 11.224366094067262 1.5
    endloop
  endfacet
  facet normal -0.7409511253549597 0.6715589548470179 0
    outer loop
      vertex 50.79665226681369 11.587933579181772 0
      vertex 50.46713390593274 11.224366094067262 1.5
      vertex 50.79665226681369 11.587933579181772 1.5
    endloop
  endfacet
  facet normal -0.8032075314806423 0.5956993044924368 0
    outer loop
      vertex 51.08894806151273 11.982048834901988 0
      vertex 50.79665226681369 11.587933579181772 1.5
      vertex 51.08894806151273 11.982048834901988 1.5
    endloop
  endfacet
  facet normal -0.8577286100002732 0.5141027441932199 0
    outer loop
      vertex 51.34120632174178 12.402916315870012 0
      vertex 51.08894806151273 11.982048834901988 1.5
      vertex 51.34120632174178 12.402916315870012 1.5
    endloop
  endfacet
  facet normal -0.9039892931234416 0.42755509343028575 0
    outer loop
      vertex 51.55099766255644 12.846482838174552 0
      vertex 51.34120632174178 12.402916315870012 1.5
      vertex 51.55099766255644 12.846482838174552 1.5
    endloop
  endfacet
  facet normal 0 0 -1
    outer loop
      vertex 45.48017661372769 9.975198321338956 1.5
      vertex 45.01818283817455 10.140502337443566 1.5
      vertex 45.211651741267914 13.348374942735889 1.5
    endloop
  endfacet
  facet normal 0 0 -1
    outer loop
      vertex 45.48017661372769 9.975198321338956 1.5
      vertex 45.69545623153139 12.909880112626837 1.5
      vertex 45.95614838991936 9.855973597983848 1.5
    endloop
  endfacet
  facet normal 0 0 -1
    outer loop
      vertex 45.95614838991936 9.855973597983848 1.5
      vertex 46.28571659310882 12.630707752995836 1.5
      vertex 46.4415142983522 9.783976366639015 1.5
    endloop
  endfacet
  facet normal 0 0 -1
    outer loop
      vertex 46.4415142983522 9.783976366639015 1.5
      vertex 46.71351186276673 12.545613983154361 1.5
      vertex 46.9316 9.7599 1.5
    endloop
  endfacet
  facet normal 0 0 -1
    outer loop
      vertex 46.9316 9.7599 1.5
      vertex 47.14968813723328 12.545613983154361 1.5
      vertex 47.4216857016478 9.783976366639015 1.5
    endloop
  endfacet
  facet normal 0 0 -1
    outer loop
      vertex 47.4216857016478 9.783976366639015 1.5
      vertex 47.36567596648589 12.577652751102812 1.5
      vertex 47.90705161008064 9.855973597983848 1.5
    endloop
  endfacet
  facet normal 0 0 -1
    outer loop
      vertex 47.90705161008064 9.855973597983848 1.5
      vertex 47.78307063701233 12.704268040162386 1.5
      vertex 48.38302338627231 9.975198321338956 1.5
    endloop
  endfacet
  facet normal 0 0 -1
    outer loop
      vertex 48.38302338627231 9.975198321338956 1.5
      vertex 48.34312505726412 13.03995174126791 1.5
      vertex 48.84501716182545 10.140502337443566 1.5
    endloop
  endfacet
  facet normal 0 0 -1
    outer loop
      vertex 45.48017661372769 9.975198321338956 1.5
      vertex 45.35828741185993 13.186587411859932 1.5
      vertex 45.52007494273589 13.03995174126791 1.5
    endloop
  endfacet
  facet normal 0 0 -1
    outer loop
      vertex 45.95614838991936 9.855973597983848 1.5
      vertex 45.69545623153139 12.909880112626837 1.5
      vertex 45.88274226056216 12.79762518682491 1.5
    endloop
  endfacet
  facet normal 0 0 -1
    outer loop
      vertex 45.48017661372769 9.975198321338956 1.5
      vertex 45.52007494273589 13.03995174126791 1.5
      vertex 45.69545623153139 12.909880112626837 1.5
    endloop
  endfacet
  facet normal 0 0 -1
    outer loop
      vertex 46.4415142983522 9.783976366639015 1.5
      vertex 46.28571659310882 12.630707752995836 1.5
      vertex 46.49752403351412 12.577652751102812 1.5
    endloop
  endfacet
  facet normal 0 0 -1
    outer loop
      vertex 46.4415142983522 9.783976366639015 1.5
      vertex 46.49752403351412 12.577652751102812 1.5
      vertex 46.71351186276673 12.545613983154361 1.5
    endloop
  endfacet
  facet normal 0 0 -1
    outer loop
      vertex 46.9316 9.7599 1.5
      vertex 46.71351186276673 12.545613983154361 1.5
      vertex 46.9316 12.5349 1.5
    endloop
  endfacet
  facet normal 0 0 -1
    outer loop
      vertex 45.95614838991936 9.855973597983848 1.5
      vertex 45.88274226056216 12.79762518682491 1.5
      vertex 46.08012936298768 12.704268040162386 1.5
    endloop
  endfacet
  facet normal 0 0 -1
    outer loop
      vertex 45.95614838991936 9.855973597983848 1.5
      vertex 46.08012936298768 12.704268040162386 1.5
      vertex 46.28571659310882 12.630707752995836 1.5
    endloop
  endfacet
  facet normal 0 0 -1
    outer loop
      vertex 45.48017661372769 9.975198321338956 1.5
      vertex 45.211651741267914 13.348374942735889 1.5
      vertex 45.35828741185993 13.186587411859932 1.5
    endloop
  endfacet
  facet normal 0 0 -1
    outer loop
      vertex 45.01818283817455 10.140502337443566 1.5
      vertex 45.08158011262684 13.523756231531385 1.5
      vertex 45.211651741267914 13.348374942735889 1.5
    endloop
  endfacet
  facet normal 0 0 -1
    outer loop
      vertex 45.01818283817455 10.140502337443566 1.5
      vertex 44.96932518682491 13.711042260562156 1.5
      vertex 45.08158011262684 13.523756231531385 1.5
    endloop
  endfacet
  facet normal 0 0 -1
    outer loop
      vertex 46.9316 9.7599 1.5
      vertex 46.9316 12.5349 1.5
      vertex 47.14968813723328 12.545613983154361 1.5
    endloop
  endfacet
  facet normal 0 0 -1
    outer loop
      vertex 47.4216857016478 9.783976366639015 1.5
      vertex 47.14968813723328 12.545613983154361 1.5
      vertex 47.36567596648589 12.577652751102812 1.5
    endloop
  endfacet
  facet normal 0 0 -1
    outer loop
      vertex 47.90705161008064 9.855973597983848 1.5
      vertex 47.36567596648589 12.577652751102812 1.5
      vertex 47.57748340689118 12.630707752995836 1.5
    endloop
  endfacet
  facet normal 0 0 -1
    outer loop
      vertex 47.90705161008064 9.855973597983848 1.5
      vertex 47.57748340689118 12.630707752995836 1.5
      vertex 47.78307063701233 12.704268040162386 1.5
    endloop
  endfacet
  facet normal 0 0 -1
    outer loop
      vertex 48.38302338627231 9.975198321338956 1.5
      vertex 47.78307063701233 12.704268040162386 1.5
      vertex 47.980457739437846 12.79762518682491 1.5
    endloop
  endfacet
  facet normal 0 0 -1
    outer loop
      vertex 48.38302338627231 9.975198321338956 1.5
      vertex 47.980457739437846 12.79762518682491 1.5
      vertex 48.16774376846862 12.909880112626837 1.5
    endloop
  endfacet
  facet normal 0 0 -1
    outer loop
      vertex 48.38302338627231 9.975198321338956 1.5
      vertex 48.16774376846862 12.909880112626837 1.5
      vertex 48.34312505726412 13.03995174126791 1.5
    endloop
  endfacet
  facet normal 0 0 -1
    outer loop
      vertex 48.84501716182545 10.140502337443566 1.5
      vertex 48.34312505726412 13.03995174126791 1.5
      vertex 48.50491258814007 13.186587411859932 1.5
    endloop
  endfacet
  facet normal 0 0 -1
    outer loop
      vertex 48.84501716182545 10.140502337443566 1.5
      vertex 48.50491258814007 13.186587411859932 1.5
      vertex 48.65154825873209 13.348374942735889 1.5
    endloop
  endfacet
  facet normal 0 0 -1
    outer loop
      vertex 48.84501716182545 10.140502337443566 1.5
      vertex 48.78161988737317 13.523756231531385 1.5
      vertex 49.28858368412999 10.350293678258225 1.5
    endloop
  endfacet
  facet normal 0 0 -1
    outer loop
      vertex 48.84501716182545 10.140502337443566 1.5
      vertex 48.65154825873209 13.348374942735889 1.5
      vertex 48.78161988737317 13.523756231531385 1.5
    endloop
  endfacet
  facet normal 0 0 -1
    outer loop
      vertex 49.28858368412999 10.350293678258225 1.5
      vertex 48.78161988737317 13.523756231531385 1.5
      vertex 48.893874813175096 13.711042260562156 1.5
    endloop
  endfacet
  facet normal 0 0 -1
    outer loop
      vertex 49.28858368412999 10.350293678258225 1.5
      vertex 48.893874813175096 13.711042260562156 1.5
      vertex 48.987231959837615 13.908429362987675 1.5
    endloop
  endfacet
  facet normal 0 0 -1
    outer loop
      vertex 49.28858368412999 10.350293678258225 1.5
      vertex 48.987231959837615 13.908429362987675 1.5
      vertex 49.060792247004166 14.114016593108822 1.5
    endloop
  endfacet
  facet normal 0.9700312531945429 0.24298017990326795 6.577084042365849e-19
    outer loop
      vertex 42.14689832133896 13.308476613727688 0
      vertex 42.02767359798385 13.784448389919358 0
      vertex 42.02767359798385 13.784448389919358 1.5
    endloop
  endfacet
  facet normal 0.9415440651830232 0.3368898533922133 -4.805676566963725e-18
    outer loop
      vertex 42.312202337443566 12.846482838174552 0
      vertex 42.14689832133896 13.308476613727688 0
      vertex 42.14689832133896 13.308476613727688 1.5
    endloop
  endfacet
  facet normal 0.9891765099647813 0.14673047445535933 3.128554927212944e-18
    outer loop
      vertex 42.02767359798385 13.784448389919358 0
      vertex 41.95567636663902 14.269814298352197 0
      vertex 41.95567636663902 14.269814298352197 1.5
    endloop
  endfacet
  facet normal 0.9987954562051725 0.049067674327417085 -7.670485290027424e-19
    outer loop
      vertex 41.95567636663902 14.269814298352197 0
      vertex 41.9316 14.7599 0
      vertex 41.9316 14.7599 1.5
    endloop
  endfacet
  facet normal 0.9987954562051725 -0.049067674327417085 7.670485290027424e-19
    outer loop
      vertex 41.9316 14.7599 0
      vertex 41.95567636663902 15.249985701647804 0
      vertex 41.95567636663902 15.249985701647804 1.5
    endloop
  endfacet
  facet normal 0.9891765099647813 -0.14673047445535933 -3.128554927212944e-18
    outer loop
      vertex 41.95567636663902 15.249985701647804 0
      vertex 42.02767359798385 15.735351610080642 0
      vertex 42.02767359798385 15.735351610080642 1.5
    endloop
  endfacet
  facet normal 0.9700312531945429 -0.24298017990326795 -6.577084042365849e-19
    outer loop
      vertex 42.02767359798385 15.735351610080642 0
      vertex 42.14689832133896 16.211323386272312 0
      vertex 42.14689832133896 16.211323386272312 1.5
    endloop
  endfacet
  facet normal 0.9700312531945429 0.24298017990326795 0
    outer loop
      vertex 42.14689832133896 13.308476613727688 0
      vertex 42.02767359798385 13.784448389919358 1.5
      vertex 42.14689832133896 13.308476613727688 1.5
    endloop
  endfacet
  facet normal 0.9415440651830232 0.3368898533922133 0
    outer loop
      vertex 42.312202337443566 12.846482838174552 0
      vertex 42.14689832133896 13.308476613727688 1.5
      vertex 42.312202337443566 12.846482838174552 1.5
    endloop
  endfacet
  facet normal 0.9891765099647813 0.14673047445535933 0
    outer loop
      vertex 42.02767359798385 13.784448389919358 0
      vertex 41.95567636663902 14.269814298352197 1.5
      vertex 42.02767359798385 13.784448389919358 1.5
    endloop
  endfacet
  facet normal 0.9987954562051725 0.049067674327417085 0
    outer loop
      vertex 41.95567636663902 14.269814298352197 0
      vertex 41.9316 14.7599 1.5
      vertex 41.95567636663902 14.269814298352197 1.5
    endloop
  endfacet
  facet normal 0.9987954562051725 -0.049067674327417085 0
    outer loop
      vertex 41.9316 14.7599 0
      vertex 41.95567636663902 15.249985701647804 1.5
      vertex 41.9316 14.7599 1.5
    endloop
  endfacet
  facet normal 0.9891765099647813 -0.14673047445535933 0
    outer loop
      vertex 41.95567636663902 15.249985701647804 0
      vertex 42.02767359798385 15.735351610080642 1.5
      vertex 41.95567636663902 15.249985701647804 1.5
    endloop
  endfacet
  facet normal 0.9700312531945429 -0.24298017990326795 0
    outer loop
      vertex 42.02767359798385 15.735351610080642 0
      vertex 42.14689832133896 16.211323386272312 1.5
      vertex 42.02767359798385 15.735351610080642 1.5
    endloop
  endfacet
  facet normal 0.9415440651830232 -0.3368898533922133 4.805676566963725e-18
    outer loop
      vertex 42.14689832133896 16.211323386272312 0
      vertex 42.312202337443566 16.673317161825448 0
      vertex 42.312202337443566 16.673317161825448 1.5
    endloop
  endfacet
  facet normal 0.9039892931234416 -0.42755509343028575 -5.8324111827673905e-18
    outer loop
      vertex 42.312202337443566 16.673317161825448 0
      vertex 42.52199367825823 17.116883684129988 0
      vertex 42.52199367825823 17.116883684129988 1.5
    endloop
  endfacet
  facet normal 0.8577286100002732 -0.5141027441932199 -6.916133859701155e-18
    outer loop
      vertex 42.52199367825823 17.116883684129988 0
      vertex 42.774251938487275 17.537751165098012 0
      vertex 42.774251938487275 17.537751165098012 1.5
    endloop
  endfacet
  facet normal 0.8032075314806423 -0.5956993044924368 -3.2309946113312343e-18
    outer loop
      vertex 42.774251938487275 17.537751165098012 0
      vertex 43.06654773318632 17.931866420818228 0
      vertex 43.06654773318632 17.931866420818228 1.5
    endloop
  endfacet
  facet normal 0.7409511253549611 -0.671558954847016 5.7042093596543696e-18
    outer loop
      vertex 43.06654773318632 17.931866420818228 0
      vertex 43.396066094067265 18.29543390593274 0
      vertex 43.396066094067265 18.29543390593274 1.5
    endloop
  endfacet
  facet normal 0.6715589548470197 -0.7409511253549579 -1.021484394395064e-18
    outer loop
      vertex 43.396066094067265 18.29543390593274 0
      vertex 43.759633579181774 18.624952266813686 0
      vertex 43.759633579181774 18.624952266813686 1.5
    endloop
  endfacet
  facet normal 0.5956993044924321 -0.8032075314806458 -1.2230079027023621e-18
    outer loop
      vertex 43.759633579181774 18.624952266813686 0
      vertex 44.15374883490199 18.917248061512726 0
      vertex 44.15374883490199 18.917248061512726 1.5
    endloop
  endfacet
  facet normal 0.5141027441932168 -0.8577286100002751 3.984392289138313e-18
    outer loop
      vertex 44.15374883490199 18.917248061512726 0
      vertex 44.57461631587002 19.169506321741775 0
      vertex 44.57461631587002 19.169506321741775 1.5
    endloop
  endfacet
  facet normal 0.4275550934302827 -0.9039892931234432 8.127810624131605e-18
    outer loop
      vertex 44.57461631587002 19.169506321741775 0
      vertex 45.01818283817455 19.379297662556432 0
      vertex 45.01818283817455 19.379297662556432 1.5
    endloop
  endfacet
  facet normal 0.9415440651830232 -0.3368898533922133 0
    outer loop
      vertex 42.14689832133896 16.211323386272312 0
      vertex 42.312202337443566 16.673317161825448 1.5
      vertex 42.14689832133896 16.211323386272312 1.5
    endloop
  endfacet
  facet normal 0.9039892931234416 -0.42755509343028575 0
    outer loop
      vertex 42.312202337443566 16.673317161825448 0
      vertex 42.52199367825823 17.116883684129988 1.5
      vertex 42.312202337443566 16.673317161825448 1.5
    endloop
  endfacet
  facet normal 0.8577286100002732 -0.5141027441932199 0
    outer loop
      vertex 42.52199367825823 17.116883684129988 0
      vertex 42.774251938487275 17.537751165098012 1.5
      vertex 42.52199367825823 17.116883684129988 1.5
    endloop
  endfacet
  facet normal 0.8032075314806423 -0.5956993044924368 0
    outer loop
      vertex 42.774251938487275 17.537751165098012 0
      vertex 43.06654773318632 17.931866420818228 1.5
      vertex 42.774251938487275 17.537751165098012 1.5
    endloop
  endfacet
  facet normal 0.7409511253549611 -0.671558954847016 0
    outer loop
      vertex 43.06654773318632 17.931866420818228 0
      vertex 43.396066094067265 18.29543390593274 1.5
      vertex 43.06654773318632 17.931866420818228 1.5
    endloop
  endfacet
  facet normal 0.6715589548470197 -0.7409511253549579 0
    outer loop
      vertex 43.396066094067265 18.29543390593274 0
      vertex 43.759633579181774 18.624952266813686 1.5
      vertex 43.396066094067265 18.29543390593274 1.5
    endloop
  endfacet
  facet normal 0.5956993044924321 -0.8032075314806458 0
    outer loop
      vertex 43.759633579181774 18.624952266813686 0
      vertex 44.15374883490199 18.917248061512726 1.5
      vertex 43.759633579181774 18.624952266813686 1.5
    endloop
  endfacet
  facet normal 0.5141027441932168 -0.8577286100002751 0
    outer loop
      vertex 44.15374883490199 18.917248061512726 0
      vertex 44.57461631587002 19.169506321741775 1.5
      vertex 44.15374883490199 18.917248061512726 1.5
    endloop
  endfacet
  facet normal 0.4275550934302827 -0.9039892931234432 0
    outer loop
      vertex 44.57461631587002 19.169506321741775 0
      vertex 45.01818283817455 19.379297662556432 1.5
      vertex 44.57461631587002 19.169506321741775 1.5
    endloop
  endfacet
  facet normal 0 0 -1
    outer loop
      vertex 43.06654773318632 11.587933579181772 1.5
      vertex 42.774251938487275 11.982048834901988 1.5
      vertex 42.774251938487275 17.537751165098012 1.5
    endloop
  endfacet
  facet normal 0 0 -1
    outer loop
      vertex 42.14689832133896 13.308476613727688 1.5
      vertex 42.02767359798385 13.784448389919358 1.5
      vertex 42.02767359798385 15.735351610080642 1.5
    endloop
  endfacet
  facet normal 0 0 -1
    outer loop
      vertex 42.02767359798385 13.784448389919358 1.5
      vertex 41.95567636663902 14.269814298352197 1.5
      vertex 41.95567636663902 15.249985701647804 1.5
    endloop
  endfacet
  facet normal 0 0 -1
    outer loop
      vertex 42.774251938487275 11.982048834901988 1.5
      vertex 42.52199367825823 12.402916315870012 1.5
      vertex 42.52199367825823 17.116883684129988 1.5
    endloop
  endfacet
  facet normal 0 0 -1
    outer loop
      vertex 42.52199367825823 12.402916315870012 1.5
      vertex 42.312202337443566 12.846482838174552 1.5
      vertex 42.312202337443566 16.673317161825448 1.5
    endloop
  endfacet
  facet normal 0 0 -1
    outer loop
      vertex 42.312202337443566 12.846482838174552 1.5
      vertex 42.14689832133896 13.308476613727688 1.5
      vertex 42.14689832133896 16.211323386272312 1.5
    endloop
  endfacet
  facet normal 0 0 -1
    outer loop
      vertex 43.396066094067265 11.224366094067262 1.5
      vertex 43.396066094067265 18.29543390593274 1.5
      vertex 43.759633579181774 10.894847733186316 1.5
    endloop
  endfacet
  facet normal 0 0 -1
    outer loop
      vertex 43.396066094067265 11.224366094067262 1.5
      vertex 43.06654773318632 11.587933579181772 1.5
      vertex 43.06654773318632 17.931866420818228 1.5
    endloop
  endfacet
  facet normal 0 0 -1
    outer loop
      vertex 43.759633579181774 10.894847733186316 1.5
      vertex 43.759633579181774 18.624952266813686 1.5
      vertex 44.15374883490199 10.602551938487274 1.5
    endloop
  endfacet
  facet normal 0 0 -1
    outer loop
      vertex 44.57461631587002 10.350293678258225 1.5
      vertex 44.15374883490199 10.602551938487274 1.5
      vertex 44.15374883490199 18.917248061512726 1.5
    endloop
  endfacet
  facet normal 0 0 -1
    outer loop
      vertex 44.57461631587002 10.350293678258225 1.5
      vertex 44.74935275110282 14.325824033514115 1.5
      vertex 44.80240775299584 14.114016593108822 1.5
    endloop
  endfacet
  facet normal 0 0 -1
    outer loop
      vertex 44.57461631587002 10.350293678258225 1.5
      vertex 44.71731398315436 14.541811862766728 1.5
      vertex 44.74935275110282 14.325824033514115 1.5
    endloop
  endfacet
  facet normal 0 0 -1
    outer loop
      vertex 44.57461631587002 10.350293678258225 1.5
      vertex 44.7066 14.7599 1.5
      vertex 44.71731398315436 14.541811862766728 1.5
    endloop
  endfacet
  facet normal 0 0 -1
    outer loop
      vertex 41.95567636663902 14.269814298352197 1.5
      vertex 41.9316 14.7599 1.5
      vertex 41.95567636663902 15.249985701647804 1.5
    endloop
  endfacet
  facet normal 0 0 -1
    outer loop
      vertex 42.02767359798385 13.784448389919358 1.5
      vertex 41.95567636663902 15.249985701647804 1.5
      vertex 42.02767359798385 15.735351610080642 1.5
    endloop
  endfacet
  facet normal 0 0 -1
    outer loop
      vertex 42.14689832133896 13.308476613727688 1.5
      vertex 42.02767359798385 15.735351610080642 1.5
      vertex 42.14689832133896 16.211323386272312 1.5
    endloop
  endfacet
  facet normal 0 0 -1
    outer loop
      vertex 42.312202337443566 12.846482838174552 1.5
      vertex 42.14689832133896 16.211323386272312 1.5
      vertex 42.312202337443566 16.673317161825448 1.5
    endloop
  endfacet
  facet normal 0 0 -1
    outer loop
      vertex 42.52199367825823 12.402916315870012 1.5
      vertex 42.312202337443566 16.673317161825448 1.5
      vertex 42.52199367825823 17.116883684129988 1.5
    endloop
  endfacet
  facet normal 0 0 -1
    outer loop
      vertex 42.774251938487275 11.982048834901988 1.5
      vertex 42.52199367825823 17.116883684129988 1.5
      vertex 42.774251938487275 17.537751165098012 1.5
    endloop
  endfacet
  facet normal 0 0 -1
    outer loop
      vertex 43.06654773318632 11.587933579181772 1.5
      vertex 42.774251938487275 17.537751165098012 1.5
      vertex 43.06654773318632 17.931866420818228 1.5
    endloop
  endfacet
  facet normal 0 0 -1
    outer loop
      vertex 44.57461631587002 10.350293678258225 1.5
      vertex 44.57461631587002 19.169506321741775 1.5
      vertex 44.7066 14.7599 1.5
    endloop
  endfacet
  facet normal 0 0 -1
    outer loop
      vertex 43.396066094067265 11.224366094067262 1.5
      vertex 43.06654773318632 17.931866420818228 1.5
      vertex 43.396066094067265 18.29543390593274 1.5
    endloop
  endfacet
  facet normal 0 0 -1
    outer loop
      vertex 43.759633579181774 10.894847733186316 1.5
      vertex 43.396066094067265 18.29543390593274 1.5
      vertex 43.759633579181774 18.624952266813686 1.5
    endloop
  endfacet
  facet normal 0 0 -1
    outer loop
      vertex 44.15374883490199 10.602551938487274 1.5
      vertex 43.759633579181774 18.624952266813686 1.5
      vertex 44.15374883490199 18.917248061512726 1.5
    endloop
  endfacet
  facet normal 0 0 -1
    outer loop
      vertex 44.57461631587002 10.350293678258225 1.5
      vertex 44.15374883490199 18.917248061512726 1.5
      vertex 44.57461631587002 19.169506321741775 1.5
    endloop
  endfacet
  facet normal 0 0 -1
    outer loop
      vertex 44.7066 14.7599 1.5
      vertex 44.57461631587002 19.169506321741775 1.5
      vertex 44.71731398315436 14.977988137233272 1.5
    endloop
  endfacet
  facet normal 0 0 -1
    outer loop
      vertex 44.71731398315436 14.977988137233272 1.5
      vertex 44.57461631587002 19.169506321741775 1.5
      vertex 44.74935275110282 15.193975966485885 1.5
    endloop
  endfacet
  facet normal 0 0 -1
    outer loop
      vertex 44.74935275110282 15.193975966485885 1.5
      vertex 44.57461631587002 19.169506321741775 1.5
      vertex 44.80240775299584 15.405783406891178 1.5
    endloop
  endfacet
  facet normal 0 0 -1
    outer loop
      vertex 44.80240775299584 15.405783406891178 1.5
      vertex 44.57461631587002 19.169506321741775 1.5
      vertex 44.87596804016239 15.611370637012325 1.5
    endloop
  endfacet
  facet normal 0 0 -1
    outer loop
      vertex 44.87596804016239 15.611370637012325 1.5
      vertex 44.57461631587002 19.169506321741775 1.5
      vertex 44.96932518682491 15.808757739437844 1.5
    endloop
  endfacet
  facet normal 0 0 -1
    outer loop
      vertex 44.96932518682491 15.808757739437844 1.5
      vertex 44.57461631587002 19.169506321741775 1.5
      vertex 45.08158011262684 15.996043768468615 1.5
    endloop
  endfacet
  facet normal 0 0 -1
    outer loop
      vertex 44.57461631587002 19.169506321741775 1.5
      vertex 45.01818283817455 19.379297662556432 1.5
      vertex 45.08158011262684 15.996043768468615 1.5
    endloop
  endfacet
  facet normal -0.9415440651830232 0.3368898533922133 0
    outer loop
      vertex 51.55099766255644 12.846482838174552 0
      vertex 51.55099766255644 12.846482838174552 1.5
      vertex 51.71630167866105 13.308476613727688 0
    endloop
  endfacet
  facet normal -0.9700312531945429 0.24298017990326795 0
    outer loop
      vertex 51.71630167866105 13.308476613727688 0
      vertex 51.71630167866105 13.308476613727688 1.5
      vertex 51.83552640201616 13.784448389919358 0
    endloop
  endfacet
  facet normal -0.9891765099647813 0.14673047445535933 0
    outer loop
      vertex 51.83552640201616 13.784448389919358 0
      vertex 51.83552640201616 13.784448389919358 1.5
      vertex 51.90752363336099 14.269814298352197 0
    endloop
  endfacet
  facet normal -0.9987954562051725 0.049067674327417085 0
    outer loop
      vertex 51.90752363336099 14.269814298352197 0
      vertex 51.90752363336099 14.269814298352197 1.5
      vertex 51.9316 14.7599 0
    endloop
  endfacet
  facet normal -0.9987954562051725 -0.049067674327417085 0
    outer loop
      vertex 51.9316 14.7599 0
      vertex 51.9316 14.7599 1.5
      vertex 51.90752363336099 15.249985701647804 0
    endloop
  endfacet
  facet normal -0.9891765099647813 -0.14673047445535933 0
    outer loop
      vertex 51.90752363336099 15.249985701647804 0
      vertex 51.90752363336099 15.249985701647804 1.5
      vertex 51.83552640201616 15.735351610080642 0
    endloop
  endfacet
  facet normal -0.9700312531945429 -0.24298017990326795 0
    outer loop
      vertex 51.83552640201616 15.735351610080642 0
      vertex 51.83552640201616 15.735351610080642 1.5
      vertex 51.71630167866105 16.211323386272312 0
    endloop
  endfacet
  facet normal -0.9415440651830232 0.3368898533922133 0
    outer loop
      vertex 51.71630167866105 13.308476613727688 0
      vertex 51.55099766255644 12.846482838174552 1.5
      vertex 51.71630167866105 13.308476613727688 1.5
    endloop
  endfacet
  facet normal -0.9700312531945429 0.24298017990326795 0
    outer loop
      vertex 51.83552640201616 13.784448389919358 0
      vertex 51.71630167866105 13.308476613727688 1.5
      vertex 51.83552640201616 13.784448389919358 1.5
    endloop
  endfacet
  facet normal -0.9891765099647813 0.14673047445535933 0
    outer loop
      vertex 51.90752363336099 14.269814298352197 0
      vertex 51.83552640201616 13.784448389919358 1.5
      vertex 51.90752363336099 14.269814298352197 1.5
    endloop
  endfacet
  facet normal -0.9987954562051725 0.049067674327417085 0
    outer loop
      vertex 51.9316 14.7599 0
      vertex 51.90752363336099 14.269814298352197 1.5
      vertex 51.9316 14.7599 1.5
    endloop
  endfacet
  facet normal -0.9987954562051725 -0.049067674327417085 0
    outer loop
      vertex 51.90752363336099 15.249985701647804 0
      vertex 51.9316 14.7599 1.5
      vertex 51.90752363336099 15.249985701647804 1.5
    endloop
  endfacet
  facet normal -0.9891765099647813 -0.14673047445535933 0
    outer loop
      vertex 51.83552640201616 15.735351610080642 0
      vertex 51.90752363336099 15.249985701647804 1.5
      vertex 51.83552640201616 15.735351610080642 1.5
    endloop
  endfacet
  facet normal -0.9700312531945429 -0.24298017990326795 0
    outer loop
      vertex 51.71630167866105 16.211323386272312 0
      vertex 51.83552640201616 15.735351610080642 1.5
      vertex 51.71630167866105 16.211323386272312 1.5
    endloop
  endfacet
  facet normal -0.9039892931234416 -0.42755509343028575 0
    outer loop
      vertex 51.55099766255644 16.673317161825448 0
      vertex 51.55099766255644 16.673317161825448 1.5
      vertex 51.34120632174178 17.116883684129988 0
    endloop
  endfacet
  facet normal -0.9415440651830232 -0.3368898533922133 -4.805676566963725e-18
    outer loop
      vertex 51.55099766255644 16.673317161825448 0
      vertex 51.71630167866105 16.211323386272312 0
      vertex 51.71630167866105 16.211323386272312 1.5
    endloop
  endfacet
  facet normal -0.8577286100002732 -0.5141027441932199 0
    outer loop
      vertex 51.34120632174178 17.116883684129988 0
      vertex 51.34120632174178 17.116883684129988 1.5
      vertex 51.08894806151273 17.537751165098012 0
    endloop
  endfacet
  facet normal -0.8032075314806423 -0.5956993044924368 0
    outer loop
      vertex 51.08894806151273 17.537751165098012 0
      vertex 51.08894806151273 17.537751165098012 1.5
      vertex 50.79665226681369 17.931866420818228 0
    endloop
  endfacet
  facet normal -0.6715589548470197 -0.7409511253549579 0
    outer loop
      vertex 50.46713390593274 18.29543390593274 0
      vertex 50.46713390593274 18.29543390593274 1.5
      vertex 50.10356642081823 18.624952266813686 0
    endloop
  endfacet
  facet normal -0.4275550934302827 -0.9039892931234432 0
    outer loop
      vertex 49.28858368412999 19.169506321741775 0
      vertex 49.28858368412999 19.169506321741775 1.5
      vertex 48.84501716182545 19.379297662556432 0
    endloop
  endfacet
  facet normal -0.5141027441932168 -0.8577286100002751 -3.984392289138313e-18
    outer loop
      vertex 49.28858368412999 19.169506321741775 0
      vertex 49.70945116509802 18.917248061512726 0
      vertex 49.70945116509802 18.917248061512726 1.5
    endloop
  endfacet
  facet normal -0.5956993044924321 -0.8032075314806458 0
    outer loop
      vertex 50.10356642081823 18.624952266813686 0
      vertex 50.10356642081823 18.624952266813686 1.5
      vertex 49.70945116509802 18.917248061512726 0
    endloop
  endfacet
  facet normal -0.7409511253549611 -0.671558954847016 -5.7042093596543696e-18
    outer loop
      vertex 50.46713390593274 18.29543390593274 0
      vertex 50.79665226681369 17.931866420818228 0
      vertex 50.79665226681369 17.931866420818228 1.5
    endloop
  endfacet
  facet normal -0.9415440651830232 -0.3368898533922133 0
    outer loop
      vertex 51.55099766255644 16.673317161825448 0
      vertex 51.71630167866105 16.211323386272312 1.5
      vertex 51.55099766255644 16.673317161825448 1.5
    endloop
  endfacet
  facet normal -0.9039892931234416 -0.42755509343028575 0
    outer loop
      vertex 51.34120632174178 17.116883684129988 0
      vertex 51.55099766255644 16.673317161825448 1.5
      vertex 51.34120632174178 17.116883684129988 1.5
    endloop
  endfacet
  facet normal -0.8577286100002732 -0.5141027441932199 0
    outer loop
      vertex 51.08894806151273 17.537751165098012 0
      vertex 51.34120632174178 17.116883684129988 1.5
      vertex 51.08894806151273 17.537751165098012 1.5
    endloop
  endfacet
  facet normal -0.7409511253549611 -0.671558954847016 0
    outer loop
      vertex 50.46713390593274 18.29543390593274 0
      vertex 50.79665226681369 17.931866420818228 1.5
      vertex 50.46713390593274 18.29543390593274 1.5
    endloop
  endfacet
  facet normal -0.6715589548470197 -0.7409511253549579 0
    outer loop
      vertex 50.10356642081823 18.624952266813686 0
      vertex 50.46713390593274 18.29543390593274 1.5
      vertex 50.10356642081823 18.624952266813686 1.5
    endloop
  endfacet
  facet normal -0.4275550934302827 -0.9039892931234432 0
    outer loop
      vertex 48.84501716182545 19.379297662556432 0
      vertex 49.28858368412999 19.169506321741775 1.5
      vertex 48.84501716182545 19.379297662556432 1.5
    endloop
  endfacet
  facet normal -0.5141027441932168 -0.8577286100002751 0
    outer loop
      vertex 49.28858368412999 19.169506321741775 0
      vertex 49.70945116509802 18.917248061512726 1.5
      vertex 49.28858368412999 19.169506321741775 1.5
    endloop
  endfacet
  facet normal -0.5956993044924321 -0.8032075314806458 0
    outer loop
      vertex 49.70945116509802 18.917248061512726 0
      vertex 50.10356642081823 18.624952266813686 1.5
      vertex 49.70945116509802 18.917248061512726 1.5
    endloop
  endfacet
  facet normal -0.8032075314806423 -0.5956993044924368 0
    outer loop
      vertex 50.79665226681369 17.931866420818228 0
      vertex 51.08894806151273 17.537751165098012 1.5
      vertex 50.79665226681369 17.931866420818228 1.5
    endloop
  endfacet
  facet normal 0 0 -1
    outer loop
      vertex 49.28858368412999 10.350293678258225 1.5
      vertex 49.060792247004166 14.114016593108822 1.5
      vertex 49.11384724889719 14.325824033514115 1.5
    endloop
  endfacet
  facet normal 0 0 -1
    outer loop
      vertex 49.28858368412999 10.350293678258225 1.5
      vertex 49.11384724889719 14.325824033514115 1.5
      vertex 49.145886016845644 14.541811862766728 1.5
    endloop
  endfacet
  facet normal 0 0 -1
    outer loop
      vertex 49.28858368412999 10.350293678258225 1.5
      vertex 49.145886016845644 14.541811862766728 1.5
      vertex 49.156600000000005 14.7599 1.5
    endloop
  endfacet
  facet normal 0 0 -1
    outer loop
      vertex 49.28858368412999 10.350293678258225 1.5
      vertex 49.28858368412999 19.169506321741775 1.5
      vertex 49.70945116509802 10.602551938487274 1.5
    endloop
  endfacet
  facet normal 0 0 -1
    outer loop
      vertex 49.70945116509802 10.602551938487274 1.5
      vertex 49.70945116509802 18.917248061512726 1.5
      vertex 50.10356642081823 10.894847733186316 1.5
    endloop
  endfacet
  facet normal 0 0 -1
    outer loop
      vertex 50.10356642081823 10.894847733186316 1.5
      vertex 50.10356642081823 18.624952266813686 1.5
      vertex 50.46713390593274 11.224366094067262 1.5
    endloop
  endfacet
  facet normal 0 0 -1
    outer loop
      vertex 50.46713390593274 11.224366094067262 1.5
      vertex 50.46713390593274 18.29543390593274 1.5
      vertex 50.79665226681369 11.587933579181772 1.5
    endloop
  endfacet
  facet normal 0 0 -1
    outer loop
      vertex 50.79665226681369 11.587933579181772 1.5
      vertex 50.79665226681369 17.931866420818228 1.5
      vertex 51.08894806151273 11.982048834901988 1.5
    endloop
  endfacet
  facet normal 0 0 -1
    outer loop
      vertex 51.08894806151273 11.982048834901988 1.5
      vertex 51.08894806151273 17.537751165098012 1.5
      vertex 51.34120632174178 12.402916315870012 1.5
    endloop
  endfacet
  facet normal 0 0 -1
    outer loop
      vertex 51.34120632174178 12.402916315870012 1.5
      vertex 51.34120632174178 17.116883684129988 1.5
      vertex 51.55099766255644 12.846482838174552 1.5
    endloop
  endfacet
  facet normal 0 0 -1
    outer loop
      vertex 51.55099766255644 12.846482838174552 1.5
      vertex 51.55099766255644 16.673317161825448 1.5
      vertex 51.71630167866105 13.308476613727688 1.5
    endloop
  endfacet
  facet normal 0 0 -1
    outer loop
      vertex 51.71630167866105 13.308476613727688 1.5
      vertex 51.71630167866105 16.211323386272312 1.5
      vertex 51.83552640201616 13.784448389919358 1.5
    endloop
  endfacet
  facet normal 0 0 -1
    outer loop
      vertex 49.28858368412999 10.350293678258225 1.5
      vertex 49.156600000000005 14.7599 1.5
      vertex 49.28858368412999 19.169506321741775 1.5
    endloop
  endfacet
  facet normal 0 0 -1
    outer loop
      vertex 50.46713390593274 11.224366094067262 1.5
      vertex 50.10356642081823 18.624952266813686 1.5
      vertex 50.46713390593274 18.29543390593274 1.5
    endloop
  endfacet
  facet normal 0 0 -1
    outer loop
      vertex 51.83552640201616 13.784448389919358 1.5
      vertex 51.83552640201616 15.735351610080642 1.5
      vertex 51.90752363336099 14.269814298352197 1.5
    endloop
  endfacet
  facet normal 0 0 -1
    outer loop
      vertex 51.90752363336099 14.269814298352197 1.5
      vertex 51.90752363336099 15.249985701647804 1.5
      vertex 51.9316 14.7599 1.5
    endloop
  endfacet
  facet normal 0 0 -1
    outer loop
      vertex 51.90752363336099 14.269814298352197 1.5
      vertex 51.83552640201616 15.735351610080642 1.5
      vertex 51.90752363336099 15.249985701647804 1.5
    endloop
  endfacet
  facet normal 0 0 -1
    outer loop
      vertex 51.83552640201616 13.784448389919358 1.5
      vertex 51.71630167866105 16.211323386272312 1.5
      vertex 51.83552640201616 15.735351610080642 1.5
    endloop
  endfacet
  facet normal 0 0 -1
    outer loop
      vertex 51.34120632174178 12.402916315870012 1.5
      vertex 51.08894806151273 17.537751165098012 1.5
      vertex 51.34120632174178 17.116883684129988 1.5
    endloop
  endfacet
  facet normal 0 0 -1
    outer loop
      vertex 51.55099766255644 12.846482838174552 1.5
      vertex 51.34120632174178 17.116883684129988 1.5
      vertex 51.55099766255644 16.673317161825448 1.5
    endloop
  endfacet
  facet normal 0 0 -1
    outer loop
      vertex 51.08894806151273 11.982048834901988 1.5
      vertex 50.79665226681369 17.931866420818228 1.5
      vertex 51.08894806151273 17.537751165098012 1.5
    endloop
  endfacet
  facet normal 0 0 -1
    outer loop
      vertex 50.79665226681369 11.587933579181772 1.5
      vertex 50.46713390593274 18.29543390593274 1.5
      vertex 50.79665226681369 17.931866420818228 1.5
    endloop
  endfacet
  facet normal 0 0 -1
    outer loop
      vertex 51.71630167866105 13.308476613727688 1.5
      vertex 51.55099766255644 16.673317161825448 1.5
      vertex 51.71630167866105 16.211323386272312 1.5
    endloop
  endfacet
  facet normal 0 0 -1
    outer loop
      vertex 45.08158011262684 15.996043768468615 1.5
      vertex 45.01818283817455 19.379297662556432 1.5
      vertex 45.211651741267914 16.171425057264113 1.5
    endloop
  endfacet
  facet normal 0 0 -1
    outer loop
      vertex 45.211651741267914 16.171425057264113 1.5
      vertex 45.01818283817455 19.379297662556432 1.5
      vertex 45.35828741185993 16.333212588140068 1.5
    endloop
  endfacet
  facet normal 0 0 -1
    outer loop
      vertex 45.35828741185993 16.333212588140068 1.5
      vertex 45.01818283817455 19.379297662556432 1.5
      vertex 45.52007494273589 16.47984825873209 1.5
    endloop
  endfacet
  facet normal 0 0 -1
    outer loop
      vertex 45.52007494273589 16.47984825873209 1.5
      vertex 45.48017661372769 19.544601678661046 1.5
      vertex 45.69545623153139 16.609919887373163 1.5
    endloop
  endfacet
  facet normal 0 0 -1
    outer loop
      vertex 45.69545623153139 16.609919887373163 1.5
      vertex 45.48017661372769 19.544601678661046 1.5
      vertex 45.88274226056216 16.72217481317509 1.5
    endloop
  endfacet
  facet normal 0 0 -1
    outer loop
      vertex 45.88274226056216 16.72217481317509 1.5
      vertex 45.48017661372769 19.544601678661046 1.5
      vertex 46.08012936298768 16.815531959837614 1.5
    endloop
  endfacet
  facet normal 0 0 -1
    outer loop
      vertex 47.78307063701233 16.815531959837614 1.5
      vertex 47.90705161008064 19.663826402016152 1.5
      vertex 47.980457739437846 16.72217481317509 1.5
    endloop
  endfacet
  facet normal 0 0 -1
    outer loop
      vertex 47.980457739437846 16.72217481317509 1.5
      vertex 47.90705161008064 19.663826402016152 1.5
      vertex 48.16774376846862 16.609919887373163 1.5
    endloop
  endfacet
  facet normal 0 0 -1
    outer loop
      vertex 48.65154825873209 16.171425057264113 1.5
      vertex 48.50491258814007 16.333212588140068 1.5
      vertex 48.38302338627231 19.544601678661046 1.5
    endloop
  endfacet
  facet normal 0 0 -1
    outer loop
      vertex 48.50491258814007 16.333212588140068 1.5
      vertex 48.34312505726412 16.47984825873209 1.5
      vertex 48.38302338627231 19.544601678661046 1.5
    endloop
  endfacet
  facet normal 0 0 -1
    outer loop
      vertex 48.34312505726412 16.47984825873209 1.5
      vertex 48.16774376846862 16.609919887373163 1.5
      vertex 48.38302338627231 19.544601678661046 1.5
    endloop
  endfacet
  facet normal 0 0 -1
    outer loop
      vertex 45.52007494273589 16.47984825873209 1.5
      vertex 45.01818283817455 19.379297662556432 1.5
      vertex 45.48017661372769 19.544601678661046 1.5
    endloop
  endfacet
  facet normal 0 0 -1
    outer loop
      vertex 46.08012936298768 16.815531959837614 1.5
      vertex 45.95614838991936 19.663826402016152 1.5
      vertex 46.28571659310882 16.889092247004164 1.5
    endloop
  endfacet
  facet normal 0 0 -1
    outer loop
      vertex 46.28571659310882 16.889092247004164 1.5
      vertex 45.95614838991936 19.663826402016152 1.5
      vertex 46.49752403351412 16.942147248897186 1.5
    endloop
  endfacet
  facet normal 0 0 -1
    outer loop
      vertex 46.49752403351412 16.942147248897186 1.5
      vertex 46.4415142983522 19.735823633360987 1.5
      vertex 46.71351186276673 16.97418601684564 1.5
    endloop
  endfacet
  facet normal 0 0 -1
    outer loop
      vertex 46.71351186276673 16.97418601684564 1.5
      vertex 46.4415142983522 19.735823633360987 1.5
      vertex 46.9316 16.9849 1.5
    endloop
  endfacet
  facet normal 0 0 -1
    outer loop
      vertex 46.08012936298768 16.815531959837614 1.5
      vertex 45.48017661372769 19.544601678661046 1.5
      vertex 45.95614838991936 19.663826402016152 1.5
    endloop
  endfacet
  facet normal 0 0 -1
    outer loop
      vertex 46.49752403351412 16.942147248897186 1.5
      vertex 45.95614838991936 19.663826402016152 1.5
      vertex 46.4415142983522 19.735823633360987 1.5
    endloop
  endfacet
  facet normal 0 0 -1
    outer loop
      vertex 46.9316 16.9849 1.5
      vertex 46.4415142983522 19.735823633360987 1.5
      vertex 46.9316 19.759900000000002 1.5
    endloop
  endfacet
  facet normal 0 0 -1
    outer loop
      vertex 46.9316 16.9849 1.5
      vertex 46.9316 19.759900000000002 1.5
      vertex 47.14968813723328 16.97418601684564 1.5
    endloop
  endfacet
  facet normal 0 0 -1
    outer loop
      vertex 47.14968813723328 16.97418601684564 1.5
      vertex 47.4216857016478 19.735823633360987 1.5
      vertex 47.36567596648589 16.942147248897186 1.5
    endloop
  endfacet
  facet normal 0 0 -1
    outer loop
      vertex 47.57748340689118 16.889092247004164 1.5
      vertex 47.36567596648589 16.942147248897186 1.5
      vertex 47.4216857016478 19.735823633360987 1.5
    endloop
  endfacet
  facet normal 0 0 -1
    outer loop
      vertex 47.57748340689118 16.889092247004164 1.5
      vertex 47.90705161008064 19.663826402016152 1.5
      vertex 47.78307063701233 16.815531959837614 1.5
    endloop
  endfacet
  facet normal 0 0 -1
    outer loop
      vertex 48.65154825873209 16.171425057264113 1.5
      vertex 48.38302338627231 19.544601678661046 1.5
      vertex 48.84501716182545 19.379297662556432 1.5
    endloop
  endfacet
  facet normal 0 0 -1
    outer loop
      vertex 47.14968813723328 16.97418601684564 1.5
      vertex 46.9316 19.759900000000002 1.5
      vertex 47.4216857016478 19.735823633360987 1.5
    endloop
  endfacet
  facet normal 0 0 -1
    outer loop
      vertex 47.57748340689118 16.889092247004164 1.5
      vertex 47.4216857016478 19.735823633360987 1.5
      vertex 47.90705161008064 19.663826402016152 1.5
    endloop
  endfacet
  facet normal 0 0 -1
    outer loop
      vertex 48.16774376846862 16.609919887373163 1.5
      vertex 47.90705161008064 19.663826402016152 1.5
      vertex 48.38302338627231 19.544601678661046 1.5
    endloop
  endfacet
  facet normal 0 0 -1
    outer loop
      vertex 49.156600000000005 14.7599 1.5
      vertex 49.145886016845644 14.977988137233272 1.5
      vertex 49.28858368412999 19.169506321741775 1.5
    endloop
  endfacet
  facet normal 0 0 -1
    outer loop
      vertex 49.145886016845644 14.977988137233272 1.5
      vertex 49.11384724889719 15.193975966485885 1.5
      vertex 49.28858368412999 19.169506321741775 1.5
    endloop
  endfacet
  facet normal 0 0 -1
    outer loop
      vertex 49.70945116509802 10.602551938487274 1.5
      vertex 49.28858368412999 19.169506321741775 1.5
      vertex 49.70945116509802 18.917248061512726 1.5
    endloop
  endfacet
  facet normal 0 0 -1
    outer loop
      vertex 49.11384724889719 15.193975966485885 1.5
      vertex 49.060792247004166 15.405783406891178 1.5
      vertex 49.28858368412999 19.169506321741775 1.5
    endloop
  endfacet
  facet normal 0 0 -1
    outer loop
      vertex 49.060792247004166 15.405783406891178 1.5
      vertex 48.987231959837615 15.611370637012325 1.5
      vertex 48.84501716182545 19.379297662556432 1.5
    endloop
  endfacet
  facet normal 0 0 -1
    outer loop
      vertex 50.10356642081823 10.894847733186316 1.5
      vertex 49.70945116509802 18.917248061512726 1.5
      vertex 50.10356642081823 18.624952266813686 1.5
    endloop
  endfacet
  facet normal 0 0 -1
    outer loop
      vertex 48.987231959837615 15.611370637012325 1.5
      vertex 48.893874813175096 15.808757739437844 1.5
      vertex 48.84501716182545 19.379297662556432 1.5
    endloop
  endfacet
  facet normal 0 0 -1
    outer loop
      vertex 48.893874813175096 15.808757739437844 1.5
      vertex 48.78161988737317 15.996043768468615 1.5
      vertex 48.84501716182545 19.379297662556432 1.5
    endloop
  endfacet
  facet normal 0 0 -1
    outer loop
      vertex 48.78161988737317 15.996043768468615 1.5
      vertex 48.65154825873209 16.171425057264113 1.5
      vertex 48.84501716182545 19.379297662556432 1.5
    endloop
  endfacet
  facet normal 0 0 -1
    outer loop
      vertex 49.060792247004166 15.405783406891178 1.5
      vertex 48.84501716182545 19.379297662556432 1.5
      vertex 49.28858368412999 19.169506321741775 1.5
    endloop
  endfacet
  facet normal 0.33688985339222377 -0.9415440651830195 2.140313711852446e-18
    outer loop
      vertex 45.01818283817455 19.379297662556432 0
      vertex 45.48017661372769 19.544601678661046 0
      vertex 45.48017661372769 19.544601678661046 1.5
    endloop
  endfacet
  facet normal 0.24298017990326115 -0.9700312531945446 2.1936903126208093e-18
    outer loop
      vertex 45.48017661372769 19.544601678661046 0
      vertex 45.95614838991936 19.663826402016152 0
      vertex 45.95614838991936 19.663826402016152 1.5
    endloop
  endfacet
  facet normal 0.14673047445536588 -0.9891765099647803 -3.707070102444224e-18
    outer loop
      vertex 45.95614838991936 19.663826402016152 0
      vertex 46.4415142983522 19.735823633360987 0
      vertex 46.4415142983522 19.735823633360987 1.5
    endloop
  endfacet
  facet normal 0.04906767432741744 -0.9987954562051725 4.017925615356111e-20
    outer loop
      vertex 46.4415142983522 19.735823633360987 0
      vertex 46.9316 19.759900000000002 0
      vertex 46.9316 19.759900000000002 1.5
    endloop
  endfacet
  facet normal -0.04906767432741744 -0.9987954562051725 0
    outer loop
      vertex 47.4216857016478 19.735823633360987 0
      vertex 47.4216857016478 19.735823633360987 1.5
      vertex 46.9316 19.759900000000002 0
    endloop
  endfacet
  facet normal -0.14673047445536588 -0.9891765099647803 3.707070102444224e-18
    outer loop
      vertex 47.4216857016478 19.735823633360987 0
      vertex 47.90705161008064 19.663826402016152 0
      vertex 47.90705161008064 19.663826402016152 1.5
    endloop
  endfacet
  facet normal -0.24298017990326115 -0.9700312531945446 -2.1936903126208093e-18
    outer loop
      vertex 47.90705161008064 19.663826402016152 0
      vertex 48.38302338627231 19.544601678661046 0
      vertex 48.38302338627231 19.544601678661046 1.5
    endloop
  endfacet
  facet normal -0.33688985339222377 -0.9415440651830195 -2.140313711852446e-18
    outer loop
      vertex 48.38302338627231 19.544601678661046 0
      vertex 48.84501716182545 19.379297662556432 0
      vertex 48.84501716182545 19.379297662556432 1.5
    endloop
  endfacet
  facet normal 0.33688985339222377 -0.9415440651830195 0
    outer loop
      vertex 45.01818283817455 19.379297662556432 0
      vertex 45.48017661372769 19.544601678661046 1.5
      vertex 45.01818283817455 19.379297662556432 1.5
    endloop
  endfacet
  facet normal 0.24298017990326115 -0.9700312531945446 0
    outer loop
      vertex 45.48017661372769 19.544601678661046 0
      vertex 45.95614838991936 19.663826402016152 1.5
      vertex 45.48017661372769 19.544601678661046 1.5
    endloop
  endfacet
  facet normal 0.14673047445536588 -0.9891765099647803 0
    outer loop
      vertex 45.95614838991936 19.663826402016152 0
      vertex 46.4415142983522 19.735823633360987 1.5
      vertex 45.95614838991936 19.663826402016152 1.5
    endloop
  endfacet
  facet normal 0.04906767432741744 -0.9987954562051725 0
    outer loop
      vertex 46.4415142983522 19.735823633360987 0
      vertex 46.9316 19.759900000000002 1.5
      vertex 46.4415142983522 19.735823633360987 1.5
    endloop
  endfacet
  facet normal -0.14673047445536588 -0.9891765099647803 0
    outer loop
      vertex 47.4216857016478 19.735823633360987 0
      vertex 47.90705161008064 19.663826402016152 1.5
      vertex 47.4216857016478 19.735823633360987 1.5
    endloop
  endfacet
  facet normal -0.04906767432741744 -0.9987954562051725 0
    outer loop
      vertex 46.9316 19.759900000000002 0
      vertex 47.4216857016478 19.735823633360987 1.5
      vertex 46.9316 19.759900000000002 1.5
    endloop
  endfacet
  facet normal -0.24298017990326115 -0.9700312531945446 0
    outer loop
      vertex 47.90705161008064 19.663826402016152 0
      vertex 48.38302338627231 19.544601678661046 1.5
      vertex 47.90705161008064 19.663826402016152 1.5
    endloop
  endfacet
  facet normal -0.33688985339222377 -0.9415440651830195 0
    outer loop
      vertex 48.38302338627231 19.544601678661046 0
      vertex 48.84501716182545 19.379297662556432 1.5
      vertex 48.38302338627231 19.544601678661046 1.5
    endloop
  endfacet
  facet normal 0 0 -1
    outer loop
      vertex -48.045786568327294 5.400279093274526 5.5
      vertex -47.93651568004411 5.994710073754532 5.5
      vertex -47.888140466039204 5.283360775394909 5.5
    endloop
  endfacet
  facet normal 0 0 -1
    outer loop
      vertex -47.16718064403226 4.984729439193539 5.5
      vertex -47.357569354508925 5.032419328535582 5.5
      vertex -47.212427015881694 5.510889496401687 5.5
    endloop
  endfacet
  facet normal 0 0 -1
    outer loop
      vertex -47.16718064403226 4.984729439193539 5.5
      vertex -47.06963548302419 5.475122079395154 5.5
      vertex -46.97303428065912 4.9559305466556065 5.5
    endloop
  endfacet
  facet normal 0 0 -1
    outer loop
      vertex -46.97303428065912 4.9559305466556065 5.5
      vertex -46.92402571049434 5.453522909991705 5.5
      vertex -46.777 4.9463 5.5
    endloop
  endfacet
  facet normal 0 0 -1
    outer loop
      vertex -47.542366864730184 5.098540934977427 5.5
      vertex -47.719793473652 5.18245747130329 5.5
      vertex -47.61035534952941 5.699095581546182 5.5
    endloop
  endfacet
  facet normal 0 0 -1
    outer loop
      vertex -47.719793473652 5.18245747130329 5.5
      vertex -47.888140466039204 5.283360775394909 5.5
      vertex -47.72858992624547 5.786784319955895 5.5
    endloop
  endfacet
  facet normal 0 0 -1
    outer loop
      vertex -47.357569354508925 5.032419328535582 5.5
      vertex -47.542366864730184 5.098540934977427 5.5
      vertex -47.484095105239 5.6234181034774675 5.5
    endloop
  endfacet
  facet normal 0 0 -1
    outer loop
      vertex -47.357569354508925 5.032419328535582 5.5
      vertex -47.484095105239 5.6234181034774675 5.5
      vertex -47.351025148547635 5.56048070123307 5.5
    endloop
  endfacet
  facet normal 0 0 -1
    outer loop
      vertex -47.719793473652 5.18245747130329 5.5
      vertex -47.72858992624547 5.786784319955895 5.5
      vertex -47.61035534952941 5.699095581546182 5.5
    endloop
  endfacet
  facet normal 0 0 -1
    outer loop
      vertex -47.542366864730184 5.098540934977427 5.5
      vertex -47.61035534952941 5.699095581546182 5.5
      vertex -47.484095105239 5.6234181034774675 5.5
    endloop
  endfacet
  facet normal 0 0 -1
    outer loop
      vertex -47.16718064403226 4.984729439193539 5.5
      vertex -47.212427015881694 5.510889496401687 5.5
      vertex -47.06963548302419 5.475122079395154 5.5
    endloop
  endfacet
  facet normal 0 0 -1
    outer loop
      vertex -47.357569354508925 5.032419328535582 5.5
      vertex -47.351025148547635 5.56048070123307 5.5
      vertex -47.212427015881694 5.510889496401687 5.5
    endloop
  endfacet
  facet normal 0 0 -1
    outer loop
      vertex -46.97303428065912 4.9559305466556065 5.5
      vertex -47.06963548302419 5.475122079395154 5.5
      vertex -46.92402571049434 5.453522909991705 5.5
    endloop
  endfacet
  facet normal 0 0 -1
    outer loop
      vertex -48.045786568327294 5.400279093274526 5.5
      vertex -48.19121356237309 5.532086437626905 5.5
      vertex -48.09988189652253 6.239204894761004 5.5
    endloop
  endfacet
  facet normal 0 0 -1
    outer loop
      vertex -47.888140466039204 5.283360775394909 5.5
      vertex -47.837660171779824 5.885639828220178 5.5
      vertex -47.72858992624547 5.786784319955895 5.5
    endloop
  endfacet
  facet normal 0 0 -1
    outer loop
      vertex -47.888140466039204 5.283360775394909 5.5
      vertex -47.93651568004411 5.994710073754532 5.5
      vertex -47.837660171779824 5.885639828220178 5.5
    endloop
  endfacet
  facet normal 0 0 -1
    outer loop
      vertex -48.045786568327294 5.400279093274526 5.5
      vertex -48.02420441845382 6.112944650470597 5.5
      vertex -47.93651568004411 5.994710073754532 5.5
    endloop
  endfacet
  facet normal 0 0 -1
    outer loop
      vertex -48.19121356237309 5.532086437626905 5.5
      vertex -48.323020906725475 5.677513431672709 5.5
      vertex -48.21241050359831 6.510872984118306 5.5
    endloop
  endfacet
  facet normal 0 0 -1
    outer loop
      vertex -48.045786568327294 5.400279093274526 5.5
      vertex -48.09988189652253 6.239204894761004 5.5
      vertex -48.02420441845382 6.112944650470597 5.5
    endloop
  endfacet
  facet normal 0 0 -1
    outer loop
      vertex -48.19121356237309 5.532086437626905 5.5
      vertex -48.21241050359831 6.510872984118306 5.5
      vertex -48.162819298766934 6.3722748514523655 5.5
    endloop
  endfacet
  facet normal 0 0 -1
    outer loop
      vertex -48.19121356237309 5.532086437626905 5.5
      vertex -48.162819298766934 6.3722748514523655 5.5
      vertex -48.09988189652253 6.239204894761004 5.5
    endloop
  endfacet
  facet normal 0 0 -1
    outer loop
      vertex -48.323020906725475 5.677513431672709 5.5
      vertex -48.248177920604846 6.653664516975807 5.5
      vertex -48.21241050359831 6.510872984118306 5.5
    endloop
  endfacet
  facet normal 0 0 -1
    outer loop
      vertex -48.323020906725475 5.677513431672709 5.5
      vertex -48.2697770900083 6.799274289505659 5.5
      vertex -48.248177920604846 6.653664516975807 5.5
    endloop
  endfacet
  facet normal 0 0 -1
    outer loop
      vertex -46.777 4.9463 5.5
      vertex -46.777 5.4463 5.5
      vertex -46.58096571934088 4.9559305466556065 5.5
    endloop
  endfacet
  facet normal 0 0 -1
    outer loop
      vertex -46.58096571934088 4.9559305466556065 5.5
      vertex -46.62997428950566 5.453522909991705 5.5
      vertex -46.386819355967745 4.984729439193539 5.5
    endloop
  endfacet
  facet normal 0 0 -1
    outer loop
      vertex -46.386819355967745 4.984729439193539 5.5
      vertex -46.48436451697581 5.475122079395154 5.5
      vertex -46.19643064549108 5.032419328535582 5.5
    endloop
  endfacet
  facet normal 0 0 -1
    outer loop
      vertex -46.19643064549108 5.032419328535582 5.5
      vertex -46.20297485145237 5.56048070123307 5.5
      vertex -46.01163313526982 5.098540934977427 5.5
    endloop
  endfacet
  facet normal 0 0 -1
    outer loop
      vertex -46.777 4.9463 5.5
      vertex -46.92402571049434 5.453522909991705 5.5
      vertex -46.777 5.4463 5.5
    endloop
  endfacet
  facet normal 0 0 -1
    outer loop
      vertex -46.58096571934088 4.9559305466556065 5.5
      vertex -46.777 5.4463 5.5
      vertex -46.62997428950566 5.453522909991705 5.5
    endloop
  endfacet
  facet normal 0 0 -1
    outer loop
      vertex -46.386819355967745 4.984729439193539 5.5
      vertex -46.62997428950566 5.453522909991705 5.5
      vertex -46.48436451697581 5.475122079395154 5.5
    endloop
  endfacet
  facet normal 0 0 -1
    outer loop
      vertex -46.19643064549108 5.032419328535582 5.5
      vertex -46.48436451697581 5.475122079395154 5.5
      vertex -46.34157298411831 5.510889496401687 5.5
    endloop
  endfacet
  facet normal 0 0 -1
    outer loop
      vertex -46.19643064549108 5.032419328535582 5.5
      vertex -46.34157298411831 5.510889496401687 5.5
      vertex -46.20297485145237 5.56048070123307 5.5
    endloop
  endfacet
  facet normal 0 0 -1
    outer loop
      vertex -46.01163313526982 5.098540934977427 5.5
      vertex -46.069904894761 5.6234181034774675 5.5
      vertex -45.834206526348005 5.18245747130329 5.5
    endloop
  endfacet
  facet normal 0 0 -1
    outer loop
      vertex -46.01163313526982 5.098540934977427 5.5
      vertex -46.20297485145237 5.56048070123307 5.5
      vertex -46.069904894761 5.6234181034774675 5.5
    endloop
  endfacet
  facet normal 0 0 -1
    outer loop
      vertex -45.834206526348005 5.18245747130329 5.5
      vertex -46.069904894761 5.6234181034774675 5.5
      vertex -45.943644650470596 5.699095581546182 5.5
    endloop
  endfacet
  facet normal 0 0 -1
    outer loop
      vertex -45.834206526348005 5.18245747130329 5.5
      vertex -45.82541007375453 5.786784319955895 5.5
      vertex -45.6658595339608 5.283360775394909 5.5
    endloop
  endfacet
  facet normal 0 0 -1
    outer loop
      vertex -45.834206526348005 5.18245747130329 5.5
      vertex -45.943644650470596 5.699095581546182 5.5
      vertex -45.82541007375453 5.786784319955895 5.5
    endloop
  endfacet
  facet normal 0 0 -1
    outer loop
      vertex -45.6658595339608 5.283360775394909 5.5
      vertex -45.71633982822018 5.885639828220178 5.5
      vertex -45.50821343167271 5.400279093274526 5.5
    endloop
  endfacet
  facet normal 0 0 -1
    outer loop
      vertex -45.6658595339608 5.283360775394909 5.5
      vertex -45.82541007375453 5.786784319955895 5.5
      vertex -45.71633982822018 5.885639828220178 5.5
    endloop
  endfacet
  facet normal 0 0 -1
    outer loop
      vertex -45.50821343167271 5.400279093274526 5.5
      vertex -45.71633982822018 5.885639828220178 5.5
      vertex -45.61748431995589 5.994710073754532 5.5
    endloop
  endfacet
  facet normal 0 0 -1
    outer loop
      vertex -45.50821343167271 5.400279093274526 5.5
      vertex -45.61748431995589 5.994710073754532 5.5
      vertex -45.52979558154618 6.112944650470597 5.5
    endloop
  endfacet
  facet normal 0 0 -1
    outer loop
      vertex -45.50821343167271 5.400279093274526 5.5
      vertex -45.52979558154618 6.112944650470597 5.5
      vertex -45.36278643762691 5.532086437626905 5.5
    endloop
  endfacet
  facet normal 0 0 -1
    outer loop
      vertex -45.36278643762691 5.532086437626905 5.5
      vertex -45.34158949640169 6.510872984118306 5.5
      vertex -45.23097909327453 5.677513431672709 5.5
    endloop
  endfacet
  facet normal 0 0 -1
    outer loop
      vertex -45.36278643762691 5.532086437626905 5.5
      vertex -45.52979558154618 6.112944650470597 5.5
      vertex -45.45411810347747 6.239204894761004 5.5
    endloop
  endfacet
  facet normal 0 0 -1
    outer loop
      vertex -45.36278643762691 5.532086437626905 5.5
      vertex -45.45411810347747 6.239204894761004 5.5
      vertex -45.39118070123307 6.3722748514523655 5.5
    endloop
  endfacet
  facet normal 0 0 -1
    outer loop
      vertex -45.36278643762691 5.532086437626905 5.5
      vertex -45.39118070123307 6.3722748514523655 5.5
      vertex -45.34158949640169 6.510872984118306 5.5
    endloop
  endfacet
  facet normal 0 0 -1
    outer loop
      vertex -45.23097909327453 5.677513431672709 5.5
      vertex -45.34158949640169 6.510872984118306 5.5
      vertex -45.305822079395156 6.653664516975807 5.5
    endloop
  endfacet
  facet normal 0 0 -1
    outer loop
      vertex -45.23097909327453 5.677513431672709 5.5
      vertex -45.305822079395156 6.653664516975807 5.5
      vertex -45.284222909991705 6.799274289505659 5.5
    endloop
  endfacet
  facet normal -0.5141027441932257 -0.8577286100002697 -5.688139643288586e-18
    outer loop
      vertex -47.719793473652 5.18245747130329 5.5
      vertex -47.888140466039204 5.283360775394909 7.01
      vertex -47.888140466039204 5.283360775394909 5.5
    endloop
  endfacet
  facet normal -0.5956993044924247 -0.8032075314806514 0
    outer loop
      vertex -48.045786568327294 5.400279093274526 5.5
      vertex -47.888140466039204 5.283360775394909 5.5
      vertex -48.045786568327294 5.400279093274526 7.01
    endloop
  endfacet
  facet normal -0.671558954847031 -0.7409511253549478 0
    outer loop
      vertex -48.045786568327294 5.400279093274526 5.5
      vertex -48.045786568327294 5.400279093274526 7.01
      vertex -48.19121356237309 5.532086437626905 5.5
    endloop
  endfacet
  facet normal -0.7409511253549533 -0.671558954847025 0
    outer loop
      vertex -48.19121356237309 5.532086437626905 5.5
      vertex -48.19121356237309 5.532086437626905 7.01
      vertex -48.323020906725475 5.677513431672709 5.5
    endloop
  endfacet
  facet normal -0.4275550934302862 -0.9039892931234415 -7.949779453652607e-19
    outer loop
      vertex -47.542366864730184 5.098540934977427 5.5
      vertex -47.719793473652 5.18245747130329 7.01
      vertex -47.719793473652 5.18245747130329 5.5
    endloop
  endfacet
  facet normal -0.33688985339221755 -0.9415440651830217 2.151623510200445e-18
    outer loop
      vertex -47.357569354508925 5.032419328535582 5.5
      vertex -47.542366864730184 5.098540934977427 7.01
      vertex -47.542366864730184 5.098540934977427 5.5
    endloop
  endfacet
  facet normal -0.24298017990326204 -0.9700312531945444 -2.8372129933937464e-18
    outer loop
      vertex -47.16718064403226 4.984729439193539 5.5
      vertex -47.357569354508925 5.032419328535582 7.01
      vertex -47.357569354508925 5.032419328535582 5.5
    endloop
  endfacet
  facet normal -0.1467304744553597 -0.9891765099647813 0
    outer loop
      vertex -47.16718064403226 4.984729439193539 5.5
      vertex -46.97303428065912 4.9559305466556065 5.5
      vertex -47.16718064403226 4.984729439193539 7.01
    endloop
  endfacet
  facet normal -0.8032075314806456 -0.5956993044924326 0
    outer loop
      vertex -48.323020906725475 5.677513431672709 5.5
      vertex -48.323020906725475 5.677513431672709 7.01
      vertex -48.43993922460509 5.835159533960796 5.5
    endloop
  endfacet
  facet normal -0.8577286100002635 -0.5141027441932363 0
    outer loop
      vertex -48.43993922460509 5.835159533960796 5.5
      vertex -48.43993922460509 5.835159533960796 7.01
      vertex -48.540842528696714 6.003506526348005 5.5
    endloop
  endfacet
  facet normal -0.9039892931234527 -0.4275550934302625 0
    outer loop
      vertex -48.540842528696714 6.003506526348005 5.5
      vertex -48.540842528696714 6.003506526348005 7.01
      vertex -48.62475906502257 6.180933135269821 5.5
    endloop
  endfacet
  facet normal -0.9415440651830163 -0.33688985339223276 0
    outer loop
      vertex -48.62475906502257 6.180933135269821 5.5
      vertex -48.62475906502257 6.180933135269821 7.01
      vertex -48.69088067146442 6.365730645491075 5.5
    endloop
  endfacet
  facet normal -0.9700312531945413 -0.2429801799032748 0
    outer loop
      vertex -48.69088067146442 6.365730645491075 5.5
      vertex -48.69088067146442 6.365730645491075 7.01
      vertex -48.738570560806465 6.556119355967743 5.5
    endloop
  endfacet
  facet normal -0.049067674327420145 -0.9987954562051722 -8.462997290446318e-20
    outer loop
      vertex -46.97303428065912 4.9559305466556065 5.5
      vertex -46.777 4.9463 5.5
      vertex -46.777 4.9463 7.01
    endloop
  endfacet
  facet normal 0.049067674327420145 -0.9987954562051722 8.462997290446318e-20
    outer loop
      vertex -46.777 4.9463 5.5
      vertex -46.58096571934088 4.9559305466556065 5.5
      vertex -46.58096571934088 4.9559305466556065 7.01
    endloop
  endfacet
  facet normal 0.1467304744553597 -0.9891765099647813 -2.093667227619831e-19
    outer loop
      vertex -46.58096571934088 4.9559305466556065 5.5
      vertex -46.386819355967745 4.984729439193539 5.5
      vertex -46.386819355967745 4.984729439193539 7.01
    endloop
  endfacet
  facet normal 0.24298017990326204 -0.9700312531945444 2.8372129933937464e-18
    outer loop
      vertex -46.386819355967745 4.984729439193539 5.5
      vertex -46.19643064549108 5.032419328535582 5.5
      vertex -46.19643064549108 5.032419328535582 7.01
    endloop
  endfacet
  facet normal 0.33688985339221755 -0.9415440651830217 -2.151623510200445e-18
    outer loop
      vertex -46.19643064549108 5.032419328535582 5.5
      vertex -46.01163313526982 5.098540934977427 5.5
      vertex -46.01163313526982 5.098540934977427 7.01
    endloop
  endfacet
  facet normal 0.4275550934302862 -0.9039892931234415 7.949779453652607e-19
    outer loop
      vertex -46.01163313526982 5.098540934977427 5.5
      vertex -45.834206526348005 5.18245747130329 5.5
      vertex -45.834206526348005 5.18245747130329 7.01
    endloop
  endfacet
  facet normal 0.5141027441932257 -0.8577286100002697 5.688139643288586e-18
    outer loop
      vertex -45.834206526348005 5.18245747130329 5.5
      vertex -45.6658595339608 5.283360775394909 5.5
      vertex -45.6658595339608 5.283360775394909 7.01
    endloop
  endfacet
  facet normal 0.5956993044924247 -0.8032075314806514 1.698838563644069e-18
    outer loop
      vertex -45.6658595339608 5.283360775394909 5.5
      vertex -45.50821343167271 5.400279093274526 5.5
      vertex -45.50821343167271 5.400279093274526 7.01
    endloop
  endfacet
  facet normal 0.671558954847031 -0.7409511253549478 5.224917671061049e-18
    outer loop
      vertex -45.50821343167271 5.400279093274526 5.5
      vertex -45.36278643762691 5.532086437626905 5.5
      vertex -45.36278643762691 5.532086437626905 7.01
    endloop
  endfacet
  facet normal 0.7409511253549533 -0.671558954847025 -4.795719475497823e-18
    outer loop
      vertex -45.36278643762691 5.532086437626905 5.5
      vertex -45.23097909327453 5.677513431672709 5.5
      vertex -45.23097909327453 5.677513431672709 7.01
    endloop
  endfacet
  facet normal 0.8032075314806456 -0.5956993044924326 0
    outer loop
      vertex -45.23097909327453 5.677513431672709 5.5
      vertex -45.11406077539491 5.835159533960796 5.5
      vertex -45.23097909327453 5.677513431672709 7.01
    endloop
  endfacet
  facet normal 0.8577286100002635 -0.5141027441932363 0
    outer loop
      vertex -45.11406077539491 5.835159533960796 5.5
      vertex -45.01315747130329 6.003506526348005 5.5
      vertex -45.11406077539491 5.835159533960796 7.01
    endloop
  endfacet
  facet normal 0 0 -1
    outer loop
      vertex -48.76736945334439 6.750265719340879 5.5
      vertex -48.777 6.9463 5.5
      vertex -48.76736945334439 7.142334280659121 5.5
    endloop
  endfacet
  facet normal 0 0 -1
    outer loop
      vertex -48.76736945334439 6.750265719340879 5.5
      vertex -48.76736945334439 7.142334280659121 5.5
      vertex -48.738570560806465 7.336480644032257 5.5
    endloop
  endfacet
  facet normal 0 0 -1
    outer loop
      vertex -48.323020906725475 5.677513431672709 5.5
      vertex -48.277 6.9463 5.5
      vertex -48.2697770900083 6.799274289505659 5.5
    endloop
  endfacet
  facet normal 0 0 -1
    outer loop
      vertex -48.43993922460509 5.835159533960796 5.5
      vertex -48.540842528696714 6.003506526348005 5.5
      vertex -48.43993922460509 8.057440466039203 5.5
    endloop
  endfacet
  facet normal 0 0 -1
    outer loop
      vertex -48.323020906725475 5.677513431672709 5.5
      vertex -48.43993922460509 5.835159533960796 5.5
      vertex -48.323020906725475 8.21508656832729 5.5
    endloop
  endfacet
  facet normal 0 0 -1
    outer loop
      vertex -48.540842528696714 6.003506526348005 5.5
      vertex -48.62475906502257 6.180933135269821 5.5
      vertex -48.540842528696714 7.889093473651995 5.5
    endloop
  endfacet
  facet normal 0 0 -1
    outer loop
      vertex -48.62475906502257 6.180933135269821 5.5
      vertex -48.69088067146442 6.365730645491075 5.5
      vertex -48.62475906502257 7.711666864730179 5.5
    endloop
  endfacet
  facet normal 0 0 -1
    outer loop
      vertex -48.69088067146442 6.365730645491075 5.5
      vertex -48.738570560806465 6.556119355967743 5.5
      vertex -48.69088067146442 7.526869354508925 5.5
    endloop
  endfacet
  facet normal 0 0 -1
    outer loop
      vertex -48.738570560806465 6.556119355967743 5.5
      vertex -48.76736945334439 6.750265719340879 5.5
      vertex -48.738570560806465 7.336480644032257 5.5
    endloop
  endfacet
  facet normal 0 0 -1
    outer loop
      vertex -48.323020906725475 5.677513431672709 5.5
      vertex -48.323020906725475 8.21508656832729 5.5
      vertex -48.277 6.9463 5.5
    endloop
  endfacet
  facet normal 0 0 -1
    outer loop
      vertex -48.738570560806465 6.556119355967743 5.5
      vertex -48.738570560806465 7.336480644032257 5.5
      vertex -48.69088067146442 7.526869354508925 5.5
    endloop
  endfacet
  facet normal 0 0 -1
    outer loop
      vertex -48.69088067146442 6.365730645491075 5.5
      vertex -48.69088067146442 7.526869354508925 5.5
      vertex -48.62475906502257 7.711666864730179 5.5
    endloop
  endfacet
  facet normal 0 0 -1
    outer loop
      vertex -48.62475906502257 6.180933135269821 5.5
      vertex -48.62475906502257 7.711666864730179 5.5
      vertex -48.540842528696714 7.889093473651995 5.5
    endloop
  endfacet
  facet normal 0 0 -1
    outer loop
      vertex -48.540842528696714 6.003506526348005 5.5
      vertex -48.540842528696714 7.889093473651995 5.5
      vertex -48.43993922460509 8.057440466039203 5.5
    endloop
  endfacet
  facet normal 0 0 -1
    outer loop
      vertex -48.43993922460509 5.835159533960796 5.5
      vertex -48.43993922460509 8.057440466039203 5.5
      vertex -48.323020906725475 8.21508656832729 5.5
    endloop
  endfacet
  facet normal 0 0 -1
    outer loop
      vertex -48.277 6.9463 5.5
      vertex -48.323020906725475 8.21508656832729 5.5
      vertex -48.2697770900083 7.093325710494341 5.5
    endloop
  endfacet
  facet normal 0 0 -1
    outer loop
      vertex -48.2697770900083 7.093325710494341 5.5
      vertex -48.323020906725475 8.21508656832729 5.5
      vertex -48.248177920604846 7.238935483024193 5.5
    endloop
  endfacet
  facet normal 0 0 -1
    outer loop
      vertex -48.248177920604846 7.238935483024193 5.5
      vertex -48.323020906725475 8.21508656832729 5.5
      vertex -48.21241050359831 7.381727015881694 5.5
    endloop
  endfacet
  facet normal 0 0 -1
    outer loop
      vertex -48.21241050359831 7.381727015881694 5.5
      vertex -48.19121356237309 8.360513562373095 5.5
      vertex -48.162819298766934 7.520325148547634 5.5
    endloop
  endfacet
  facet normal 0 0 -1
    outer loop
      vertex -48.162819298766934 7.520325148547634 5.5
      vertex -48.19121356237309 8.360513562373095 5.5
      vertex -48.09988189652253 7.653395105238996 5.5
    endloop
  endfacet
  facet normal 0 0 -1
    outer loop
      vertex -48.09988189652253 7.653395105238996 5.5
      vertex -48.19121356237309 8.360513562373095 5.5
      vertex -48.02420441845382 7.779655349529403 5.5
    endloop
  endfacet
  facet normal 0 0 -1
    outer loop
      vertex -48.21241050359831 7.381727015881694 5.5
      vertex -48.323020906725475 8.21508656832729 5.5
      vertex -48.19121356237309 8.360513562373095 5.5
    endloop
  endfacet
  facet normal 0 0 -1
    outer loop
      vertex -48.02420441845382 7.779655349529403 5.5
      vertex -48.045786568327294 8.492320906725475 5.5
      vertex -47.93651568004411 7.897889926245468 5.5
    endloop
  endfacet
  facet normal 0 0 -1
    outer loop
      vertex -45.23097909327453 5.677513431672709 5.5
      vertex -45.284222909991705 6.799274289505659 5.5
      vertex -45.277 6.9463 5.5
    endloop
  endfacet
  facet normal 0 0 -1
    outer loop
      vertex -45.23097909327453 5.677513431672709 5.5
      vertex -45.11406077539491 8.057440466039203 5.5
      vertex -45.11406077539491 5.835159533960796 5.5
    endloop
  endfacet
  facet normal 0 0 -1
    outer loop
      vertex -45.11406077539491 5.835159533960796 5.5
      vertex -45.01315747130329 7.889093473651995 5.5
      vertex -45.01315747130329 6.003506526348005 5.5
    endloop
  endfacet
  facet normal 0 0 -1
    outer loop
      vertex -45.23097909327453 5.677513431672709 5.5
      vertex -45.277 6.9463 5.5
      vertex -45.23097909327453 8.21508656832729 5.5
    endloop
  endfacet
  facet normal 0 0 -1
    outer loop
      vertex -45.277 6.9463 5.5
      vertex -45.284222909991705 7.093325710494341 5.5
      vertex -45.23097909327453 8.21508656832729 5.5
    endloop
  endfacet
  facet normal 0 0 -1
    outer loop
      vertex -45.23097909327453 5.677513431672709 5.5
      vertex -45.23097909327453 8.21508656832729 5.5
      vertex -45.11406077539491 8.057440466039203 5.5
    endloop
  endfacet
  facet normal 0 0 -1
    outer loop
      vertex -45.11406077539491 5.835159533960796 5.5
      vertex -45.11406077539491 8.057440466039203 5.5
      vertex -45.01315747130329 7.889093473651995 5.5
    endloop
  endfacet
  facet normal 0 0 -1
    outer loop
      vertex -45.284222909991705 7.093325710494341 5.5
      vertex -45.305822079395156 7.238935483024193 5.5
      vertex -45.23097909327453 8.21508656832729 5.5
    endloop
  endfacet
  facet normal 0 0 -1
    outer loop
      vertex -45.305822079395156 7.238935483024193 5.5
      vertex -45.34158949640169 7.381727015881694 5.5
      vertex -45.23097909327453 8.21508656832729 5.5
    endloop
  endfacet
  facet normal 0 0 -1
    outer loop
      vertex -45.52979558154618 7.779655349529403 5.5
      vertex -45.50821343167271 8.492320906725475 5.5
      vertex -45.45411810347747 7.653395105238996 5.5
    endloop
  endfacet
  facet normal 0 0 -1
    outer loop
      vertex -45.52979558154618 7.779655349529403 5.5
      vertex -45.61748431995589 7.897889926245468 5.5
      vertex -45.50821343167271 8.492320906725475 5.5
    endloop
  endfacet
  facet normal 0 0 -1
    outer loop
      vertex -45.34158949640169 7.381727015881694 5.5
      vertex -45.39118070123307 7.520325148547634 5.5
      vertex -45.36278643762691 8.360513562373095 5.5
    endloop
  endfacet
  facet normal 0 0 -1
    outer loop
      vertex -45.39118070123307 7.520325148547634 5.5
      vertex -45.45411810347747 7.653395105238996 5.5
      vertex -45.36278643762691 8.360513562373095 5.5
    endloop
  endfacet
  facet normal 0 0 -1
    outer loop
      vertex -45.34158949640169 7.381727015881694 5.5
      vertex -45.36278643762691 8.360513562373095 5.5
      vertex -45.23097909327453 8.21508656832729 5.5
    endloop
  endfacet
  facet normal 0 0 -1
    outer loop
      vertex -48.02420441845382 7.779655349529403 5.5
      vertex -48.19121356237309 8.360513562373095 5.5
      vertex -48.045786568327294 8.492320906725475 5.5
    endloop
  endfacet
  facet normal 0 0 -1
    outer loop
      vertex -47.93651568004411 7.897889926245468 5.5
      vertex -48.045786568327294 8.492320906725475 5.5
      vertex -47.837660171779824 8.006960171779822 5.5
    endloop
  endfacet
  facet normal 0 0 -1
    outer loop
      vertex -47.837660171779824 8.006960171779822 5.5
      vertex -47.888140466039204 8.60923922460509 5.5
      vertex -47.72858992624547 8.105815680044106 5.5
    endloop
  endfacet
  facet normal 0 0 -1
    outer loop
      vertex -47.837660171779824 8.006960171779822 5.5
      vertex -48.045786568327294 8.492320906725475 5.5
      vertex -47.888140466039204 8.60923922460509 5.5
    endloop
  endfacet
  facet normal 0 0 -1
    outer loop
      vertex -47.72858992624547 8.105815680044106 5.5
      vertex -47.719793473652 8.71014252869671 5.5
      vertex -47.61035534952941 8.193504418453818 5.5
    endloop
  endfacet
  facet normal 0 0 -1
    outer loop
      vertex -47.61035534952941 8.193504418453818 5.5
      vertex -47.719793473652 8.71014252869671 5.5
      vertex -47.484095105239 8.269181896522532 5.5
    endloop
  endfacet
  facet normal 0 0 -1
    outer loop
      vertex -47.72858992624547 8.105815680044106 5.5
      vertex -47.888140466039204 8.60923922460509 5.5
      vertex -47.719793473652 8.71014252869671 5.5
    endloop
  endfacet
  facet normal 0 0 -1
    outer loop
      vertex -47.484095105239 8.269181896522532 5.5
      vertex -47.719793473652 8.71014252869671 5.5
      vertex -47.542366864730184 8.794059065022573 5.5
    endloop
  endfacet
  facet normal 0 0 -1
    outer loop
      vertex -47.484095105239 8.269181896522532 5.5
      vertex -47.542366864730184 8.794059065022573 5.5
      vertex -47.351025148547635 8.33211929876693 5.5
    endloop
  endfacet
  facet normal 0 0 -1
    outer loop
      vertex -47.351025148547635 8.33211929876693 5.5
      vertex -47.542366864730184 8.794059065022573 5.5
      vertex -47.357569354508925 8.860180671464418 5.5
    endloop
  endfacet
  facet normal 0 0 -1
    outer loop
      vertex -47.351025148547635 8.33211929876693 5.5
      vertex -47.357569354508925 8.860180671464418 5.5
      vertex -47.212427015881694 8.381710503598313 5.5
    endloop
  endfacet
  facet normal 0 0 -1
    outer loop
      vertex -47.212427015881694 8.381710503598313 5.5
      vertex -47.357569354508925 8.860180671464418 5.5
      vertex -47.06963548302419 8.417477920604846 5.5
    endloop
  endfacet
  facet normal 0 0 -1
    outer loop
      vertex -47.06963548302419 8.417477920604846 5.5
      vertex -47.16718064403226 8.907870560806462 5.5
      vertex -46.92402571049434 8.439077090008295 5.5
    endloop
  endfacet
  facet normal 0 0 -1
    outer loop
      vertex -46.92402571049434 8.439077090008295 5.5
      vertex -46.97303428065912 8.936669453344393 5.5
      vertex -46.777 8.4463 5.5
    endloop
  endfacet
  facet normal 0 0 -1
    outer loop
      vertex -47.06963548302419 8.417477920604846 5.5
      vertex -47.357569354508925 8.860180671464418 5.5
      vertex -47.16718064403226 8.907870560806462 5.5
    endloop
  endfacet
  facet normal 0 0 -1
    outer loop
      vertex -46.92402571049434 8.439077090008295 5.5
      vertex -47.16718064403226 8.907870560806462 5.5
      vertex -46.97303428065912 8.936669453344393 5.5
    endloop
  endfacet
  facet normal 0 0 -1
    outer loop
      vertex -45.943644650470596 8.193504418453818 5.5
      vertex -46.069904894761 8.269181896522532 5.5
      vertex -46.01163313526982 8.794059065022573 5.5
    endloop
  endfacet
  facet normal 0 0 -1
    outer loop
      vertex -46.777 8.4463 5.5
      vertex -46.777 8.9463 5.5
      vertex -46.62997428950566 8.439077090008295 5.5
    endloop
  endfacet
  facet normal 0 0 -1
    outer loop
      vertex -46.62997428950566 8.439077090008295 5.5
      vertex -46.58096571934088 8.936669453344393 5.5
      vertex -46.48436451697581 8.417477920604846 5.5
    endloop
  endfacet
  facet normal 0 0 -1
    outer loop
      vertex -46.777 8.4463 5.5
      vertex -46.97303428065912 8.936669453344393 5.5
      vertex -46.777 8.9463 5.5
    endloop
  endfacet
  facet normal 0 0 -1
    outer loop
      vertex -46.62997428950566 8.439077090008295 5.5
      vertex -46.777 8.9463 5.5
      vertex -46.58096571934088 8.936669453344393 5.5
    endloop
  endfacet
  facet normal 0 0 -1
    outer loop
      vertex -46.48436451697581 8.417477920604846 5.5
      vertex -46.58096571934088 8.936669453344393 5.5
      vertex -46.386819355967745 8.907870560806462 5.5
    endloop
  endfacet
  facet normal 0 0 -1
    outer loop
      vertex -46.34157298411831 8.381710503598313 5.5
      vertex -46.19643064549108 8.860180671464418 5.5
      vertex -46.20297485145237 8.33211929876693 5.5
    endloop
  endfacet
  facet normal 0 0 -1
    outer loop
      vertex -46.34157298411831 8.381710503598313 5.5
      vertex -46.48436451697581 8.417477920604846 5.5
      vertex -46.386819355967745 8.907870560806462 5.5
    endloop
  endfacet
  facet normal 0 0 -1
    outer loop
      vertex -46.069904894761 8.269181896522532 5.5
      vertex -46.20297485145237 8.33211929876693 5.5
      vertex -46.19643064549108 8.860180671464418 5.5
    endloop
  endfacet
  facet normal 0 0 -1
    outer loop
      vertex -46.069904894761 8.269181896522532 5.5
      vertex -46.19643064549108 8.860180671464418 5.5
      vertex -46.01163313526982 8.794059065022573 5.5
    endloop
  endfacet
  facet normal 0 0 -1
    outer loop
      vertex -46.34157298411831 8.381710503598313 5.5
      vertex -46.386819355967745 8.907870560806462 5.5
      vertex -46.19643064549108 8.860180671464418 5.5
    endloop
  endfacet
  facet normal 0 0 -1
    outer loop
      vertex -45.71633982822018 8.006960171779822 5.5
      vertex -45.82541007375453 8.105815680044106 5.5
      vertex -45.6658595339608 8.60923922460509 5.5
    endloop
  endfacet
  facet normal 0 0 -1
    outer loop
      vertex -45.61748431995589 7.897889926245468 5.5
      vertex -45.71633982822018 8.006960171779822 5.5
      vertex -45.6658595339608 8.60923922460509 5.5
    endloop
  endfacet
  facet normal 0 0 -1
    outer loop
      vertex -45.82541007375453 8.105815680044106 5.5
      vertex -45.943644650470596 8.193504418453818 5.5
      vertex -45.834206526348005 8.71014252869671 5.5
    endloop
  endfacet
  facet normal 0 0 -1
    outer loop
      vertex -45.61748431995589 7.897889926245468 5.5
      vertex -45.6658595339608 8.60923922460509 5.5
      vertex -45.50821343167271 8.492320906725475 5.5
    endloop
  endfacet
  facet normal 0 0 -1
    outer loop
      vertex -45.45411810347747 7.653395105238996 5.5
      vertex -45.50821343167271 8.492320906725475 5.5
      vertex -45.36278643762691 8.360513562373095 5.5
    endloop
  endfacet
  facet normal 0 0 -1
    outer loop
      vertex -45.82541007375453 8.105815680044106 5.5
      vertex -45.834206526348005 8.71014252869671 5.5
      vertex -45.6658595339608 8.60923922460509 5.5
    endloop
  endfacet
  facet normal 0 0 -1
    outer loop
      vertex -45.943644650470596 8.193504418453818 5.5
      vertex -46.01163313526982 8.794059065022573 5.5
      vertex -45.834206526348005 8.71014252869671 5.5
    endloop
  endfacet
  facet normal -0.9987954562051722 -0.04906767432742444 0
    outer loop
      vertex -48.76736945334439 6.750265719340879 5.5
      vertex -48.76736945334439 6.750265719340879 7.01
      vertex -48.777 6.9463 5.5
    endloop
  endfacet
  facet normal -0.9987954562051722 0.04906767432742444 -3.520725049357343e-19
    outer loop
      vertex -48.777 6.9463 5.5
      vertex -48.76736945334439 7.142334280659121 7.01
      vertex -48.76736945334439 7.142334280659121 5.5
    endloop
  endfacet
  facet normal -0.9891765099647847 -0.14673047445533757 0
    outer loop
      vertex -48.738570560806465 6.556119355967743 5.5
      vertex -48.738570560806465 6.556119355967743 7.01
      vertex -48.76736945334439 6.750265719340879 5.5
    endloop
  endfacet
  facet normal -0.9891765099647847 0.14673047445533757 -2.9535249442353318e-19
    outer loop
      vertex -48.76736945334439 7.142334280659121 5.5
      vertex -48.738570560806465 7.336480644032257 7.01
      vertex -48.738570560806465 7.336480644032257 5.5
    endloop
  endfacet
  facet normal -0.9700312531945413 0.2429801799032748 -4.578255415041924e-19
    outer loop
      vertex -48.738570560806465 7.336480644032257 5.5
      vertex -48.69088067146442 7.526869354508925 7.01
      vertex -48.69088067146442 7.526869354508925 5.5
    endloop
  endfacet
  facet normal -0.9415440651830163 0.33688985339223276 0
    outer loop
      vertex -48.69088067146442 7.526869354508925 5.5
      vertex -48.69088067146442 7.526869354508925 7.01
      vertex -48.62475906502257 7.711666864730179 5.5
    endloop
  endfacet
  facet normal -0.9039892931234527 0.4275550934302625 -1.056519774657496e-18
    outer loop
      vertex -48.62475906502257 7.711666864730179 5.5
      vertex -48.540842528696714 7.889093473651995 7.01
      vertex -48.540842528696714 7.889093473651995 5.5
    endloop
  endfacet
  facet normal -0.8577286100002621 0.5141027441932383 -4.301714058533865e-18
    outer loop
      vertex -48.540842528696714 7.889093473651995 5.5
      vertex -48.43993922460509 8.057440466039203 7.01
      vertex -48.43993922460509 8.057440466039203 5.5
    endloop
  endfacet
  facet normal 0.8577286100002621 0.5141027441932383 4.301714058533865e-18
    outer loop
      vertex -45.01315747130329 7.889093473651995 5.5
      vertex -45.11406077539491 8.057440466039203 5.5
      vertex -45.11406077539491 8.057440466039203 7.01
    endloop
  endfacet
  facet normal -0.803207531480647 0.5956993044924304 0
    outer loop
      vertex -48.43993922460509 8.057440466039203 5.5
      vertex -48.43993922460509 8.057440466039203 7.01
      vertex -48.323020906725475 8.21508656832729 5.5
    endloop
  endfacet
  facet normal -0.7409511253549533 0.671558954847025 -4.795719475497823e-18
    outer loop
      vertex -48.323020906725475 8.21508656832729 5.5
      vertex -48.19121356237309 8.360513562373095 7.01
      vertex -48.19121356237309 8.360513562373095 5.5
    endloop
  endfacet
  facet normal -0.6715589548470334 0.7409511253549455 -3.797175226374022e-18
    outer loop
      vertex -48.19121356237309 8.360513562373095 5.5
      vertex -48.045786568327294 8.492320906725475 7.01
      vertex -48.045786568327294 8.492320906725475 5.5
    endloop
  endfacet
  facet normal -0.5956993044924218 0.8032075314806535 -2.485097535169597e-18
    outer loop
      vertex -48.045786568327294 8.492320906725475 5.5
      vertex -47.888140466039204 8.60923922460509 7.01
      vertex -47.888140466039204 8.60923922460509 5.5
    endloop
  endfacet
  facet normal -0.514102744193229 0.8577286100002678 -4.884838091919773e-18
    outer loop
      vertex -47.888140466039204 8.60923922460509 5.5
      vertex -47.719793473652 8.71014252869671 7.01
      vertex -47.719793473652 8.71014252869671 5.5
    endloop
  endfacet
  facet normal -0.4275550934302825 0.9039892931234432 1.7173126593050229e-18
    outer loop
      vertex -47.719793473652 8.71014252869671 5.5
      vertex -47.542366864730184 8.794059065022573 7.01
      vertex -47.542366864730184 8.794059065022573 5.5
    endloop
  endfacet
  facet normal -0.33688985339221755 0.9415440651830217 -2.151623510200445e-18
    outer loop
      vertex -47.542366864730184 8.794059065022573 5.5
      vertex -47.357569354508925 8.860180671464418 7.01
      vertex -47.357569354508925 8.860180671464418 5.5
    endloop
  endfacet
  facet normal -0.24298017990326626 0.9700312531945433 -2.1221997434410996e-19
    outer loop
      vertex -47.357569354508925 8.860180671464418 5.5
      vertex -47.16718064403226 8.907870560806462 7.01
      vertex -47.16718064403226 8.907870560806462 5.5
    endloop
  endfacet
  facet normal -0.14673047445535525 0.9891765099647819 0
    outer loop
      vertex -47.16718064403226 8.907870560806462 5.5
      vertex -47.16718064403226 8.907870560806462 7.01
      vertex -46.97303428065912 8.936669453344393 5.5
    endloop
  endfacet
  facet normal 0.33688985339221755 0.9415440651830217 0
    outer loop
      vertex -46.01163313526982 8.794059065022573 5.5
      vertex -46.19643064549108 8.860180671464418 5.5
      vertex -46.01163313526982 8.794059065022573 7.01
    endloop
  endfacet
  facet normal 0.803207531480647 0.5956993044924304 0
    outer loop
      vertex -45.11406077539491 8.057440466039203 5.5
      vertex -45.23097909327453 8.21508656832729 5.5
      vertex -45.11406077539491 8.057440466039203 7.01
    endloop
  endfacet
  facet normal 0.7409511253549533 0.671558954847025 0
    outer loop
      vertex -45.23097909327453 8.21508656832729 5.5
      vertex -45.36278643762691 8.360513562373095 5.5
      vertex -45.23097909327453 8.21508656832729 7.01
    endloop
  endfacet
  facet normal 0.6715589548470334 0.7409511253549455 0
    outer loop
      vertex -45.50821343167271 8.492320906725475 5.5
      vertex -45.50821343167271 8.492320906725475 7.01
      vertex -45.36278643762691 8.360513562373095 5.5
    endloop
  endfacet
  facet normal 0.514102744193229 0.8577286100002678 0
    outer loop
      vertex -45.6658595339608 8.60923922460509 5.5
      vertex -45.834206526348005 8.71014252869671 5.5
      vertex -45.6658595339608 8.60923922460509 7.01
    endloop
  endfacet
  facet normal 0.5956993044924218 0.8032075314806535 0
    outer loop
      vertex -45.50821343167271 8.492320906725475 5.5
      vertex -45.6658595339608 8.60923922460509 5.5
      vertex -45.50821343167271 8.492320906725475 7.01
    endloop
  endfacet
  facet normal 0.4275550934302825 0.9039892931234432 0
    outer loop
      vertex -45.834206526348005 8.71014252869671 5.5
      vertex -46.01163313526982 8.794059065022573 5.5
      vertex -45.834206526348005 8.71014252869671 7.01
    endloop
  endfacet
  facet normal -0.04906767432742467 0.9987954562051722 5.273963962770048e-20
    outer loop
      vertex -46.97303428065912 8.936669453344393 5.5
      vertex -46.777 8.9463 7.01
      vertex -46.777 8.9463 5.5
    endloop
  endfacet
  facet normal 0.04906767432742467 0.9987954562051722 -5.273963962770048e-20
    outer loop
      vertex -46.777 8.9463 5.5
      vertex -46.58096571934088 8.936669453344393 7.01
      vertex -46.58096571934088 8.936669453344393 5.5
    endloop
  endfacet
  facet normal 0.14673047445535525 0.9891765099647819 -3.5876215973726816e-19
    outer loop
      vertex -46.386819355967745 8.907870560806462 5.5
      vertex -46.58096571934088 8.936669453344393 5.5
      vertex -46.58096571934088 8.936669453344393 7.01
    endloop
  endfacet
  facet normal 0.24298017990326626 0.9700312531945433 2.1221997434410996e-19
    outer loop
      vertex -46.386819355967745 8.907870560806462 5.5
      vertex -46.19643064549108 8.860180671464418 7.01
      vertex -46.19643064549108 8.860180671464418 5.5
    endloop
  endfacet
  facet normal 0.9039892931234527 -0.4275550934302625 0
    outer loop
      vertex -45.01315747130329 6.003506526348005 5.5
      vertex -44.92924093497743 6.180933135269821 5.5
      vertex -45.01315747130329 6.003506526348005 7.01
    endloop
  endfacet
  facet normal 0.9415440651830163 -0.33688985339223276 0
    outer loop
      vertex -44.92924093497743 6.180933135269821 5.5
      vertex -44.86311932853558 6.365730645491075 5.5
      vertex -44.92924093497743 6.180933135269821 7.01
    endloop
  endfacet
  facet normal 0.9700312531945413 -0.2429801799032748 0
    outer loop
      vertex -44.86311932853558 6.365730645491075 5.5
      vertex -44.81542943919354 6.556119355967743 5.5
      vertex -44.86311932853558 6.365730645491075 7.01
    endloop
  endfacet
  facet normal 0 0 -1
    outer loop
      vertex -45.01315747130329 6.003506526348005 5.5
      vertex -44.92924093497743 7.711666864730179 5.5
      vertex -44.92924093497743 6.180933135269821 5.5
    endloop
  endfacet
  facet normal 0 0 -1
    outer loop
      vertex -44.92924093497743 6.180933135269821 5.5
      vertex -44.86311932853558 7.526869354508925 5.5
      vertex -44.86311932853558 6.365730645491075 5.5
    endloop
  endfacet
  facet normal 0 0 -1
    outer loop
      vertex -44.86311932853558 6.365730645491075 5.5
      vertex -44.81542943919354 7.336480644032257 5.5
      vertex -44.81542943919354 6.556119355967743 5.5
    endloop
  endfacet
  facet normal 0 0 -1
    outer loop
      vertex -44.81542943919354 6.556119355967743 5.5
      vertex -44.78663054665561 7.142334280659121 5.5
      vertex -44.78663054665561 6.750265719340879 5.5
    endloop
  endfacet
  facet normal 0 0 -1
    outer loop
      vertex -44.78663054665561 6.750265719340879 5.5
      vertex -44.78663054665561 7.142334280659121 5.5
      vertex -44.777 6.9463 5.5
    endloop
  endfacet
  facet normal 0 0 -1
    outer loop
      vertex -44.81542943919354 6.556119355967743 5.5
      vertex -44.81542943919354 7.336480644032257 5.5
      vertex -44.78663054665561 7.142334280659121 5.5
    endloop
  endfacet
  facet normal 0 0 -1
    outer loop
      vertex -44.92924093497743 6.180933135269821 5.5
      vertex -44.92924093497743 7.711666864730179 5.5
      vertex -44.86311932853558 7.526869354508925 5.5
    endloop
  endfacet
  facet normal 0 0 -1
    outer loop
      vertex -44.86311932853558 6.365730645491075 5.5
      vertex -44.86311932853558 7.526869354508925 5.5
      vertex -44.81542943919354 7.336480644032257 5.5
    endloop
  endfacet
  facet normal 0 0 -1
    outer loop
      vertex -45.01315747130329 6.003506526348005 5.5
      vertex -45.01315747130329 7.889093473651995 5.5
      vertex -44.92924093497743 7.711666864730179 5.5
    endloop
  endfacet
  facet normal 0.9891765099647847 -0.14673047445533757 0
    outer loop
      vertex -44.81542943919354 6.556119355967743 5.5
      vertex -44.78663054665561 6.750265719340879 5.5
      vertex -44.81542943919354 6.556119355967743 7.01
    endloop
  endfacet
  facet normal 0.9987954562051722 -0.04906767432742444 0
    outer loop
      vertex -44.78663054665561 6.750265719340879 5.5
      vertex -44.777 6.9463 5.5
      vertex -44.78663054665561 6.750265719340879 7.01
    endloop
  endfacet
  facet normal 0.9987954562051722 0.04906767432742444 0
    outer loop
      vertex -44.777 6.9463 5.5
      vertex -44.78663054665561 7.142334280659121 5.5
      vertex -44.777 6.9463 7.01
    endloop
  endfacet
  facet normal 0.9891765099647847 0.14673047445533757 0
    outer loop
      vertex -44.78663054665561 7.142334280659121 5.5
      vertex -44.81542943919354 7.336480644032257 5.5
      vertex -44.78663054665561 7.142334280659121 7.01
    endloop
  endfacet
  facet normal 0.9700312531945413 0.2429801799032748 4.578255415041924e-19
    outer loop
      vertex -44.81542943919354 7.336480644032257 5.5
      vertex -44.86311932853558 7.526869354508925 5.5
      vertex -44.86311932853558 7.526869354508925 7.01
    endloop
  endfacet
  facet normal 0.9415440651830163 0.33688985339223276 0
    outer loop
      vertex -44.86311932853558 7.526869354508925 5.5
      vertex -44.92924093497743 7.711666864730179 5.5
      vertex -44.86311932853558 7.526869354508925 7.01
    endloop
  endfacet
  facet normal 0.9039892931234527 0.4275550934302625 0
    outer loop
      vertex -44.92924093497743 7.711666864730179 5.5
      vertex -45.01315747130329 7.889093473651995 5.5
      vertex -44.92924093497743 7.711666864730179 7.01
    endloop
  endfacet
  facet normal -0.5956993044924247 -0.8032075314806514 0
    outer loop
      vertex -47.888140466039204 5.283360775394909 5.5
      vertex -47.888140466039204 5.283360775394909 7.01
      vertex -48.045786568327294 5.400279093274526 7.01
    endloop
  endfacet
  facet normal -0.671558954847031 -0.7409511253549478 0
    outer loop
      vertex -48.19121356237309 5.532086437626905 5.5
      vertex -48.045786568327294 5.400279093274526 7.01
      vertex -48.19121356237309 5.532086437626905 7.01
    endloop
  endfacet
  facet normal -0.7409511253549533 -0.671558954847025 0
    outer loop
      vertex -48.323020906725475 5.677513431672709 5.5
      vertex -48.19121356237309 5.532086437626905 7.01
      vertex -48.323020906725475 5.677513431672709 7.01
    endloop
  endfacet
  facet normal -0.4275550934302862 -0.9039892931234415 0
    outer loop
      vertex -47.542366864730184 5.098540934977427 5.5
      vertex -47.542366864730184 5.098540934977427 7.01
      vertex -47.719793473652 5.18245747130329 7.01
    endloop
  endfacet
  facet normal -0.5141027441932257 -0.8577286100002697 0
    outer loop
      vertex -47.719793473652 5.18245747130329 5.5
      vertex -47.719793473652 5.18245747130329 7.01
      vertex -47.888140466039204 5.283360775394909 7.01
    endloop
  endfacet
  facet normal -0.33688985339221755 -0.9415440651830217 0
    outer loop
      vertex -47.357569354508925 5.032419328535582 5.5
      vertex -47.357569354508925 5.032419328535582 7.01
      vertex -47.542366864730184 5.098540934977427 7.01
    endloop
  endfacet
  facet normal -0.24298017990326204 -0.9700312531945444 0
    outer loop
      vertex -47.16718064403226 4.984729439193539 5.5
      vertex -47.16718064403226 4.984729439193539 7.01
      vertex -47.357569354508925 5.032419328535582 7.01
    endloop
  endfacet
  facet normal -0.1467304744553597 -0.9891765099647813 0
    outer loop
      vertex -46.97303428065912 4.9559305466556065 5.5
      vertex -46.97303428065912 4.9559305466556065 7.01
      vertex -47.16718064403226 4.984729439193539 7.01
    endloop
  endfacet
  facet normal -0.049067674327420145 -0.9987954562051722 0
    outer loop
      vertex -46.97303428065912 4.9559305466556065 5.5
      vertex -46.777 4.9463 7.01
      vertex -46.97303428065912 4.9559305466556065 7.01
    endloop
  endfacet
  facet normal -0.8032075314806456 -0.5956993044924326 0
    outer loop
      vertex -48.43993922460509 5.835159533960796 5.5
      vertex -48.323020906725475 5.677513431672709 7.01
      vertex -48.43993922460509 5.835159533960796 7.01
    endloop
  endfacet
  facet normal -0.8577286100002635 -0.5141027441932363 0
    outer loop
      vertex -48.540842528696714 6.003506526348005 5.5
      vertex -48.43993922460509 5.835159533960796 7.01
      vertex -48.540842528696714 6.003506526348005 7.01
    endloop
  endfacet
  facet normal -0.9039892931234527 -0.4275550934302625 0
    outer loop
      vertex -48.62475906502257 6.180933135269821 5.5
      vertex -48.540842528696714 6.003506526348005 7.01
      vertex -48.62475906502257 6.180933135269821 7.01
    endloop
  endfacet
  facet normal -0.9415440651830163 -0.33688985339223276 0
    outer loop
      vertex -48.69088067146442 6.365730645491075 5.5
      vertex -48.62475906502257 6.180933135269821 7.01
      vertex -48.69088067146442 6.365730645491075 7.01
    endloop
  endfacet
  facet normal 0.049067674327420145 -0.9987954562051722 0
    outer loop
      vertex -46.777 4.9463 5.5
      vertex -46.58096571934088 4.9559305466556065 7.01
      vertex -46.777 4.9463 7.01
    endloop
  endfacet
  facet normal 0.1467304744553597 -0.9891765099647813 0
    outer loop
      vertex -46.58096571934088 4.9559305466556065 5.5
      vertex -46.386819355967745 4.984729439193539 7.01
      vertex -46.58096571934088 4.9559305466556065 7.01
    endloop
  endfacet
  facet normal 0.24298017990326204 -0.9700312531945444 0
    outer loop
      vertex -46.386819355967745 4.984729439193539 5.5
      vertex -46.19643064549108 5.032419328535582 7.01
      vertex -46.386819355967745 4.984729439193539 7.01
    endloop
  endfacet
  facet normal 0.33688985339221755 -0.9415440651830217 0
    outer loop
      vertex -46.19643064549108 5.032419328535582 5.5
      vertex -46.01163313526982 5.098540934977427 7.01
      vertex -46.19643064549108 5.032419328535582 7.01
    endloop
  endfacet
  facet normal 0.4275550934302862 -0.9039892931234415 0
    outer loop
      vertex -46.01163313526982 5.098540934977427 5.5
      vertex -45.834206526348005 5.18245747130329 7.01
      vertex -46.01163313526982 5.098540934977427 7.01
    endloop
  endfacet
  facet normal 0.5141027441932257 -0.8577286100002697 0
    outer loop
      vertex -45.834206526348005 5.18245747130329 5.5
      vertex -45.6658595339608 5.283360775394909 7.01
      vertex -45.834206526348005 5.18245747130329 7.01
    endloop
  endfacet
  facet normal 0.5956993044924247 -0.8032075314806514 0
    outer loop
      vertex -45.6658595339608 5.283360775394909 5.5
      vertex -45.50821343167271 5.400279093274526 7.01
      vertex -45.6658595339608 5.283360775394909 7.01
    endloop
  endfacet
  facet normal 0.671558954847031 -0.7409511253549478 0
    outer loop
      vertex -45.50821343167271 5.400279093274526 5.5
      vertex -45.36278643762691 5.532086437626905 7.01
      vertex -45.50821343167271 5.400279093274526 7.01
    endloop
  endfacet
  facet normal 0.7409511253549533 -0.671558954847025 0
    outer loop
      vertex -45.36278643762691 5.532086437626905 5.5
      vertex -45.23097909327453 5.677513431672709 7.01
      vertex -45.36278643762691 5.532086437626905 7.01
    endloop
  endfacet
  facet normal 0.8032075314806456 -0.5956993044924326 0
    outer loop
      vertex -45.11406077539491 5.835159533960796 5.5
      vertex -45.11406077539491 5.835159533960796 7.01
      vertex -45.23097909327453 5.677513431672709 7.01
    endloop
  endfacet
  facet normal 0.8577286100002635 -0.5141027441932363 0
    outer loop
      vertex -45.01315747130329 6.003506526348005 5.5
      vertex -45.01315747130329 6.003506526348005 7.01
      vertex -45.11406077539491 5.835159533960796 7.01
    endloop
  endfacet
  facet normal 0 0 1
    outer loop
      vertex -48.0415572797662 5.405432496296944 7.01
      vertex -47.888140466039204 5.283360775394909 7.01
      vertex -47.88443666448574 5.288903906143593 7.01
    endloop
  endfacet
  facet normal 0 0 1
    outer loop
      vertex -47.719793473652 5.18245747130329 7.01
      vertex -47.88443666448574 5.288903906143593 7.01
      vertex -47.888140466039204 5.283360775394909 7.01
    endloop
  endfacet
  facet normal 0 0 1
    outer loop
      vertex -48.045786568327294 5.400279093274526 7.01
      vertex -47.888140466039204 5.283360775394909 7.01
      vertex -48.0415572797662 5.405432496296944 7.01
    endloop
  endfacet
  facet normal 0 0 1
    outer loop
      vertex -48.045786568327294 5.400279093274526 7.01
      vertex -48.0415572797662 5.405432496296944 7.01
      vertex -48.18649951716519 5.536800482834815 7.01
    endloop
  endfacet
  facet normal 0 0 1
    outer loop
      vertex -48.045786568327294 5.400279093274526 7.01
      vertex -48.18649951716519 5.536800482834815 7.01
      vertex -48.19121356237309 5.532086437626905 7.01
    endloop
  endfacet
  facet normal 0 0 1
    outer loop
      vertex -48.19121356237309 5.532086437626905 7.01
      vertex -48.18649951716519 5.536800482834815 7.01
      vertex -48.317867503703056 5.6817427202338 7.01
    endloop
  endfacet
  facet normal 0 0 1
    outer loop
      vertex -48.19121356237309 5.532086437626905 7.01
      vertex -48.317867503703056 5.6817427202338 7.01
      vertex -48.323020906725475 5.677513431672709 7.01
    endloop
  endfacet
  facet normal 0 0 1
    outer loop
      vertex -47.542366864730184 5.098540934977427 7.01
      vertex -47.539815641847746 5.1047001318608345 7.01
      vertex -47.71665082873982 5.1883369463989455 7.01
    endloop
  endfacet
  facet normal 0 0 1
    outer loop
      vertex -47.719793473652 5.18245747130329 7.01
      vertex -47.71665082873982 5.1883369463989455 7.01
      vertex -47.88443666448574 5.288903906143593 7.01
    endloop
  endfacet
  facet normal 0 0 1
    outer loop
      vertex -47.542366864730184 5.098540934977427 7.01
      vertex -47.71665082873982 5.1883369463989455 7.01
      vertex -47.719793473652 5.18245747130329 7.01
    endloop
  endfacet
  facet normal 0 0 1
    outer loop
      vertex -47.357569354508925 5.032419328535582 7.01
      vertex -47.539815641847746 5.1047001318608345 7.01
      vertex -47.542366864730184 5.098540934977427 7.01
    endloop
  endfacet
  facet normal 0 0 1
    outer loop
      vertex -47.357569354508925 5.032419328535582 7.01
      vertex -47.35563412332723 5.0387989307737975 7.01
      vertex -47.539815641847746 5.1047001318608345 7.01
    endloop
  endfacet
  facet normal 0 0 1
    outer loop
      vertex -47.16718064403226 4.984729439193539 7.01
      vertex -47.16588004188549 4.991268007729561 7.01
      vertex -47.35563412332723 5.0387989307737975 7.01
    endloop
  endfacet
  facet normal 0 0 1
    outer loop
      vertex -47.16718064403226 4.984729439193539 7.01
      vertex -47.35563412332723 5.0387989307737975 7.01
      vertex -47.357569354508925 5.032419328535582 7.01
    endloop
  endfacet
  facet normal 0 0 1
    outer loop
      vertex -47.16718064403226 4.984729439193539 7.01
      vertex -46.97303428065912 4.9559305466556065 7.01
      vertex -47.16588004188549 4.991268007729561 7.01
    endloop
  endfacet
  facet normal 0 0 1
    outer loop
      vertex -47.16588004188549 4.991268007729561 7.01
      vertex -46.97303428065912 4.9559305466556065 7.01
      vertex -46.972380833056924 4.962565111500087 7.01
    endloop
  endfacet
  facet normal 0 0 1
    outer loop
      vertex -46.97303428065912 4.9559305466556065 7.01
      vertex -46.777 4.9463 7.01
      vertex -46.972380833056924 4.962565111500087 7.01
    endloop
  endfacet
  facet normal 0 0 1
    outer loop
      vertex -48.323020906725475 5.677513431672709 7.01
      vertex -48.317867503703056 5.6817427202338 7.01
      vertex -48.43439609385641 5.83886333551426 7.01
    endloop
  endfacet
  facet normal 0 0 1
    outer loop
      vertex -48.323020906725475 5.677513431672709 7.01
      vertex -48.43439609385641 5.83886333551426 7.01
      vertex -48.43993922460509 5.835159533960796 7.01
    endloop
  endfacet
  facet normal 0 0 1
    outer loop
      vertex -48.43993922460509 5.835159533960796 7.01
      vertex -48.43439609385641 5.83886333551426 7.01
      vertex -48.534963053601054 6.006649171260178 7.01
    endloop
  endfacet
  facet normal 0 0 1
    outer loop
      vertex -48.43993922460509 5.835159533960796 7.01
      vertex -48.534963053601054 6.006649171260178 7.01
      vertex -48.540842528696714 6.003506526348005 7.01
    endloop
  endfacet
  facet normal 0 0 1
    outer loop
      vertex -48.540842528696714 6.003506526348005 7.01
      vertex -48.534963053601054 6.006649171260178 7.01
      vertex -48.618599868139164 6.1834843581522545 7.01
    endloop
  endfacet
  facet normal 0 0 1
    outer loop
      vertex -48.540842528696714 6.003506526348005 7.01
      vertex -48.618599868139164 6.1834843581522545 7.01
      vertex -48.62475906502257 6.180933135269821 7.01
    endloop
  endfacet
  facet normal 0 0 1
    outer loop
      vertex -48.62475906502257 6.180933135269821 7.01
      vertex -48.618599868139164 6.1834843581522545 7.01
      vertex -48.6845010692262 6.367665876672771 7.01
    endloop
  endfacet
  facet normal 0 0 1
    outer loop
      vertex -48.62475906502257 6.180933135269821 7.01
      vertex -48.6845010692262 6.367665876672771 7.01
      vertex -48.69088067146442 6.365730645491075 7.01
    endloop
  endfacet
  facet normal 0 0 1
    outer loop
      vertex -48.69088067146442 6.365730645491075 7.01
      vertex -48.6845010692262 6.367665876672771 7.01
      vertex -48.73203199227044 6.557419958114518 7.01
    endloop
  endfacet
  facet normal 0 0 1
    outer loop
      vertex -46.972380833056924 4.962565111500087 7.01
      vertex -46.777 4.9463 7.01
      vertex -46.777 4.952966666666667 7.01
    endloop
  endfacet
  facet normal 0 0 1
    outer loop
      vertex -46.777 4.9463 7.01
      vertex -46.58096571934088 4.9559305466556065 7.01
      vertex -46.777 4.952966666666667 7.01
    endloop
  endfacet
  facet normal 0 0 1
    outer loop
      vertex -46.777 4.952966666666667 7.01
      vertex -46.58096571934088 4.9559305466556065 7.01
      vertex -46.58161916694308 4.962565111500087 7.01
    endloop
  endfacet
  facet normal 0 0 1
    outer loop
      vertex -46.58096571934088 4.9559305466556065 7.01
      vertex -46.386819355967745 4.984729439193539 7.01
      vertex -46.58161916694308 4.962565111500087 7.01
    endloop
  endfacet
  facet normal 0 0 1
    outer loop
      vertex -46.58161916694308 4.962565111500087 7.01
      vertex -46.386819355967745 4.984729439193539 7.01
      vertex -46.388119958114515 4.991268007729561 7.01
    endloop
  endfacet
  facet normal 0 0 1
    outer loop
      vertex -46.386819355967745 4.984729439193539 7.01
      vertex -46.19643064549108 5.032419328535582 7.01
      vertex -46.388119958114515 4.991268007729561 7.01
    endloop
  endfacet
  facet normal 0 0 1
    outer loop
      vertex -46.388119958114515 4.991268007729561 7.01
      vertex -46.19643064549108 5.032419328535582 7.01
      vertex -46.198365876672774 5.0387989307737975 7.01
    endloop
  endfacet
  facet normal 0 0 1
    outer loop
      vertex -46.19643064549108 5.032419328535582 7.01
      vertex -46.01163313526982 5.098540934977427 7.01
      vertex -46.198365876672774 5.0387989307737975 7.01
    endloop
  endfacet
  facet normal 0 0 1
    outer loop
      vertex -46.198365876672774 5.0387989307737975 7.01
      vertex -46.01163313526982 5.098540934977427 7.01
      vertex -46.01418435815226 5.1047001318608345 7.01
    endloop
  endfacet
  facet normal 0 0 1
    outer loop
      vertex -46.01163313526982 5.098540934977427 7.01
      vertex -45.834206526348005 5.18245747130329 7.01
      vertex -46.01418435815226 5.1047001318608345 7.01
    endloop
  endfacet
  facet normal 0 0 1
    outer loop
      vertex -46.01418435815226 5.1047001318608345 7.01
      vertex -45.834206526348005 5.18245747130329 7.01
      vertex -45.83734917126018 5.1883369463989455 7.01
    endloop
  endfacet
  facet normal 0 0 1
    outer loop
      vertex -45.834206526348005 5.18245747130329 7.01
      vertex -45.6658595339608 5.283360775394909 7.01
      vertex -45.83734917126018 5.1883369463989455 7.01
    endloop
  endfacet
  facet normal 0 0 1
    outer loop
      vertex -45.83734917126018 5.1883369463989455 7.01
      vertex -45.6658595339608 5.283360775394909 7.01
      vertex -45.66956333551426 5.288903906143593 7.01
    endloop
  endfacet
  facet normal 0 0 1
    outer loop
      vertex -45.6658595339608 5.283360775394909 7.01
      vertex -45.50821343167271 5.400279093274526 7.01
      vertex -45.66956333551426 5.288903906143593 7.01
    endloop
  endfacet
  facet normal 0 0 1
    outer loop
      vertex -45.66956333551426 5.288903906143593 7.01
      vertex -45.50821343167271 5.400279093274526 7.01
      vertex -45.5124427202338 5.405432496296944 7.01
    endloop
  endfacet
  facet normal 0 0 1
    outer loop
      vertex -45.50821343167271 5.400279093274526 7.01
      vertex -45.36278643762691 5.532086437626905 7.01
      vertex -45.5124427202338 5.405432496296944 7.01
    endloop
  endfacet
  facet normal 0 0 1
    outer loop
      vertex -45.5124427202338 5.405432496296944 7.01
      vertex -45.36278643762691 5.532086437626905 7.01
      vertex -45.367500482834814 5.536800482834815 7.01
    endloop
  endfacet
  facet normal 0 0 1
    outer loop
      vertex -45.367500482834814 5.536800482834815 7.01
      vertex -45.36278643762691 5.532086437626905 7.01
      vertex -45.23097909327453 5.677513431672709 7.01
    endloop
  endfacet
  facet normal 0 0 1
    outer loop
      vertex -45.367500482834814 5.536800482834815 7.01
      vertex -45.23097909327453 5.677513431672709 7.01
      vertex -45.236132496296946 5.6817427202338 7.01
    endloop
  endfacet
  facet normal 0 0 1
    outer loop
      vertex -45.23097909327453 5.677513431672709 7.01
      vertex -45.11406077539491 5.835159533960796 7.01
      vertex -45.236132496296946 5.6817427202338 7.01
    endloop
  endfacet
  facet normal 0 0 1
    outer loop
      vertex -45.236132496296946 5.6817427202338 7.01
      vertex -45.11406077539491 5.835159533960796 7.01
      vertex -45.119603906143595 5.83886333551426 7.01
    endloop
  endfacet
  facet normal 0 0 1
    outer loop
      vertex -45.11406077539491 5.835159533960796 7.01
      vertex -45.01315747130329 6.003506526348005 7.01
      vertex -45.119603906143595 5.83886333551426 7.01
    endloop
  endfacet
  facet normal 0 0 1
    outer loop
      vertex -45.119603906143595 5.83886333551426 7.01
      vertex -45.01315747130329 6.003506526348005 7.01
      vertex -45.01903694639895 6.006649171260178 7.01
    endloop
  endfacet
  facet normal -0.9891765099647847 -0.14673047445533757 0
    outer loop
      vertex -48.76736945334439 6.750265719340879 5.5
      vertex -48.738570560806465 6.556119355967743 7.01
      vertex -48.76736945334439 6.750265719340879 7.01
    endloop
  endfacet
  facet normal -0.9987954562051722 -0.04906767432742444 0
    outer loop
      vertex -48.777 6.9463 5.5
      vertex -48.76736945334439 6.750265719340879 7.01
      vertex -48.777 6.9463 7.01
    endloop
  endfacet
  facet normal -0.9987954562051722 0.04906767432742444 0
    outer loop
      vertex -48.777 6.9463 5.5
      vertex -48.777 6.9463 7.01
      vertex -48.76736945334439 7.142334280659121 7.01
    endloop
  endfacet
  facet normal -0.9891765099647847 0.14673047445533757 0
    outer loop
      vertex -48.76736945334439 7.142334280659121 5.5
      vertex -48.76736945334439 7.142334280659121 7.01
      vertex -48.738570560806465 7.336480644032257 7.01
    endloop
  endfacet
  facet normal -0.9700312531945413 -0.2429801799032748 0
    outer loop
      vertex -48.738570560806465 6.556119355967743 5.5
      vertex -48.69088067146442 6.365730645491075 7.01
      vertex -48.738570560806465 6.556119355967743 7.01
    endloop
  endfacet
  facet normal -0.9700312531945413 0.2429801799032748 0
    outer loop
      vertex -48.738570560806465 7.336480644032257 5.5
      vertex -48.738570560806465 7.336480644032257 7.01
      vertex -48.69088067146442 7.526869354508925 7.01
    endloop
  endfacet
  facet normal -0.9415440651830163 0.33688985339223276 0
    outer loop
      vertex -48.62475906502257 7.711666864730179 5.5
      vertex -48.69088067146442 7.526869354508925 7.01
      vertex -48.62475906502257 7.711666864730179 7.01
    endloop
  endfacet
  facet normal -0.9039892931234527 0.4275550934302625 0
    outer loop
      vertex -48.62475906502257 7.711666864730179 5.5
      vertex -48.62475906502257 7.711666864730179 7.01
      vertex -48.540842528696714 7.889093473651995 7.01
    endloop
  endfacet
  facet normal -0.8577286100002621 0.5141027441932383 0
    outer loop
      vertex -48.540842528696714 7.889093473651995 5.5
      vertex -48.540842528696714 7.889093473651995 7.01
      vertex -48.43993922460509 8.057440466039203 7.01
    endloop
  endfacet
  facet normal 0.8577286100002621 0.5141027441932383 0
    outer loop
      vertex -45.01315747130329 7.889093473651995 5.5
      vertex -45.11406077539491 8.057440466039203 7.01
      vertex -45.01315747130329 7.889093473651995 7.01
    endloop
  endfacet
  facet normal -0.803207531480647 0.5956993044924304 0
    outer loop
      vertex -48.323020906725475 8.21508656832729 5.5
      vertex -48.43993922460509 8.057440466039203 7.01
      vertex -48.323020906725475 8.21508656832729 7.01
    endloop
  endfacet
  facet normal -0.7409511253549533 0.671558954847025 0
    outer loop
      vertex -48.323020906725475 8.21508656832729 5.5
      vertex -48.323020906725475 8.21508656832729 7.01
      vertex -48.19121356237309 8.360513562373095 7.01
    endloop
  endfacet
  facet normal -0.6715589548470334 0.7409511253549455 0
    outer loop
      vertex -48.19121356237309 8.360513562373095 5.5
      vertex -48.19121356237309 8.360513562373095 7.01
      vertex -48.045786568327294 8.492320906725475 7.01
    endloop
  endfacet
  facet normal -0.5956993044924218 0.8032075314806535 0
    outer loop
      vertex -48.045786568327294 8.492320906725475 5.5
      vertex -48.045786568327294 8.492320906725475 7.01
      vertex -47.888140466039204 8.60923922460509 7.01
    endloop
  endfacet
  facet normal -0.514102744193229 0.8577286100002678 0
    outer loop
      vertex -47.888140466039204 8.60923922460509 5.5
      vertex -47.888140466039204 8.60923922460509 7.01
      vertex -47.719793473652 8.71014252869671 7.01
    endloop
  endfacet
  facet normal -0.4275550934302825 0.9039892931234432 0
    outer loop
      vertex -47.719793473652 8.71014252869671 5.5
      vertex -47.719793473652 8.71014252869671 7.01
      vertex -47.542366864730184 8.794059065022573 7.01
    endloop
  endfacet
  facet normal -0.33688985339221755 0.9415440651830217 0
    outer loop
      vertex -47.542366864730184 8.794059065022573 5.5
      vertex -47.542366864730184 8.794059065022573 7.01
      vertex -47.357569354508925 8.860180671464418 7.01
    endloop
  endfacet
  facet normal -0.24298017990326626 0.9700312531945433 0
    outer loop
      vertex -47.357569354508925 8.860180671464418 5.5
      vertex -47.357569354508925 8.860180671464418 7.01
      vertex -47.16718064403226 8.907870560806462 7.01
    endloop
  endfacet
  facet normal -0.14673047445535525 0.9891765099647819 0
    outer loop
      vertex -46.97303428065912 8.936669453344393 5.5
      vertex -47.16718064403226 8.907870560806462 7.01
      vertex -46.97303428065912 8.936669453344393 7.01
    endloop
  endfacet
  facet normal -0.04906767432742467 0.9987954562051722 0
    outer loop
      vertex -46.97303428065912 8.936669453344393 5.5
      vertex -46.97303428065912 8.936669453344393 7.01
      vertex -46.777 8.9463 7.01
    endloop
  endfacet
  facet normal 0.4275550934302825 0.9039892931234432 0
    outer loop
      vertex -46.01163313526982 8.794059065022573 5.5
      vertex -46.01163313526982 8.794059065022573 7.01
      vertex -45.834206526348005 8.71014252869671 7.01
    endloop
  endfacet
  facet normal 0.33688985339221755 0.9415440651830217 0
    outer loop
      vertex -46.19643064549108 8.860180671464418 5.5
      vertex -46.19643064549108 8.860180671464418 7.01
      vertex -46.01163313526982 8.794059065022573 7.01
    endloop
  endfacet
  facet normal 0.803207531480647 0.5956993044924304 0
    outer loop
      vertex -45.23097909327453 8.21508656832729 5.5
      vertex -45.23097909327453 8.21508656832729 7.01
      vertex -45.11406077539491 8.057440466039203 7.01
    endloop
  endfacet
  facet normal 0.7409511253549533 0.671558954847025 0
    outer loop
      vertex -45.36278643762691 8.360513562373095 5.5
      vertex -45.36278643762691 8.360513562373095 7.01
      vertex -45.23097909327453 8.21508656832729 7.01
    endloop
  endfacet
  facet normal 0.6715589548470334 0.7409511253549455 0
    outer loop
      vertex -45.36278643762691 8.360513562373095 5.5
      vertex -45.50821343167271 8.492320906725475 7.01
      vertex -45.36278643762691 8.360513562373095 7.01
    endloop
  endfacet
  facet normal 0.5956993044924218 0.8032075314806535 0
    outer loop
      vertex -45.6658595339608 8.60923922460509 5.5
      vertex -45.6658595339608 8.60923922460509 7.01
      vertex -45.50821343167271 8.492320906725475 7.01
    endloop
  endfacet
  facet normal 0.514102744193229 0.8577286100002678 0
    outer loop
      vertex -45.834206526348005 8.71014252869671 5.5
      vertex -45.834206526348005 8.71014252869671 7.01
      vertex -45.6658595339608 8.60923922460509 7.01
    endloop
  endfacet
  facet normal 0.04906767432742467 0.9987954562051722 0
    outer loop
      vertex -46.777 8.9463 5.5
      vertex -46.777 8.9463 7.01
      vertex -46.58096571934088 8.936669453344393 7.01
    endloop
  endfacet
  facet normal 0.14673047445535525 0.9891765099647819 0
    outer loop
      vertex -46.386819355967745 8.907870560806462 5.5
      vertex -46.58096571934088 8.936669453344393 7.01
      vertex -46.386819355967745 8.907870560806462 7.01
    endloop
  endfacet
  facet normal 0.24298017990326626 0.9700312531945433 0
    outer loop
      vertex -46.386819355967745 8.907870560806462 5.5
      vertex -46.386819355967745 8.907870560806462 7.01
      vertex -46.19643064549108 8.860180671464418 7.01
    endloop
  endfacet
  facet normal 0 0 1
    outer loop
      vertex -48.738570560806465 6.556119355967743 7.01
      vertex -48.76073488849991 6.750919166943076 7.01
      vertex -48.76736945334439 6.750265719340879 7.01
    endloop
  endfacet
  facet normal 0 0 1
    outer loop
      vertex -48.76736945334439 6.750265719340879 7.01
      vertex -48.76073488849991 6.750919166943076 7.01
      vertex -48.77033333333333 6.9463 7.01
    endloop
  endfacet
  facet normal 0 0 1
    outer loop
      vertex -48.76736945334439 6.750265719340879 7.01
      vertex -48.77033333333333 6.9463 7.01
      vertex -48.777 6.9463 7.01
    endloop
  endfacet
  facet normal 0 0 1
    outer loop
      vertex -48.777 6.9463 7.01
      vertex -48.77033333333333 6.9463 7.01
      vertex -48.76073488849991 7.141680833056924 7.01
    endloop
  endfacet
  facet normal 0 0 1
    outer loop
      vertex -48.777 6.9463 7.01
      vertex -48.76073488849991 7.141680833056924 7.01
      vertex -48.76736945334439 7.142334280659121 7.01
    endloop
  endfacet
  facet normal 0 0 1
    outer loop
      vertex -48.76736945334439 7.142334280659121 7.01
      vertex -48.76073488849991 7.141680833056924 7.01
      vertex -48.73203199227044 7.335180041885482 7.01
    endloop
  endfacet
  facet normal 0 0 1
    outer loop
      vertex -48.69088067146442 6.365730645491075 7.01
      vertex -48.73203199227044 6.557419958114518 7.01
      vertex -48.738570560806465 6.556119355967743 7.01
    endloop
  endfacet
  facet normal 0 0 1
    outer loop
      vertex -48.738570560806465 6.556119355967743 7.01
      vertex -48.73203199227044 6.557419958114518 7.01
      vertex -48.76073488849991 6.750919166943076 7.01
    endloop
  endfacet
  facet normal 0 0 1
    outer loop
      vertex -48.76736945334439 7.142334280659121 7.01
      vertex -48.73203199227044 7.335180041885482 7.01
      vertex -48.738570560806465 7.336480644032257 7.01
    endloop
  endfacet
  facet normal 0 0 1
    outer loop
      vertex -48.738570560806465 7.336480644032257 7.01
      vertex -48.73203199227044 7.335180041885482 7.01
      vertex -48.6845010692262 7.524934123327228 7.01
    endloop
  endfacet
  facet normal 0 0 1
    outer loop
      vertex -48.738570560806465 7.336480644032257 7.01
      vertex -48.6845010692262 7.524934123327228 7.01
      vertex -48.69088067146442 7.526869354508925 7.01
    endloop
  endfacet
  facet normal 0 0 1
    outer loop
      vertex -48.69088067146442 7.526869354508925 7.01
      vertex -48.6845010692262 7.524934123327228 7.01
      vertex -48.618599868139164 7.709115641847745 7.01
    endloop
  endfacet
  facet normal 0 0 1
    outer loop
      vertex -48.69088067146442 7.526869354508925 7.01
      vertex -48.618599868139164 7.709115641847745 7.01
      vertex -48.62475906502257 7.711666864730179 7.01
    endloop
  endfacet
  facet normal 0 0 1
    outer loop
      vertex -48.62475906502257 7.711666864730179 7.01
      vertex -48.618599868139164 7.709115641847745 7.01
      vertex -48.534963053601054 7.885950828739822 7.01
    endloop
  endfacet
  facet normal 0 0 1
    outer loop
      vertex -48.62475906502257 7.711666864730179 7.01
      vertex -48.534963053601054 7.885950828739822 7.01
      vertex -48.540842528696714 7.889093473651995 7.01
    endloop
  endfacet
  facet normal 0 0 1
    outer loop
      vertex -48.534963053601054 7.885950828739822 7.01
      vertex -48.43439609385641 8.05373666448574 7.01
      vertex -48.540842528696714 7.889093473651995 7.01
    endloop
  endfacet
  facet normal 0 0 1
    outer loop
      vertex -48.540842528696714 7.889093473651995 7.01
      vertex -48.43439609385641 8.05373666448574 7.01
      vertex -48.43993922460509 8.057440466039203 7.01
    endloop
  endfacet
  facet normal 0 0 1
    outer loop
      vertex -45.01903694639895 7.885950828739822 7.01
      vertex -45.01315747130329 7.889093473651995 7.01
      vertex -45.11406077539491 8.057440466039203 7.01
    endloop
  endfacet
  facet normal 0 0 1
    outer loop
      vertex -45.01903694639895 7.885950828739822 7.01
      vertex -45.11406077539491 8.057440466039203 7.01
      vertex -45.119603906143595 8.05373666448574 7.01
    endloop
  endfacet
  facet normal 0 0 1
    outer loop
      vertex -48.43439609385641 8.05373666448574 7.01
      vertex -48.317867503703056 8.2108572797662 7.01
      vertex -48.43993922460509 8.057440466039203 7.01
    endloop
  endfacet
  facet normal 0 0 1
    outer loop
      vertex -48.43993922460509 8.057440466039203 7.01
      vertex -48.317867503703056 8.2108572797662 7.01
      vertex -48.323020906725475 8.21508656832729 7.01
    endloop
  endfacet
  facet normal 0 0 1
    outer loop
      vertex -48.317867503703056 8.2108572797662 7.01
      vertex -48.18649951716519 8.355799517165185 7.01
      vertex -48.323020906725475 8.21508656832729 7.01
    endloop
  endfacet
  facet normal 0 0 1
    outer loop
      vertex -48.323020906725475 8.21508656832729 7.01
      vertex -48.18649951716519 8.355799517165185 7.01
      vertex -48.19121356237309 8.360513562373095 7.01
    endloop
  endfacet
  facet normal 0 0 1
    outer loop
      vertex -48.19121356237309 8.360513562373095 7.01
      vertex -48.18649951716519 8.355799517165185 7.01
      vertex -48.0415572797662 8.487167503703056 7.01
    endloop
  endfacet
  facet normal 0 0 1
    outer loop
      vertex -48.19121356237309 8.360513562373095 7.01
      vertex -48.0415572797662 8.487167503703056 7.01
      vertex -48.045786568327294 8.492320906725475 7.01
    endloop
  endfacet
  facet normal 0 0 1
    outer loop
      vertex -48.045786568327294 8.492320906725475 7.01
      vertex -48.0415572797662 8.487167503703056 7.01
      vertex -47.88443666448574 8.603696093856406 7.01
    endloop
  endfacet
  facet normal 0 0 1
    outer loop
      vertex -48.045786568327294 8.492320906725475 7.01
      vertex -47.88443666448574 8.603696093856406 7.01
      vertex -47.888140466039204 8.60923922460509 7.01
    endloop
  endfacet
  facet normal 0 0 1
    outer loop
      vertex -47.888140466039204 8.60923922460509 7.01
      vertex -47.88443666448574 8.603696093856406 7.01
      vertex -47.71665082873982 8.704263053601053 7.01
    endloop
  endfacet
  facet normal 0 0 1
    outer loop
      vertex -47.888140466039204 8.60923922460509 7.01
      vertex -47.71665082873982 8.704263053601053 7.01
      vertex -47.719793473652 8.71014252869671 7.01
    endloop
  endfacet
  facet normal 0 0 1
    outer loop
      vertex -47.719793473652 8.71014252869671 7.01
      vertex -47.71665082873982 8.704263053601053 7.01
      vertex -47.539815641847746 8.787899868139165 7.01
    endloop
  endfacet
  facet normal 0 0 1
    outer loop
      vertex -47.719793473652 8.71014252869671 7.01
      vertex -47.539815641847746 8.787899868139165 7.01
      vertex -47.542366864730184 8.794059065022573 7.01
    endloop
  endfacet
  facet normal 0 0 1
    outer loop
      vertex -47.539815641847746 8.787899868139165 7.01
      vertex -47.35563412332723 8.853801069226202 7.01
      vertex -47.542366864730184 8.794059065022573 7.01
    endloop
  endfacet
  facet normal 0 0 1
    outer loop
      vertex -47.542366864730184 8.794059065022573 7.01
      vertex -47.35563412332723 8.853801069226202 7.01
      vertex -47.357569354508925 8.860180671464418 7.01
    endloop
  endfacet
  facet normal 0 0 1
    outer loop
      vertex -47.35563412332723 8.853801069226202 7.01
      vertex -47.16588004188549 8.901331992270439 7.01
      vertex -47.357569354508925 8.860180671464418 7.01
    endloop
  endfacet
  facet normal 0 0 1
    outer loop
      vertex -47.357569354508925 8.860180671464418 7.01
      vertex -47.16588004188549 8.901331992270439 7.01
      vertex -47.16718064403226 8.907870560806462 7.01
    endloop
  endfacet
  facet normal 0 0 1
    outer loop
      vertex -47.16588004188549 8.901331992270439 7.01
      vertex -46.972380833056924 8.930034888499913 7.01
      vertex -47.16718064403226 8.907870560806462 7.01
    endloop
  endfacet
  facet normal 0 0 1
    outer loop
      vertex -47.16718064403226 8.907870560806462 7.01
      vertex -46.972380833056924 8.930034888499913 7.01
      vertex -46.97303428065912 8.936669453344393 7.01
    endloop
  endfacet
  facet normal 0 0 1
    outer loop
      vertex -46.972380833056924 8.930034888499913 7.01
      vertex -46.777 8.939633333333333 7.01
      vertex -46.97303428065912 8.936669453344393 7.01
    endloop
  endfacet
  facet normal 0 0 1
    outer loop
      vertex -45.83734917126018 8.704263053601053 7.01
      vertex -46.01163313526982 8.794059065022573 7.01
      vertex -46.01418435815226 8.787899868139165 7.01
    endloop
  endfacet
  facet normal 0 0 1
    outer loop
      vertex -46.01418435815226 8.787899868139165 7.01
      vertex -46.01163313526982 8.794059065022573 7.01
      vertex -46.19643064549108 8.860180671464418 7.01
    endloop
  endfacet
  facet normal 0 0 1
    outer loop
      vertex -46.01418435815226 8.787899868139165 7.01
      vertex -46.19643064549108 8.860180671464418 7.01
      vertex -46.198365876672774 8.853801069226202 7.01
    endloop
  endfacet
  facet normal 0 0 1
    outer loop
      vertex -45.236132496296946 8.2108572797662 7.01
      vertex -45.23097909327453 8.21508656832729 7.01
      vertex -45.36278643762691 8.360513562373095 7.01
    endloop
  endfacet
  facet normal 0 0 1
    outer loop
      vertex -45.119603906143595 8.05373666448574 7.01
      vertex -45.11406077539491 8.057440466039203 7.01
      vertex -45.23097909327453 8.21508656832729 7.01
    endloop
  endfacet
  facet normal 0 0 1
    outer loop
      vertex -45.119603906143595 8.05373666448574 7.01
      vertex -45.23097909327453 8.21508656832729 7.01
      vertex -45.236132496296946 8.2108572797662 7.01
    endloop
  endfacet
  facet normal 0 0 1
    outer loop
      vertex -45.236132496296946 8.2108572797662 7.01
      vertex -45.36278643762691 8.360513562373095 7.01
      vertex -45.367500482834814 8.355799517165185 7.01
    endloop
  endfacet
  facet normal 0 0 1
    outer loop
      vertex -45.50821343167271 8.492320906725475 7.01
      vertex -45.367500482834814 8.355799517165185 7.01
      vertex -45.36278643762691 8.360513562373095 7.01
    endloop
  endfacet
  facet normal 0 0 1
    outer loop
      vertex -45.5124427202338 8.487167503703056 7.01
      vertex -45.367500482834814 8.355799517165185 7.01
      vertex -45.50821343167271 8.492320906725475 7.01
    endloop
  endfacet
  facet normal 0 0 1
    outer loop
      vertex -45.66956333551426 8.603696093856406 7.01
      vertex -45.6658595339608 8.60923922460509 7.01
      vertex -45.834206526348005 8.71014252869671 7.01
    endloop
  endfacet
  facet normal 0 0 1
    outer loop
      vertex -45.5124427202338 8.487167503703056 7.01
      vertex -45.50821343167271 8.492320906725475 7.01
      vertex -45.6658595339608 8.60923922460509 7.01
    endloop
  endfacet
  facet normal 0 0 1
    outer loop
      vertex -45.5124427202338 8.487167503703056 7.01
      vertex -45.6658595339608 8.60923922460509 7.01
      vertex -45.66956333551426 8.603696093856406 7.01
    endloop
  endfacet
  facet normal 0 0 1
    outer loop
      vertex -45.83734917126018 8.704263053601053 7.01
      vertex -45.834206526348005 8.71014252869671 7.01
      vertex -46.01163313526982 8.794059065022573 7.01
    endloop
  endfacet
  facet normal 0 0 1
    outer loop
      vertex -45.66956333551426 8.603696093856406 7.01
      vertex -45.834206526348005 8.71014252869671 7.01
      vertex -45.83734917126018 8.704263053601053 7.01
    endloop
  endfacet
  facet normal 0 0 1
    outer loop
      vertex -46.97303428065912 8.936669453344393 7.01
      vertex -46.777 8.939633333333333 7.01
      vertex -46.777 8.9463 7.01
    endloop
  endfacet
  facet normal 0 0 1
    outer loop
      vertex -46.777 8.939633333333333 7.01
      vertex -46.58161916694308 8.930034888499913 7.01
      vertex -46.777 8.9463 7.01
    endloop
  endfacet
  facet normal 0 0 1
    outer loop
      vertex -46.777 8.9463 7.01
      vertex -46.58161916694308 8.930034888499913 7.01
      vertex -46.58096571934088 8.936669453344393 7.01
    endloop
  endfacet
  facet normal 0 0 1
    outer loop
      vertex -46.388119958114515 8.901331992270439 7.01
      vertex -46.386819355967745 8.907870560806462 7.01
      vertex -46.58096571934088 8.936669453344393 7.01
    endloop
  endfacet
  facet normal 0 0 1
    outer loop
      vertex -46.58161916694308 8.930034888499913 7.01
      vertex -46.388119958114515 8.901331992270439 7.01
      vertex -46.58096571934088 8.936669453344393 7.01
    endloop
  endfacet
  facet normal 0 0 1
    outer loop
      vertex -46.388119958114515 8.901331992270439 7.01
      vertex -46.198365876672774 8.853801069226202 7.01
      vertex -46.386819355967745 8.907870560806462 7.01
    endloop
  endfacet
  facet normal 0 0 1
    outer loop
      vertex -46.386819355967745 8.907870560806462 7.01
      vertex -46.198365876672774 8.853801069226202 7.01
      vertex -46.19643064549108 8.860180671464418 7.01
    endloop
  endfacet
  facet normal 0.9039892931234527 -0.4275550934302625 0
    outer loop
      vertex -44.92924093497743 6.180933135269821 5.5
      vertex -44.92924093497743 6.180933135269821 7.01
      vertex -45.01315747130329 6.003506526348005 7.01
    endloop
  endfacet
  facet normal 0.9415440651830163 -0.33688985339223276 0
    outer loop
      vertex -44.86311932853558 6.365730645491075 5.5
      vertex -44.86311932853558 6.365730645491075 7.01
      vertex -44.92924093497743 6.180933135269821 7.01
    endloop
  endfacet
  facet normal 0 0 1
    outer loop
      vertex -45.01903694639895 6.006649171260178 7.01
      vertex -45.01315747130329 6.003506526348005 7.01
      vertex -44.92924093497743 6.180933135269821 7.01
    endloop
  endfacet
  facet normal 0 0 1
    outer loop
      vertex -45.01903694639895 6.006649171260178 7.01
      vertex -44.92924093497743 6.180933135269821 7.01
      vertex -44.93540013186084 6.1834843581522545 7.01
    endloop
  endfacet
  facet normal 0 0 1
    outer loop
      vertex -44.93540013186084 6.1834843581522545 7.01
      vertex -44.92924093497743 6.180933135269821 7.01
      vertex -44.86311932853558 6.365730645491075 7.01
    endloop
  endfacet
  facet normal 0 0 1
    outer loop
      vertex -44.93540013186084 6.1834843581522545 7.01
      vertex -44.86311932853558 6.365730645491075 7.01
      vertex -44.8694989307738 6.367665876672771 7.01
    endloop
  endfacet
  facet normal 0 0 1
    outer loop
      vertex -44.86311932853558 6.365730645491075 7.01
      vertex -44.81542943919354 6.556119355967743 7.01
      vertex -44.8694989307738 6.367665876672771 7.01
    endloop
  endfacet
  facet normal 0.9700312531945413 -0.2429801799032748 0
    outer loop
      vertex -44.81542943919354 6.556119355967743 5.5
      vertex -44.81542943919354 6.556119355967743 7.01
      vertex -44.86311932853558 6.365730645491075 7.01
    endloop
  endfacet
  facet normal 0.9891765099647847 -0.14673047445533757 0
    outer loop
      vertex -44.78663054665561 6.750265719340879 5.5
      vertex -44.78663054665561 6.750265719340879 7.01
      vertex -44.81542943919354 6.556119355967743 7.01
    endloop
  endfacet
  facet normal 0.9987954562051722 -0.04906767432742444 0
    outer loop
      vertex -44.777 6.9463 5.5
      vertex -44.777 6.9463 7.01
      vertex -44.78663054665561 6.750265719340879 7.01
    endloop
  endfacet
  facet normal 0.9987954562051722 0.04906767432742444 0
    outer loop
      vertex -44.78663054665561 7.142334280659121 5.5
      vertex -44.78663054665561 7.142334280659121 7.01
      vertex -44.777 6.9463 7.01
    endloop
  endfacet
  facet normal 0.9891765099647847 0.14673047445533757 0
    outer loop
      vertex -44.81542943919354 7.336480644032257 5.5
      vertex -44.81542943919354 7.336480644032257 7.01
      vertex -44.78663054665561 7.142334280659121 7.01
    endloop
  endfacet
  facet normal 0.9700312531945413 0.2429801799032748 0
    outer loop
      vertex -44.81542943919354 7.336480644032257 5.5
      vertex -44.86311932853558 7.526869354508925 7.01
      vertex -44.81542943919354 7.336480644032257 7.01
    endloop
  endfacet
  facet normal 0.9415440651830163 0.33688985339223276 0
    outer loop
      vertex -44.92924093497743 7.711666864730179 5.5
      vertex -44.92924093497743 7.711666864730179 7.01
      vertex -44.86311932853558 7.526869354508925 7.01
    endloop
  endfacet
  facet normal 0.9039892931234527 0.4275550934302625 0
    outer loop
      vertex -45.01315747130329 7.889093473651995 5.5
      vertex -45.01315747130329 7.889093473651995 7.01
      vertex -44.92924093497743 7.711666864730179 7.01
    endloop
  endfacet
  facet normal 0 0 1
    outer loop
      vertex -44.8694989307738 6.367665876672771 7.01
      vertex -44.81542943919354 6.556119355967743 7.01
      vertex -44.82196800772956 6.557419958114518 7.01
    endloop
  endfacet
  facet normal 0 0 1
    outer loop
      vertex -44.82196800772956 6.557419958114518 7.01
      vertex -44.81542943919354 6.556119355967743 7.01
      vertex -44.78663054665561 6.750265719340879 7.01
    endloop
  endfacet
  facet normal 0 0 1
    outer loop
      vertex -44.82196800772956 6.557419958114518 7.01
      vertex -44.78663054665561 6.750265719340879 7.01
      vertex -44.79326511150009 6.750919166943076 7.01
    endloop
  endfacet
  facet normal 0 0 1
    outer loop
      vertex -44.79326511150009 6.750919166943076 7.01
      vertex -44.78663054665561 6.750265719340879 7.01
      vertex -44.777 6.9463 7.01
    endloop
  endfacet
  facet normal 0 0 1
    outer loop
      vertex -44.79326511150009 6.750919166943076 7.01
      vertex -44.777 6.9463 7.01
      vertex -44.78366666666667 6.9463 7.01
    endloop
  endfacet
  facet normal 0 0 1
    outer loop
      vertex -44.78366666666667 6.9463 7.01
      vertex -44.777 6.9463 7.01
      vertex -44.78663054665561 7.142334280659121 7.01
    endloop
  endfacet
  facet normal 0 0 1
    outer loop
      vertex -44.78366666666667 6.9463 7.01
      vertex -44.78663054665561 7.142334280659121 7.01
      vertex -44.79326511150009 7.141680833056924 7.01
    endloop
  endfacet
  facet normal 0 0 1
    outer loop
      vertex -44.79326511150009 7.141680833056924 7.01
      vertex -44.78663054665561 7.142334280659121 7.01
      vertex -44.81542943919354 7.336480644032257 7.01
    endloop
  endfacet
  facet normal 0 0 1
    outer loop
      vertex -44.79326511150009 7.141680833056924 7.01
      vertex -44.81542943919354 7.336480644032257 7.01
      vertex -44.82196800772956 7.335180041885482 7.01
    endloop
  endfacet
  facet normal 0 0 1
    outer loop
      vertex -44.82196800772956 7.335180041885482 7.01
      vertex -44.81542943919354 7.336480644032257 7.01
      vertex -44.86311932853558 7.526869354508925 7.01
    endloop
  endfacet
  facet normal 0 0 1
    outer loop
      vertex -44.82196800772956 7.335180041885482 7.01
      vertex -44.86311932853558 7.526869354508925 7.01
      vertex -44.8694989307738 7.524934123327228 7.01
    endloop
  endfacet
  facet normal 0 0 1
    outer loop
      vertex -44.8694989307738 7.524934123327228 7.01
      vertex -44.86311932853558 7.526869354508925 7.01
      vertex -44.92924093497743 7.711666864730179 7.01
    endloop
  endfacet
  facet normal 0 0 1
    outer loop
      vertex -44.8694989307738 7.524934123327228 7.01
      vertex -44.92924093497743 7.711666864730179 7.01
      vertex -44.93540013186084 7.709115641847745 7.01
    endloop
  endfacet
  facet normal 0 0 1
    outer loop
      vertex -44.93540013186084 7.709115641847745 7.01
      vertex -44.92924093497743 7.711666864730179 7.01
      vertex -45.01315747130329 7.889093473651995 7.01
    endloop
  endfacet
  facet normal 0 0 1
    outer loop
      vertex -44.93540013186084 7.709115641847745 7.01
      vertex -45.01315747130329 7.889093473651995 7.01
      vertex -45.01903694639895 7.885950828739822 7.01
    endloop
  endfacet
  facet normal -0.28041318754431094 -0.7837023581236224 0.5542373662274249
    outer loop
      vertex -47.35563412332723 5.0387989307737975 7.01
      vertex -47.15968343236509 6.022420467488713 8.5
      vertex -47.539815641847746 5.1047001318608345 7.01
    endloop
  endfacet
  facet normal -0.4279178721855549 -0.7139378380093564 0.5542373662274253
    outer loop
      vertex -47.71665082873982 5.1883369463989455 7.01
      vertex -47.3325702330196 6.114830387697455 8.5
      vertex -47.88443666448574 5.288903906143593 7.01
    endloop
  endfacet
  facet normal -0.4958354759238662 -0.6685567460527485 0.5542373662274258
    outer loop
      vertex -48.0415572797662 5.405432496296944 7.01
      vertex -47.88443666448574 5.288903906143593 7.01
      vertex -47.411393284163644 6.173289546637263 8.5
    endloop
  endfacet
  facet normal -0.3558791854143792 -0.7524433183078207 0.5542373662274257
    outer loop
      vertex -47.539815641847746 5.1047001318608345 7.01
      vertex -47.248396736825995 6.064378735651645 8.5
      vertex -47.71665082873982 5.1883369463989455 7.01
    endloop
  endfacet
  facet normal -0.20224665738876485 -0.8074139158154006 0.5542373662274251
    outer loop
      vertex -47.16588004188549 4.991268007729561 7.01
      vertex -47.06728467725446 5.989359664267791 8.5
      vertex -47.35563412332723 5.0387989307737975 7.01
    endloop
  endfacet
  facet normal -0.12213238136327897 -0.8233496361205375 0.5542373662274253
    outer loop
      vertex -47.16588004188549 4.991268007729561 7.01
      vertex -46.972380833056924 4.962565111500087 7.01
      vertex -46.97209032201613 5.9655147195967695 8.5
    endloop
  endfacet
  facet normal -0.5589779129778004 -0.6167370871613516 0.5542373662274259
    outer loop
      vertex -48.0415572797662 5.405432496296944 7.01
      vertex -47.48410678118655 6.239193218813452 8.5
      vertex -48.18649951716519 5.536800482834815 7.01
    endloop
  endfacet
  facet normal -0.6167370871613557 -0.558977912977796 0.5542373662274259
    outer loop
      vertex -48.18649951716519 5.536800482834815 7.01
      vertex -47.48410678118655 6.239193218813452 8.5
      vertex -48.317867503703056 5.6817427202338 7.01
    endloop
  endfacet
  facet normal -0.6685567460527464 -0.4958354759238702 0.5542373662274249
    outer loop
      vertex -48.317867503703056 5.6817427202338 7.01
      vertex -47.55001045336274 6.311906715836354 8.5
      vertex -48.43439609385641 5.83886333551426 7.01
    endloop
  endfacet
  facet normal -0.7837023581236221 -0.2804131875443122 0.5542373662274246
    outer loop
      vertex -48.618599868139164 6.1834843581522545 7.01
      vertex -47.70087953251129 6.56361656763491 8.5
      vertex -48.6845010692262 6.367665876672771 7.01
    endloop
  endfacet
  facet normal -0.71393783800936 -0.427917872185551 0.5542373662274236
    outer loop
      vertex -48.43439609385641 5.83886333551426 7.01
      vertex -47.60846961230255 6.390729766980398 8.5
      vertex -48.534963053601054 6.006649171260178 7.01
    endloop
  endfacet
  facet normal -0.7524433183078225 -0.355879185414378 0.5542373662274238
    outer loop
      vertex -48.534963053601054 6.006649171260178 7.01
      vertex -47.65892126434836 6.474903263174002 8.5
      vertex -48.618599868139164 6.1834843581522545 7.01
    endloop
  endfacet
  facet normal -0.040841903740917736 -0.8313560493411379 0.5542373662274251
    outer loop
      vertex -46.972380833056924 4.962565111500087 7.01
      vertex -46.777 4.952966666666667 7.01
      vertex -46.777 5.9463 8.5
    endloop
  endfacet
  facet normal 0.040841903740917736 -0.8313560493411379 0.5542373662274251
    outer loop
      vertex -46.777 4.952966666666667 7.01
      vertex -46.58161916694308 4.962565111500087 7.01
      vertex -46.67898285967044 5.951115273327803 8.5
    endloop
  endfacet
  facet normal 0.12213238136327897 -0.8233496361205375 0.5542373662274253
    outer loop
      vertex -46.58161916694308 4.962565111500087 7.01
      vertex -46.388119958114515 4.991268007729561 7.01
      vertex -46.58190967798387 5.9655147195967695 8.5
    endloop
  endfacet
  facet normal 0.20224665738876485 -0.8074139158154006 0.5542373662274251
    outer loop
      vertex -46.388119958114515 4.991268007729561 7.01
      vertex -46.198365876672774 5.0387989307737975 7.01
      vertex -46.48671532274554 5.989359664267791 8.5
    endloop
  endfacet
  facet normal 0.28041318754431094 -0.7837023581236224 0.5542373662274249
    outer loop
      vertex -46.198365876672774 5.0387989307737975 7.01
      vertex -46.01418435815226 5.1047001318608345 7.01
      vertex -46.39431656763491 6.022420467488713 8.5
    endloop
  endfacet
  facet normal 0.35587918541437913 -0.7524433183078206 0.5542373662274257
    outer loop
      vertex -46.01418435815226 5.1047001318608345 7.01
      vertex -45.83734917126018 5.1883369463989455 7.01
      vertex -46.30560326317401 6.064378735651645 8.5
    endloop
  endfacet
  facet normal 0.4279178721855549 -0.7139378380093564 0.5542373662274251
    outer loop
      vertex -45.83734917126018 5.1883369463989455 7.01
      vertex -45.66956333551426 5.288903906143593 7.01
      vertex -46.2214297669804 6.114830387697455 8.5
    endloop
  endfacet
  facet normal 0.4958354759238662 -0.6685567460527485 0.5542373662274258
    outer loop
      vertex -45.66956333551426 5.288903906143593 7.01
      vertex -45.5124427202338 5.405432496296944 7.01
      vertex -46.14260671583636 6.173289546637263 8.5
    endloop
  endfacet
  facet normal 0.5589779129778004 -0.6167370871613516 0.5542373662274259
    outer loop
      vertex -45.5124427202338 5.405432496296944 7.01
      vertex -45.367500482834814 5.536800482834815 7.01
      vertex -46.069893218813455 6.239193218813452 8.5
    endloop
  endfacet
  facet normal 0.6167370871613557 -0.558977912977796 0.5542373662274259
    outer loop
      vertex -45.367500482834814 5.536800482834815 7.01
      vertex -45.236132496296946 5.6817427202338 7.01
      vertex -46.069893218813455 6.239193218813452 8.5
    endloop
  endfacet
  facet normal 0.6685567460527464 -0.4958354759238702 0.5542373662274249
    outer loop
      vertex -45.236132496296946 5.6817427202338 7.01
      vertex -45.119603906143595 5.83886333551426 7.01
      vertex -46.003989546637264 6.311906715836354 8.5
    endloop
  endfacet
  facet normal 0.71393783800936 -0.427917872185551 0.5542373662274236
    outer loop
      vertex -45.119603906143595 5.83886333551426 7.01
      vertex -45.01903694639895 6.006649171260178 7.01
      vertex -45.94553038769745 6.390729766980398 8.5
    endloop
  endfacet
  facet normal 0.7524433183078225 -0.355879185414378 0.5542373662274238
    outer loop
      vertex -45.01903694639895 6.006649171260178 7.01
      vertex -44.93540013186084 6.1834843581522545 7.01
      vertex -45.895078735651644 6.474903263174002 8.5
    endloop
  endfacet
  facet normal 0.7837023581236221 -0.2804131875443122 0.5542373662274246
    outer loop
      vertex -44.93540013186084 6.1834843581522545 7.01
      vertex -44.8694989307738 6.367665876672771 7.01
      vertex -45.853120467488715 6.56361656763491 8.5
    endloop
  endfacet
  facet normal -0.12213238136328101 -0.8233496361205374 0.5542373662274253
    outer loop
      vertex -46.972380833056924 4.962565111500087 7.01
      vertex -46.87501714032956 5.951115273327803 8.5
      vertex -46.97209032201613 5.9655147195967695 8.5
    endloop
  endfacet
  facet normal -0.6685567460527327 -0.4958354759238904 0.5542373662274231
    outer loop
      vertex -48.43439609385641 5.83886333551426 7.01
      vertex -47.55001045336274 6.311906715836354 8.5
      vertex -47.60846961230255 6.390729766980398 8.5
    endloop
  endfacet
  facet normal -0.7139378380093644 -0.42791787218554284 0.5542373662274243
    outer loop
      vertex -48.534963053601054 6.006649171260178 7.01
      vertex -47.60846961230255 6.390729766980398 8.5
      vertex -47.65892126434836 6.474903263174002 8.5
    endloop
  endfacet
  facet normal -0.7524433183078292 -0.3558791854143621 0.5542373662274251
    outer loop
      vertex -48.618599868139164 6.1834843581522545 7.01
      vertex -47.65892126434836 6.474903263174002 8.5
      vertex -47.70087953251129 6.56361656763491 8.5
    endloop
  endfacet
  facet normal -0.4279178721855438 -0.7139378380093624 0.5542373662274261
    outer loop
      vertex -47.71665082873982 5.1883369463989455 7.01
      vertex -47.248396736825995 6.064378735651645 8.5
      vertex -47.3325702330196 6.114830387697455 8.5
    endloop
  endfacet
  facet normal -0.5589779129777969 -0.6167370871613549 0.5542373662274261
    outer loop
      vertex -48.0415572797662 5.405432496296944 7.01
      vertex -47.411393284163644 6.173289546637263 8.5
      vertex -47.48410678118655 6.239193218813452 8.5
    endloop
  endfacet
  facet normal -0.4958354759238775 -0.6685567460527408 0.5542373662274249
    outer loop
      vertex -47.88443666448574 5.288903906143593 7.01
      vertex -47.3325702330196 6.114830387697455 8.5
      vertex -47.411393284163644 6.173289546637263 8.5
    endloop
  endfacet
  facet normal -0.3558791854143983 -0.7524433183078127 0.5542373662274241
    outer loop
      vertex -47.539815641847746 5.1047001318608345 7.01
      vertex -47.15968343236509 6.022420467488713 8.5
      vertex -47.248396736825995 6.064378735651645 8.5
    endloop
  endfacet
  facet normal -0.2804131875443067 -0.7837023581236235 0.5542373662274251
    outer loop
      vertex -47.35563412332723 5.0387989307737975 7.01
      vertex -47.06728467725446 5.989359664267791 8.5
      vertex -47.15968343236509 6.022420467488713 8.5
    endloop
  endfacet
  facet normal -0.2022466573887604 -0.8074139158154015 0.5542373662274254
    outer loop
      vertex -47.16588004188549 4.991268007729561 7.01
      vertex -46.97209032201613 5.9655147195967695 8.5
      vertex -47.06728467725446 5.989359664267791 8.5
    endloop
  endfacet
  facet normal -0.6167370871613445 -0.5589779129778096 0.5542373662274246
    outer loop
      vertex -48.317867503703056 5.6817427202338 7.01
      vertex -47.48410678118655 6.239193218813452 8.5
      vertex -47.55001045336274 6.311906715836354 8.5
    endloop
  endfacet
  facet normal -0.04084190374091852 -0.831356049341138 0.5542373662274251
    outer loop
      vertex -46.972380833056924 4.962565111500087 7.01
      vertex -46.777 5.9463 8.5
      vertex -46.87501714032956 5.951115273327803 8.5
    endloop
  endfacet
  facet normal 0.040841903740917944 -0.831356049341138 0.5542373662274251
    outer loop
      vertex -46.777 4.952966666666667 7.01
      vertex -46.67898285967044 5.951115273327803 8.5
      vertex -46.777 5.9463 8.5
    endloop
  endfacet
  facet normal 0.1221323813632803 -0.8233496361205374 0.5542373662274251
    outer loop
      vertex -46.58161916694308 4.962565111500087 7.01
      vertex -46.58190967798387 5.9655147195967695 8.5
      vertex -46.67898285967044 5.951115273327803 8.5
    endloop
  endfacet
  facet normal 0.2022466573887606 -0.8074139158154013 0.5542373662274254
    outer loop
      vertex -46.388119958114515 4.991268007729561 7.01
      vertex -46.48671532274554 5.989359664267791 8.5
      vertex -46.58190967798387 5.9655147195967695 8.5
    endloop
  endfacet
  facet normal 0.28041318754430694 -0.7837023581236237 0.554237366227425
    outer loop
      vertex -46.198365876672774 5.0387989307737975 7.01
      vertex -46.39431656763491 6.022420467488713 8.5
      vertex -46.48671532274554 5.989359664267791 8.5
    endloop
  endfacet
  facet normal 0.3558791854143985 -0.7524433183078126 0.5542373662274243
    outer loop
      vertex -46.01418435815226 5.1047001318608345 7.01
      vertex -46.30560326317401 6.064378735651645 8.5
      vertex -46.39431656763491 6.022420467488713 8.5
    endloop
  endfacet
  facet normal 0.4279178721855442 -0.7139378380093625 0.5542373662274257
    outer loop
      vertex -45.83734917126018 5.1883369463989455 7.01
      vertex -46.2214297669804 6.114830387697455 8.5
      vertex -46.30560326317401 6.064378735651645 8.5
    endloop
  endfacet
  facet normal 0.49583547592387694 -0.6685567460527414 0.5542373662274249
    outer loop
      vertex -45.66956333551426 5.288903906143593 7.01
      vertex -46.14260671583636 6.173289546637263 8.5
      vertex -46.2214297669804 6.114830387697455 8.5
    endloop
  endfacet
  facet normal 0.5589779129777966 -0.6167370871613547 0.5542373662274264
    outer loop
      vertex -45.5124427202338 5.405432496296944 7.01
      vertex -46.069893218813455 6.239193218813452 8.5
      vertex -46.14260671583636 6.173289546637263 8.5
    endloop
  endfacet
  facet normal 0.6167370871613443 -0.5589779129778096 0.5542373662274249
    outer loop
      vertex -45.236132496296946 5.6817427202338 7.01
      vertex -46.003989546637264 6.311906715836354 8.5
      vertex -46.069893218813455 6.239193218813452 8.5
    endloop
  endfacet
  facet normal 0.6685567460527329 -0.4958354759238903 0.5542373662274233
    outer loop
      vertex -45.119603906143595 5.83886333551426 7.01
      vertex -45.94553038769745 6.390729766980398 8.5
      vertex -46.003989546637264 6.311906715836354 8.5
    endloop
  endfacet
  facet normal 0.7139378380093644 -0.42791787218554284 0.5542373662274243
    outer loop
      vertex -45.01903694639895 6.006649171260178 7.01
      vertex -45.895078735651644 6.474903263174002 8.5
      vertex -45.94553038769745 6.390729766980398 8.5
    endloop
  endfacet
  facet normal 0.7524433183078294 -0.3558791854143613 0.5542373662274253
    outer loop
      vertex -44.93540013186084 6.1834843581522545 7.01
      vertex -45.853120467488715 6.56361656763491 8.5
      vertex -45.895078735651644 6.474903263174002 8.5
    endloop
  endfacet
  facet normal -0.8074139158153962 -0.20224665738878073 0.5542373662274256
    outer loop
      vertex -48.6845010692262 6.367665876672771 7.01
      vertex -47.73394033573221 6.656015322745538 8.5
      vertex -48.73203199227044 6.557419958114518 7.01
    endloop
  endfacet
  facet normal -0.8233496361205405 -0.12213238136325956 0.5542373662274248
    outer loop
      vertex -48.73203199227044 6.557419958114518 7.01
      vertex -47.75778528040323 6.751209677983872 8.5
      vertex -48.76073488849991 6.750919166943076 7.01
    endloop
  endfacet
  facet normal -0.8313560493411389 -0.04084190374092515 0.5542373662274233
    outer loop
      vertex -48.76073488849991 6.750919166943076 7.01
      vertex -47.7721847266722 6.848282859670439 8.5
      vertex -48.77033333333333 6.9463 7.01
    endloop
  endfacet
  facet normal -0.8313560493411379 0.040841903740925105 0.5542373662274246
    outer loop
      vertex -48.77033333333333 6.9463 7.01
      vertex -47.777 6.9463 8.5
      vertex -48.76073488849991 7.141680833056924 7.01
    endloop
  endfacet
  facet normal -0.8233496361205405 0.12213238136325956 0.5542373662274248
    outer loop
      vertex -48.76073488849991 7.141680833056924 7.01
      vertex -47.75778528040323 7.141390322016128 8.5
      vertex -48.73203199227044 7.335180041885482 7.01
    endloop
  endfacet
  facet normal -0.8074139158153962 0.20224665738878073 0.5542373662274256
    outer loop
      vertex -48.73203199227044 7.335180041885482 7.01
      vertex -47.73394033573221 7.236584677254462 8.5
      vertex -48.6845010692262 7.524934123327228 7.01
    endloop
  endfacet
  facet normal -0.7837023581236221 0.2804131875443122 0.5542373662274246
    outer loop
      vertex -48.6845010692262 7.524934123327228 7.01
      vertex -47.70087953251129 7.3289834323650895 8.5
      vertex -48.618599868139164 7.709115641847745 7.01
    endloop
  endfacet
  facet normal -0.7524433183078225 0.355879185414378 0.5542373662274238
    outer loop
      vertex -48.618599868139164 7.709115641847745 7.01
      vertex -47.65892126434836 7.417696736825998 8.5
      vertex -48.534963053601054 7.885950828739822 7.01
    endloop
  endfacet
  facet normal -0.71393783800936 0.427917872185551 0.5542373662274236
    outer loop
      vertex -48.534963053601054 7.885950828739822 7.01
      vertex -47.60846961230255 7.501870233019602 8.5
      vertex -48.43439609385641 8.05373666448574 7.01
    endloop
  endfacet
  facet normal -0.6685567460527464 0.4958354759238702 0.5542373662274249
    outer loop
      vertex -48.43439609385641 8.05373666448574 7.01
      vertex -47.55001045336274 7.580693284163646 8.5
      vertex -48.317867503703056 8.2108572797662 7.01
    endloop
  endfacet
  facet normal 0.8074139158153962 -0.20224665738878073 0.5542373662274256
    outer loop
      vertex -44.8694989307738 6.367665876672771 7.01
      vertex -44.82196800772956 6.557419958114518 7.01
      vertex -45.820059664267795 6.656015322745538 8.5
    endloop
  endfacet
  facet normal 0.8233496361205405 -0.12213238136325956 0.5542373662274249
    outer loop
      vertex -44.82196800772956 6.557419958114518 7.01
      vertex -44.79326511150009 6.750919166943076 7.01
      vertex -45.79621471959677 6.751209677983872 8.5
    endloop
  endfacet
  facet normal 0.8313560493411379 -0.040841903740925105 0.5542373662274246
    outer loop
      vertex -44.79326511150009 6.750919166943076 7.01
      vertex -44.78366666666667 6.9463 7.01
      vertex -45.777 6.9463 8.5
    endloop
  endfacet
  facet normal 0.8313560493411389 0.04084190374092515 0.5542373662274233
    outer loop
      vertex -44.78366666666667 6.9463 7.01
      vertex -44.79326511150009 7.141680833056924 7.01
      vertex -45.7818152733278 7.044317140329561 8.5
    endloop
  endfacet
  facet normal 0.8233496361205405 0.12213238136325956 0.5542373662274248
    outer loop
      vertex -44.79326511150009 7.141680833056924 7.01
      vertex -44.82196800772956 7.335180041885482 7.01
      vertex -45.79621471959677 7.141390322016128 8.5
    endloop
  endfacet
  facet normal 0.8074139158153962 0.20224665738878073 0.5542373662274256
    outer loop
      vertex -44.82196800772956 7.335180041885482 7.01
      vertex -44.8694989307738 7.524934123327228 7.01
      vertex -45.820059664267795 7.236584677254462 8.5
    endloop
  endfacet
  facet normal 0.7837023581236221 0.2804131875443122 0.5542373662274246
    outer loop
      vertex -44.8694989307738 7.524934123327228 7.01
      vertex -44.93540013186084 7.709115641847745 7.01
      vertex -45.853120467488715 7.3289834323650895 8.5
    endloop
  endfacet
  facet normal 0.7524433183078225 0.355879185414378 0.5542373662274238
    outer loop
      vertex -44.93540013186084 7.709115641847745 7.01
      vertex -45.01903694639895 7.885950828739822 7.01
      vertex -45.895078735651644 7.417696736825998 8.5
    endloop
  endfacet
  facet normal 0.71393783800936 0.427917872185551 0.5542373662274236
    outer loop
      vertex -45.01903694639895 7.885950828739822 7.01
      vertex -45.119603906143595 8.05373666448574 7.01
      vertex -45.94553038769745 7.501870233019602 8.5
    endloop
  endfacet
  facet normal 0.6685567460527464 0.4958354759238702 0.5542373662274249
    outer loop
      vertex -45.119603906143595 8.05373666448574 7.01
      vertex -45.236132496296946 8.2108572797662 7.01
      vertex -46.003989546637264 7.580693284163646 8.5
    endloop
  endfacet
  facet normal -0.6167370871613557 0.558977912977796 0.5542373662274259
    outer loop
      vertex -48.317867503703056 8.2108572797662 7.01
      vertex -47.48410678118655 7.653406781186548 8.5
      vertex -48.18649951716519 8.355799517165185 7.01
    endloop
  endfacet
  facet normal -0.5589779129778004 0.6167370871613516 0.5542373662274259
    outer loop
      vertex -48.18649951716519 8.355799517165185 7.01
      vertex -47.48410678118655 7.653406781186548 8.5
      vertex -48.0415572797662 8.487167503703056 7.01
    endloop
  endfacet
  facet normal -0.4958354759238662 0.6685567460527485 0.5542373662274258
    outer loop
      vertex -48.0415572797662 8.487167503703056 7.01
      vertex -47.411393284163644 7.719310453362737 8.5
      vertex -47.88443666448574 8.603696093856406 7.01
    endloop
  endfacet
  facet normal -0.42791787218555216 0.7139378380093582 0.5542373662274251
    outer loop
      vertex -47.88443666448574 8.603696093856406 7.01
      vertex -47.3325702330196 7.777769612302545 8.5
      vertex -47.71665082873982 8.704263053601053 7.01
    endloop
  endfacet
  facet normal -0.35587918541438235 0.7524433183078194 0.5542373662274256
    outer loop
      vertex -47.71665082873982 8.704263053601053 7.01
      vertex -47.248396736825995 7.828221264348355 8.5
      vertex -47.539815641847746 8.787899868139165 7.01
    endloop
  endfacet
  facet normal -0.28041318754431094 0.7837023581236224 0.5542373662274249
    outer loop
      vertex -47.539815641847746 8.787899868139165 7.01
      vertex -47.15968343236509 7.870179532511287 8.5
      vertex -47.35563412332723 8.853801069226202 7.01
    endloop
  endfacet
  facet normal -0.20224665738876485 0.8074139158154006 0.5542373662274251
    outer loop
      vertex -47.35563412332723 8.853801069226202 7.01
      vertex -47.06728467725446 7.9032403357322085 8.5
      vertex -47.16588004188549 8.901331992270439 7.01
    endloop
  endfacet
  facet normal -0.122132381363279 0.8233496361205376 0.5542373662274253
    outer loop
      vertex -47.16588004188549 8.901331992270439 7.01
      vertex -46.97209032201613 7.92708528040323 8.5
      vertex -46.972380833056924 8.930034888499913 7.01
    endloop
  endfacet
  facet normal 0.35587918541438235 0.7524433183078194 0.5542373662274256
    outer loop
      vertex -45.83734917126018 8.704263053601053 7.01
      vertex -46.01418435815226 8.787899868139165 7.01
      vertex -46.30560326317401 7.828221264348355 8.5
    endloop
  endfacet
  facet normal -0.040841903740917736 0.8313560493411379 0.5542373662274251
    outer loop
      vertex -46.972380833056924 8.930034888499913 7.01
      vertex -46.87501714032956 7.941484726672197 8.5
      vertex -46.777 8.939633333333333 7.01
    endloop
  endfacet
  facet normal 0.040841903740917736 0.8313560493411379 0.5542373662274251
    outer loop
      vertex -46.777 8.939633333333333 7.01
      vertex -46.777 7.9463 8.5
      vertex -46.58161916694308 8.930034888499913 7.01
    endloop
  endfacet
  facet normal 0.12213238136327897 0.8233496361205375 0.5542373662274253
    outer loop
      vertex -46.58161916694308 8.930034888499913 7.01
      vertex -46.58190967798387 7.92708528040323 8.5
      vertex -46.388119958114515 8.901331992270439 7.01
    endloop
  endfacet
  facet normal 0.20224665738876485 0.8074139158154006 0.5542373662274251
    outer loop
      vertex -46.388119958114515 8.901331992270439 7.01
      vertex -46.48671532274554 7.9032403357322085 8.5
      vertex -46.198365876672774 8.853801069226202 7.01
    endloop
  endfacet
  facet normal 0.28041318754431094 0.7837023581236224 0.5542373662274249
    outer loop
      vertex -46.01418435815226 8.787899868139165 7.01
      vertex -46.198365876672774 8.853801069226202 7.01
      vertex -46.39431656763491 7.870179532511287 8.5
    endloop
  endfacet
  facet normal 0.6167370871613557 0.558977912977796 0.5542373662274259
    outer loop
      vertex -45.236132496296946 8.2108572797662 7.01
      vertex -45.367500482834814 8.355799517165185 7.01
      vertex -46.069893218813455 7.653406781186548 8.5
    endloop
  endfacet
  facet normal 0.5589779129778004 0.6167370871613516 0.5542373662274259
    outer loop
      vertex -45.5124427202338 8.487167503703056 7.01
      vertex -46.069893218813455 7.653406781186548 8.5
      vertex -45.367500482834814 8.355799517165185 7.01
    endloop
  endfacet
  facet normal 0.42791787218555216 0.7139378380093582 0.5542373662274251
    outer loop
      vertex -45.66956333551426 8.603696093856406 7.01
      vertex -45.83734917126018 8.704263053601053 7.01
      vertex -46.2214297669804 7.777769612302545 8.5
    endloop
  endfacet
  facet normal 0.4958354759238662 0.6685567460527485 0.5542373662274258
    outer loop
      vertex -45.5124427202338 8.487167503703056 7.01
      vertex -45.66956333551426 8.603696093856406 7.01
      vertex -46.14260671583636 7.719310453362737 8.5
    endloop
  endfacet
  facet normal -0.7837023581236265 -0.280413187544298 0.5542373662274256
    outer loop
      vertex -48.6845010692262 6.367665876672771 7.01
      vertex -47.70087953251129 6.56361656763491 8.5
      vertex -47.73394033573221 6.656015322745538 8.5
    endloop
  endfacet
  facet normal -0.8074139158153931 -0.2022466573887962 0.5542373662274244
    outer loop
      vertex -48.73203199227044 6.557419958114518 7.01
      vertex -47.73394033573221 6.656015322745538 8.5
      vertex -47.75778528040323 6.751209677983872 8.5
    endloop
  endfacet
  facet normal -0.8233496361205376 -0.12213238136328945 0.5542373662274229
    outer loop
      vertex -48.76073488849991 6.750919166943076 7.01
      vertex -47.75778528040323 6.751209677983872 8.5
      vertex -47.7721847266722 6.848282859670439 8.5
    endloop
  endfacet
  facet normal -0.831356049341139 -0.04084190374089448 0.5542373662274254
    outer loop
      vertex -48.77033333333333 6.9463 7.01
      vertex -47.7721847266722 6.848282859670439 8.5
      vertex -47.777 6.9463 8.5
    endloop
  endfacet
  facet normal -0.8313560493411407 0.0408419037408956 0.5542373662274224
    outer loop
      vertex -48.76073488849991 7.141680833056924 7.01
      vertex -47.777 6.9463 8.5
      vertex -47.7721847266722 7.044317140329561 8.5
    endloop
  endfacet
  facet normal -0.8233496361205376 0.1221323813632893 0.5542373662274229
    outer loop
      vertex -48.76073488849991 7.141680833056924 7.01
      vertex -47.7721847266722 7.044317140329561 8.5
      vertex -47.75778528040323 7.141390322016128 8.5
    endloop
  endfacet
  facet normal -0.8074139158153931 0.20224665738879619 0.5542373662274245
    outer loop
      vertex -48.73203199227044 7.335180041885482 7.01
      vertex -47.75778528040323 7.141390322016128 8.5
      vertex -47.73394033573221 7.236584677254462 8.5
    endloop
  endfacet
  facet normal -0.7837023581236263 0.2804131875442984 0.5542373662274255
    outer loop
      vertex -48.6845010692262 7.524934123327228 7.01
      vertex -47.73394033573221 7.236584677254462 8.5
      vertex -47.70087953251129 7.3289834323650895 8.5
    endloop
  endfacet
  facet normal -0.7524433183078294 0.3558791854143613 0.5542373662274253
    outer loop
      vertex -48.618599868139164 7.709115641847745 7.01
      vertex -47.70087953251129 7.3289834323650895 8.5
      vertex -47.65892126434836 7.417696736825998 8.5
    endloop
  endfacet
  facet normal -0.7139378380093644 0.42791787218554284 0.5542373662274243
    outer loop
      vertex -48.534963053601054 7.885950828739822 7.01
      vertex -47.65892126434836 7.417696736825998 8.5
      vertex -47.60846961230255 7.501870233019602 8.5
    endloop
  endfacet
  facet normal -0.6685567460527329 0.4958354759238903 0.5542373662274233
    outer loop
      vertex -48.43439609385641 8.05373666448574 7.01
      vertex -47.60846961230255 7.501870233019602 8.5
      vertex -47.55001045336274 7.580693284163646 8.5
    endloop
  endfacet
  facet normal -0.6167370871613443 0.5589779129778096 0.5542373662274249
    outer loop
      vertex -48.317867503703056 8.2108572797662 7.01
      vertex -47.55001045336274 7.580693284163646 8.5
      vertex -47.48410678118655 7.653406781186548 8.5
    endloop
  endfacet
  facet normal -0.5589779129777966 0.6167370871613547 0.5542373662274264
    outer loop
      vertex -48.0415572797662 8.487167503703056 7.01
      vertex -47.48410678118655 7.653406781186548 8.5
      vertex -47.411393284163644 7.719310453362737 8.5
    endloop
  endfacet
  facet normal -0.49583547592387694 0.6685567460527414 0.5542373662274249
    outer loop
      vertex -47.88443666448574 8.603696093856406 7.01
      vertex -47.411393284163644 7.719310453362737 8.5
      vertex -47.3325702330196 7.777769612302545 8.5
    endloop
  endfacet
  facet normal 0.7837023581236263 -0.2804131875442984 0.5542373662274255
    outer loop
      vertex -44.8694989307738 6.367665876672771 7.01
      vertex -45.820059664267795 6.656015322745538 8.5
      vertex -45.853120467488715 6.56361656763491 8.5
    endloop
  endfacet
  facet normal 0.8074139158153931 -0.20224665738879619 0.5542373662274245
    outer loop
      vertex -44.82196800772956 6.557419958114518 7.01
      vertex -45.79621471959677 6.751209677983872 8.5
      vertex -45.820059664267795 6.656015322745538 8.5
    endloop
  endfacet
  facet normal 0.8233496361205376 -0.1221323813632893 0.5542373662274229
    outer loop
      vertex -44.79326511150009 6.750919166943076 7.01
      vertex -45.7818152733278 6.848282859670439 8.5
      vertex -45.79621471959677 6.751209677983872 8.5
    endloop
  endfacet
  facet normal 0.8313560493411407 -0.0408419037408956 0.5542373662274224
    outer loop
      vertex -44.79326511150009 6.750919166943076 7.01
      vertex -45.777 6.9463 8.5
      vertex -45.7818152733278 6.848282859670439 8.5
    endloop
  endfacet
  facet normal 0.8074139158153931 0.2022466573887962 0.5542373662274244
    outer loop
      vertex -44.82196800772956 7.335180041885482 7.01
      vertex -45.820059664267795 7.236584677254462 8.5
      vertex -45.79621471959677 7.141390322016128 8.5
    endloop
  endfacet
  facet normal 0.831356049341139 0.04084190374089448 0.5542373662274254
    outer loop
      vertex -44.78366666666667 6.9463 7.01
      vertex -45.7818152733278 7.044317140329561 8.5
      vertex -45.777 6.9463 8.5
    endloop
  endfacet
  facet normal 0.8233496361205376 0.12213238136328945 0.5542373662274229
    outer loop
      vertex -44.79326511150009 7.141680833056924 7.01
      vertex -45.79621471959677 7.141390322016128 8.5
      vertex -45.7818152733278 7.044317140329561 8.5
    endloop
  endfacet
  facet normal 0.4958354759238775 0.6685567460527408 0.5542373662274249
    outer loop
      vertex -45.66956333551426 8.603696093856406 7.01
      vertex -46.2214297669804 7.777769612302545 8.5
      vertex -46.14260671583636 7.719310453362737 8.5
    endloop
  endfacet
  facet normal 0.7837023581236265 0.280413187544298 0.5542373662274256
    outer loop
      vertex -44.8694989307738 7.524934123327228 7.01
      vertex -45.853120467488715 7.3289834323650895 8.5
      vertex -45.820059664267795 7.236584677254462 8.5
    endloop
  endfacet
  facet normal 0.7524433183078292 0.3558791854143621 0.5542373662274251
    outer loop
      vertex -44.93540013186084 7.709115641847745 7.01
      vertex -45.895078735651644 7.417696736825998 8.5
      vertex -45.853120467488715 7.3289834323650895 8.5
    endloop
  endfacet
  facet normal 0.7139378380093644 0.42791787218554284 0.5542373662274243
    outer loop
      vertex -45.01903694639895 7.885950828739822 7.01
      vertex -45.94553038769745 7.501870233019602 8.5
      vertex -45.895078735651644 7.417696736825998 8.5
    endloop
  endfacet
  facet normal 0.6167370871613445 0.5589779129778096 0.5542373662274246
    outer loop
      vertex -45.236132496296946 8.2108572797662 7.01
      vertex -46.069893218813455 7.653406781186548 8.5
      vertex -46.003989546637264 7.580693284163646 8.5
    endloop
  endfacet
  facet normal 0.6685567460527327 0.4958354759238904 0.5542373662274231
    outer loop
      vertex -45.119603906143595 8.05373666448574 7.01
      vertex -46.003989546637264 7.580693284163646 8.5
      vertex -45.94553038769745 7.501870233019602 8.5
    endloop
  endfacet
  facet normal 0.5589779129777969 0.6167370871613549 0.5542373662274261
    outer loop
      vertex -45.5124427202338 8.487167503703056 7.01
      vertex -46.14260671583636 7.719310453362737 8.5
      vertex -46.069893218813455 7.653406781186548 8.5
    endloop
  endfacet
  facet normal 0 0 1
    outer loop
      vertex -47.55001045336274 6.311906715836354 8.5
      vertex -47.60846961230255 7.501870233019602 8.5
      vertex -47.60846961230255 6.390729766980398 8.5
    endloop
  endfacet
  facet normal 0 0 1
    outer loop
      vertex -47.70087953251129 6.56361656763491 8.5
      vertex -47.73394033573221 7.236584677254462 8.5
      vertex -47.73394033573221 6.656015322745538 8.5
    endloop
  endfacet
  facet normal 0 0 1
    outer loop
      vertex -47.73394033573221 6.656015322745538 8.5
      vertex -47.75778528040323 7.141390322016128 8.5
      vertex -47.75778528040323 6.751209677983872 8.5
    endloop
  endfacet
  facet normal 0 0 1
    outer loop
      vertex -47.60846961230255 6.390729766980398 8.5
      vertex -47.65892126434836 7.417696736825998 8.5
      vertex -47.65892126434836 6.474903263174002 8.5
    endloop
  endfacet
  facet normal 0 0 1
    outer loop
      vertex -47.65892126434836 6.474903263174002 8.5
      vertex -47.70087953251129 7.3289834323650895 8.5
      vertex -47.70087953251129 6.56361656763491 8.5
    endloop
  endfacet
  facet normal 0 0 1
    outer loop
      vertex -47.48410678118655 6.239193218813452 8.5
      vertex -47.55001045336274 7.580693284163646 8.5
      vertex -47.55001045336274 6.311906715836354 8.5
    endloop
  endfacet
  facet normal 0 0 1
    outer loop
      vertex -47.3325702330196 6.114830387697455 8.5
      vertex -47.411393284163644 7.719310453362737 8.5
      vertex -47.411393284163644 6.173289546637263 8.5
    endloop
  endfacet
  facet normal 0 0 1
    outer loop
      vertex -47.411393284163644 6.173289546637263 8.5
      vertex -47.48410678118655 7.653406781186548 8.5
      vertex -47.48410678118655 6.239193218813452 8.5
    endloop
  endfacet
  facet normal 0 0 1
    outer loop
      vertex -47.15968343236509 6.022420467488713 8.5
      vertex -47.06728467725446 5.989359664267791 8.5
      vertex -47.15968343236509 7.870179532511287 8.5
    endloop
  endfacet
  facet normal 0 0 1
    outer loop
      vertex -47.15968343236509 6.022420467488713 8.5
      vertex -47.248396736825995 7.828221264348355 8.5
      vertex -47.248396736825995 6.064378735651645 8.5
    endloop
  endfacet
  facet normal 0 0 1
    outer loop
      vertex -47.06728467725446 5.989359664267791 8.5
      vertex -46.97209032201613 5.9655147195967695 8.5
      vertex -47.06728467725446 7.9032403357322085 8.5
    endloop
  endfacet
  facet normal 0 0 1
    outer loop
      vertex -46.87501714032956 5.951115273327803 8.5
      vertex -46.97209032201613 7.92708528040323 8.5
      vertex -46.97209032201613 5.9655147195967695 8.5
    endloop
  endfacet
  facet normal 0 0 1
    outer loop
      vertex -47.248396736825995 6.064378735651645 8.5
      vertex -47.3325702330196 7.777769612302545 8.5
      vertex -47.3325702330196 6.114830387697455 8.5
    endloop
  endfacet
  facet normal 0 0 1
    outer loop
      vertex -47.75778528040323 6.751209677983872 8.5
      vertex -47.7721847266722 7.044317140329561 8.5
      vertex -47.7721847266722 6.848282859670439 8.5
    endloop
  endfacet
  facet normal 0 0 1
    outer loop
      vertex -47.7721847266722 6.848282859670439 8.5
      vertex -47.7721847266722 7.044317140329561 8.5
      vertex -47.777 6.9463 8.5
    endloop
  endfacet
  facet normal 0 0 1
    outer loop
      vertex -47.75778528040323 6.751209677983872 8.5
      vertex -47.75778528040323 7.141390322016128 8.5
      vertex -47.7721847266722 7.044317140329561 8.5
    endloop
  endfacet
  facet normal 0 0 1
    outer loop
      vertex -47.73394033573221 6.656015322745538 8.5
      vertex -47.73394033573221 7.236584677254462 8.5
      vertex -47.75778528040323 7.141390322016128 8.5
    endloop
  endfacet
  facet normal 0 0 1
    outer loop
      vertex -47.70087953251129 6.56361656763491 8.5
      vertex -47.70087953251129 7.3289834323650895 8.5
      vertex -47.73394033573221 7.236584677254462 8.5
    endloop
  endfacet
  facet normal 0 0 1
    outer loop
      vertex -47.65892126434836 6.474903263174002 8.5
      vertex -47.65892126434836 7.417696736825998 8.5
      vertex -47.70087953251129 7.3289834323650895 8.5
    endloop
  endfacet
  facet normal 0 0 1
    outer loop
      vertex -47.60846961230255 6.390729766980398 8.5
      vertex -47.60846961230255 7.501870233019602 8.5
      vertex -47.65892126434836 7.417696736825998 8.5
    endloop
  endfacet
  facet normal 0 0 1
    outer loop
      vertex -47.55001045336274 6.311906715836354 8.5
      vertex -47.55001045336274 7.580693284163646 8.5
      vertex -47.60846961230255 7.501870233019602 8.5
    endloop
  endfacet
  facet normal 0 0 1
    outer loop
      vertex -47.48410678118655 6.239193218813452 8.5
      vertex -47.48410678118655 7.653406781186548 8.5
      vertex -47.55001045336274 7.580693284163646 8.5
    endloop
  endfacet
  facet normal 0 0 1
    outer loop
      vertex -47.411393284163644 6.173289546637263 8.5
      vertex -47.411393284163644 7.719310453362737 8.5
      vertex -47.48410678118655 7.653406781186548 8.5
    endloop
  endfacet
  facet normal 0 0 1
    outer loop
      vertex -47.3325702330196 6.114830387697455 8.5
      vertex -47.3325702330196 7.777769612302545 8.5
      vertex -47.411393284163644 7.719310453362737 8.5
    endloop
  endfacet
  facet normal 0 0 1
    outer loop
      vertex -47.248396736825995 6.064378735651645 8.5
      vertex -47.248396736825995 7.828221264348355 8.5
      vertex -47.3325702330196 7.777769612302545 8.5
    endloop
  endfacet
  facet normal 0 0 1
    outer loop
      vertex -47.15968343236509 6.022420467488713 8.5
      vertex -47.15968343236509 7.870179532511287 8.5
      vertex -47.248396736825995 7.828221264348355 8.5
    endloop
  endfacet
  facet normal 0 0 1
    outer loop
      vertex -47.06728467725446 5.989359664267791 8.5
      vertex -47.06728467725446 7.9032403357322085 8.5
      vertex -47.15968343236509 7.870179532511287 8.5
    endloop
  endfacet
  facet normal 0 0 1
    outer loop
      vertex -46.97209032201613 5.9655147195967695 8.5
      vertex -46.97209032201613 7.92708528040323 8.5
      vertex -47.06728467725446 7.9032403357322085 8.5
    endloop
  endfacet
  facet normal 0 0 1
    outer loop
      vertex -46.87501714032956 5.951115273327803 8.5
      vertex -46.87501714032956 7.941484726672197 8.5
      vertex -46.97209032201613 7.92708528040323 8.5
    endloop
  endfacet
  facet normal 0 0 1
    outer loop
      vertex -46.87501714032956 5.951115273327803 8.5
      vertex -46.777 5.9463 8.5
      vertex -46.87501714032956 7.941484726672197 8.5
    endloop
  endfacet
  facet normal 0 0 1
    outer loop
      vertex -46.777 5.9463 8.5
      vertex -46.67898285967044 5.951115273327803 8.5
      vertex -46.777 7.9463 8.5
    endloop
  endfacet
  facet normal 0 0 1
    outer loop
      vertex -46.67898285967044 5.951115273327803 8.5
      vertex -46.58190967798387 5.9655147195967695 8.5
      vertex -46.67898285967044 7.941484726672197 8.5
    endloop
  endfacet
  facet normal 0 0 1
    outer loop
      vertex -46.58190967798387 5.9655147195967695 8.5
      vertex -46.48671532274554 5.989359664267791 8.5
      vertex -46.58190967798387 7.92708528040323 8.5
    endloop
  endfacet
  facet normal 0 0 1
    outer loop
      vertex -46.48671532274554 5.989359664267791 8.5
      vertex -46.39431656763491 6.022420467488713 8.5
      vertex -46.48671532274554 7.9032403357322085 8.5
    endloop
  endfacet
  facet normal 0 0 1
    outer loop
      vertex -46.39431656763491 6.022420467488713 8.5
      vertex -46.30560326317401 6.064378735651645 8.5
      vertex -46.39431656763491 7.870179532511287 8.5
    endloop
  endfacet
  facet normal 0 0 1
    outer loop
      vertex -46.30560326317401 6.064378735651645 8.5
      vertex -46.2214297669804 6.114830387697455 8.5
      vertex -46.30560326317401 7.828221264348355 8.5
    endloop
  endfacet
  facet normal 0 0 1
    outer loop
      vertex -46.2214297669804 6.114830387697455 8.5
      vertex -46.14260671583636 6.173289546637263 8.5
      vertex -46.2214297669804 7.777769612302545 8.5
    endloop
  endfacet
  facet normal 0 0 1
    outer loop
      vertex -46.14260671583636 6.173289546637263 8.5
      vertex -46.069893218813455 6.239193218813452 8.5
      vertex -46.14260671583636 7.719310453362737 8.5
    endloop
  endfacet
  facet normal 0 0 1
    outer loop
      vertex -46.069893218813455 6.239193218813452 8.5
      vertex -46.003989546637264 6.311906715836354 8.5
      vertex -46.069893218813455 7.653406781186548 8.5
    endloop
  endfacet
  facet normal 0 0 1
    outer loop
      vertex -46.003989546637264 6.311906715836354 8.5
      vertex -45.94553038769745 6.390729766980398 8.5
      vertex -46.003989546637264 7.580693284163646 8.5
    endloop
  endfacet
  facet normal 0 0 1
    outer loop
      vertex -46.30560326317401 6.064378735651645 8.5
      vertex -46.30560326317401 7.828221264348355 8.5
      vertex -46.39431656763491 7.870179532511287 8.5
    endloop
  endfacet
  facet normal 0 0 1
    outer loop
      vertex -46.2214297669804 6.114830387697455 8.5
      vertex -46.2214297669804 7.777769612302545 8.5
      vertex -46.30560326317401 7.828221264348355 8.5
    endloop
  endfacet
  facet normal 0 0 1
    outer loop
      vertex -46.069893218813455 6.239193218813452 8.5
      vertex -46.069893218813455 7.653406781186548 8.5
      vertex -46.14260671583636 7.719310453362737 8.5
    endloop
  endfacet
  facet normal 0 0 1
    outer loop
      vertex -46.14260671583636 6.173289546637263 8.5
      vertex -46.14260671583636 7.719310453362737 8.5
      vertex -46.2214297669804 7.777769612302545 8.5
    endloop
  endfacet
  facet normal 0 0 1
    outer loop
      vertex -45.94553038769745 6.390729766980398 8.5
      vertex -45.94553038769745 7.501870233019602 8.5
      vertex -46.003989546637264 7.580693284163646 8.5
    endloop
  endfacet
  facet normal 0 0 1
    outer loop
      vertex -46.003989546637264 6.311906715836354 8.5
      vertex -46.003989546637264 7.580693284163646 8.5
      vertex -46.069893218813455 7.653406781186548 8.5
    endloop
  endfacet
  facet normal 0 0 1
    outer loop
      vertex -45.94553038769745 6.390729766980398 8.5
      vertex -45.895078735651644 6.474903263174002 8.5
      vertex -45.94553038769745 7.501870233019602 8.5
    endloop
  endfacet
  facet normal 0 0 1
    outer loop
      vertex -45.895078735651644 6.474903263174002 8.5
      vertex -45.853120467488715 6.56361656763491 8.5
      vertex -45.895078735651644 7.417696736825998 8.5
    endloop
  endfacet
  facet normal 0 0 1
    outer loop
      vertex -45.853120467488715 6.56361656763491 8.5
      vertex -45.820059664267795 6.656015322745538 8.5
      vertex -45.853120467488715 7.3289834323650895 8.5
    endloop
  endfacet
  facet normal 0 0 1
    outer loop
      vertex -45.820059664267795 6.656015322745538 8.5
      vertex -45.79621471959677 6.751209677983872 8.5
      vertex -45.820059664267795 7.236584677254462 8.5
    endloop
  endfacet
  facet normal 0 0 1
    outer loop
      vertex -45.79621471959677 6.751209677983872 8.5
      vertex -45.7818152733278 6.848282859670439 8.5
      vertex -45.79621471959677 7.141390322016128 8.5
    endloop
  endfacet
  facet normal 0 0 1
    outer loop
      vertex -45.7818152733278 6.848282859670439 8.5
      vertex -45.777 6.9463 8.5
      vertex -45.7818152733278 7.044317140329561 8.5
    endloop
  endfacet
  facet normal 0 0 1
    outer loop
      vertex -45.7818152733278 6.848282859670439 8.5
      vertex -45.7818152733278 7.044317140329561 8.5
      vertex -45.79621471959677 7.141390322016128 8.5
    endloop
  endfacet
  facet normal 0 0 1
    outer loop
      vertex -45.79621471959677 6.751209677983872 8.5
      vertex -45.79621471959677 7.141390322016128 8.5
      vertex -45.820059664267795 7.236584677254462 8.5
    endloop
  endfacet
  facet normal 0 0 1
    outer loop
      vertex -45.820059664267795 6.656015322745538 8.5
      vertex -45.820059664267795 7.236584677254462 8.5
      vertex -45.853120467488715 7.3289834323650895 8.5
    endloop
  endfacet
  facet normal 0 0 1
    outer loop
      vertex -45.853120467488715 6.56361656763491 8.5
      vertex -45.853120467488715 7.3289834323650895 8.5
      vertex -45.895078735651644 7.417696736825998 8.5
    endloop
  endfacet
  facet normal 0 0 1
    outer loop
      vertex -45.895078735651644 6.474903263174002 8.5
      vertex -45.895078735651644 7.417696736825998 8.5
      vertex -45.94553038769745 7.501870233019602 8.5
    endloop
  endfacet
  facet normal 0 0 1
    outer loop
      vertex -46.777 5.9463 8.5
      vertex -46.777 7.9463 8.5
      vertex -46.87501714032956 7.941484726672197 8.5
    endloop
  endfacet
  facet normal 0 0 1
    outer loop
      vertex -46.67898285967044 5.951115273327803 8.5
      vertex -46.67898285967044 7.941484726672197 8.5
      vertex -46.777 7.9463 8.5
    endloop
  endfacet
  facet normal 0 0 1
    outer loop
      vertex -46.58190967798387 5.9655147195967695 8.5
      vertex -46.58190967798387 7.92708528040323 8.5
      vertex -46.67898285967044 7.941484726672197 8.5
    endloop
  endfacet
  facet normal 0 0 1
    outer loop
      vertex -46.48671532274554 5.989359664267791 8.5
      vertex -46.48671532274554 7.9032403357322085 8.5
      vertex -46.58190967798387 7.92708528040323 8.5
    endloop
  endfacet
  facet normal 0 0 1
    outer loop
      vertex -46.39431656763491 6.022420467488713 8.5
      vertex -46.39431656763491 7.870179532511287 8.5
      vertex -46.48671532274554 7.9032403357322085 8.5
    endloop
  endfacet
  facet normal -0.4279178721855444 0.7139378380093626 0.5542373662274256
    outer loop
      vertex -47.71665082873982 8.704263053601053 7.01
      vertex -47.3325702330196 7.777769612302545 8.5
      vertex -47.248396736825995 7.828221264348355 8.5
    endloop
  endfacet
  facet normal -0.3558791854143985 0.7524433183078126 0.5542373662274243
    outer loop
      vertex -47.539815641847746 8.787899868139165 7.01
      vertex -47.248396736825995 7.828221264348355 8.5
      vertex -47.15968343236509 7.870179532511287 8.5
    endloop
  endfacet
  facet normal -0.28041318754430694 0.7837023581236237 0.554237366227425
    outer loop
      vertex -47.35563412332723 8.853801069226202 7.01
      vertex -47.15968343236509 7.870179532511287 8.5
      vertex -47.06728467725446 7.9032403357322085 8.5
    endloop
  endfacet
  facet normal -0.2022466573887606 0.8074139158154013 0.5542373662274254
    outer loop
      vertex -47.16588004188549 8.901331992270439 7.01
      vertex -47.06728467725446 7.9032403357322085 8.5
      vertex -46.97209032201613 7.92708528040323 8.5
    endloop
  endfacet
  facet normal -0.1221323813632803 0.8233496361205374 0.5542373662274251
    outer loop
      vertex -46.972380833056924 8.930034888499913 7.01
      vertex -46.97209032201613 7.92708528040323 8.5
      vertex -46.87501714032956 7.941484726672197 8.5
    endloop
  endfacet
  facet normal 0.2022466573887604 0.8074139158154015 0.5542373662274254
    outer loop
      vertex -46.388119958114515 8.901331992270439 7.01
      vertex -46.58190967798387 7.92708528040323 8.5
      vertex -46.48671532274554 7.9032403357322085 8.5
    endloop
  endfacet
  facet normal -0.040841903740917944 0.831356049341138 0.5542373662274251
    outer loop
      vertex -46.777 8.939633333333333 7.01
      vertex -46.87501714032956 7.941484726672197 8.5
      vertex -46.777 7.9463 8.5
    endloop
  endfacet
  facet normal 0.04084190374091852 0.831356049341138 0.5542373662274251
    outer loop
      vertex -46.58161916694308 8.930034888499913 7.01
      vertex -46.777 7.9463 8.5
      vertex -46.67898285967044 7.941484726672197 8.5
    endloop
  endfacet
  facet normal 0.12213238136328101 0.8233496361205374 0.5542373662274253
    outer loop
      vertex -46.58161916694308 8.930034888499913 7.01
      vertex -46.67898285967044 7.941484726672197 8.5
      vertex -46.58190967798387 7.92708528040323 8.5
    endloop
  endfacet
  facet normal 0.3558791854143983 0.7524433183078127 0.5542373662274241
    outer loop
      vertex -46.01418435815226 8.787899868139165 7.01
      vertex -46.39431656763491 7.870179532511287 8.5
      vertex -46.30560326317401 7.828221264348355 8.5
    endloop
  endfacet
  facet normal 0.2804131875443067 0.7837023581236235 0.5542373662274251
    outer loop
      vertex -46.198365876672774 8.853801069226202 7.01
      vertex -46.48671532274554 7.9032403357322085 8.5
      vertex -46.39431656763491 7.870179532511287 8.5
    endloop
  endfacet
  facet normal 0.4279178721855438 0.7139378380093625 0.5542373662274258
    outer loop
      vertex -45.83734917126018 8.704263053601053 7.01
      vertex -46.30560326317401 7.828221264348355 8.5
      vertex -46.2214297669804 7.777769612302545 8.5
    endloop
  endfacet
  facet normal -0.4275550934302734 -0.9039892931234474 0
    outer loop
      vertex -47.484095105239 5.6234181034774675 5.5
      vertex -47.484095105239 5.6234181034774675 3
      vertex -47.351025148547635 5.56048070123307 3
    endloop
  endfacet
  facet normal -0.24298017990326343 -0.9700312531945441 0
    outer loop
      vertex -47.212427015881694 5.510889496401687 5.5
      vertex -47.212427015881694 5.510889496401687 3
      vertex -47.06963548302419 5.475122079395154 3
    endloop
  endfacet
  facet normal -0.3368898533922226 -0.9415440651830198 0
    outer loop
      vertex -47.351025148547635 5.56048070123307 5.5
      vertex -47.351025148547635 5.56048070123307 3
      vertex -47.212427015881694 5.510889496401687 3
    endloop
  endfacet
  facet normal -0.14673047445536114 -0.989176509964781 0
    outer loop
      vertex -47.06963548302419 5.475122079395154 5.5
      vertex -47.06963548302419 5.475122079395154 3
      vertex -46.92402571049434 5.453522909991705 3
    endloop
  endfacet
  facet normal -0.04906767432741864 -0.9987954562051723 0
    outer loop
      vertex -46.92402571049434 5.453522909991705 5.5
      vertex -46.92402571049434 5.453522909991705 3
      vertex -46.777 5.4463 3
    endloop
  endfacet
  facet normal -0.7409511253549546 -0.6715589548470233 0
    outer loop
      vertex -47.93651568004411 5.994710073754532 5.5
      vertex -47.93651568004411 5.994710073754532 3
      vertex -47.837660171779824 5.885639828220178 3
    endloop
  endfacet
  facet normal -0.8577286100002789 -0.5141027441932103 0
    outer loop
      vertex -48.09988189652253 6.239204894761004 5.5
      vertex -48.09988189652253 6.239204894761004 3
      vertex -48.02420441845382 6.112944650470597 3
    endloop
  endfacet
  facet normal -0.8032075314806528 -0.5956993044924226 0
    outer loop
      vertex -48.02420441845382 6.112944650470597 5.5
      vertex -48.02420441845382 6.112944650470597 3
      vertex -47.93651568004411 5.994710073754532 3
    endloop
  endfacet
  facet normal -0.9039892931234337 -0.42755509343030246 0
    outer loop
      vertex -48.162819298766934 6.3722748514523655 5.5
      vertex -48.162819298766934 6.3722748514523655 3
      vertex -48.09988189652253 6.239204894761004 3
    endloop
  endfacet
  facet normal -0.5956993044924429 -0.8032075314806377 0
    outer loop
      vertex -47.72858992624547 5.786784319955895 5.5
      vertex -47.72858992624547 5.786784319955895 3
      vertex -47.61035534952941 5.699095581546182 3
    endloop
  endfacet
  facet normal -0.5141027441932192 -0.8577286100002736 0
    outer loop
      vertex -47.61035534952941 5.699095581546182 5.5
      vertex -47.61035534952941 5.699095581546182 3
      vertex -47.484095105239 5.6234181034774675 3
    endloop
  endfacet
  facet normal -0.6715589548470104 -0.7409511253549662 0
    outer loop
      vertex -47.837660171779824 5.885639828220178 5.5
      vertex -47.837660171779824 5.885639828220178 3
      vertex -47.72858992624547 5.786784319955895 3
    endloop
  endfacet
  facet normal 0.04906767432741864 -0.9987954562051723 0
    outer loop
      vertex -46.777 5.4463 5.5
      vertex -46.777 5.4463 3
      vertex -46.62997428950566 5.453522909991705 3
    endloop
  endfacet
  facet normal 0.14673047445536114 -0.989176509964781 0
    outer loop
      vertex -46.62997428950566 5.453522909991705 5.5
      vertex -46.62997428950566 5.453522909991705 3
      vertex -46.48436451697581 5.475122079395154 3
    endloop
  endfacet
  facet normal 0.24298017990326343 -0.9700312531945441 0
    outer loop
      vertex -46.48436451697581 5.475122079395154 5.5
      vertex -46.48436451697581 5.475122079395154 3
      vertex -46.34157298411831 5.510889496401687 3
    endloop
  endfacet
  facet normal 0.3368898533922226 -0.9415440651830198 0
    outer loop
      vertex -46.34157298411831 5.510889496401687 5.5
      vertex -46.34157298411831 5.510889496401687 3
      vertex -46.20297485145237 5.56048070123307 3
    endloop
  endfacet
  facet normal 0.4275550934302734 -0.9039892931234474 0
    outer loop
      vertex -46.20297485145237 5.56048070123307 5.5
      vertex -46.20297485145237 5.56048070123307 3
      vertex -46.069904894761 5.6234181034774675 3
    endloop
  endfacet
  facet normal 0.5141027441932192 -0.8577286100002736 0
    outer loop
      vertex -46.069904894761 5.6234181034774675 5.5
      vertex -46.069904894761 5.6234181034774675 3
      vertex -45.943644650470596 5.699095581546182 3
    endloop
  endfacet
  facet normal 0.5956993044924429 -0.8032075314806377 0
    outer loop
      vertex -45.943644650470596 5.699095581546182 5.5
      vertex -45.943644650470596 5.699095581546182 3
      vertex -45.82541007375453 5.786784319955895 3
    endloop
  endfacet
  facet normal 0.6715589548470104 -0.7409511253549662 0
    outer loop
      vertex -45.82541007375453 5.786784319955895 5.5
      vertex -45.82541007375453 5.786784319955895 3
      vertex -45.71633982822018 5.885639828220178 3
    endloop
  endfacet
  facet normal 0.7409511253549546 -0.6715589548470233 0
    outer loop
      vertex -45.71633982822018 5.885639828220178 5.5
      vertex -45.71633982822018 5.885639828220178 3
      vertex -45.61748431995589 5.994710073754532 3
    endloop
  endfacet
  facet normal 0.8032075314806528 -0.5956993044924226 0
    outer loop
      vertex -45.61748431995589 5.994710073754532 5.5
      vertex -45.61748431995589 5.994710073754532 3
      vertex -45.52979558154618 6.112944650470597 3
    endloop
  endfacet
  facet normal 0.8577286100002789 -0.5141027441932103 0
    outer loop
      vertex -45.52979558154618 6.112944650470597 5.5
      vertex -45.52979558154618 6.112944650470597 3
      vertex -45.45411810347747 6.239204894761004 3
    endloop
  endfacet
  facet normal 0.9039892931234337 -0.42755509343030246 0
    outer loop
      vertex -45.45411810347747 6.239204894761004 5.5
      vertex -45.45411810347747 6.239204894761004 3
      vertex -45.39118070123307 6.3722748514523655 3
    endloop
  endfacet
  facet normal 0.9415440651830275 -0.3368898533922012 0
    outer loop
      vertex -45.39118070123307 6.3722748514523655 5.5
      vertex -45.39118070123307 6.3722748514523655 3
      vertex -45.34158949640169 6.510872984118306 3
    endloop
  endfacet
  facet normal -0.9415440651830275 -0.3368898533922012 0
    outer loop
      vertex -48.21241050359831 6.510872984118306 5.5
      vertex -48.21241050359831 6.510872984118306 3
      vertex -48.162819298766934 6.3722748514523655 3
    endloop
  endfacet
  facet normal -0.9700312531945441 -0.24298017990326343 0
    outer loop
      vertex -48.248177920604846 6.653664516975807 5.5
      vertex -48.248177920604846 6.653664516975807 3
      vertex -48.21241050359831 6.510872984118306 3
    endloop
  endfacet
  facet normal -0.9891765099647793 -0.14673047445537296 0
    outer loop
      vertex -48.2697770900083 6.799274289505659 5.5
      vertex -48.2697770900083 6.799274289505659 3
      vertex -48.248177920604846 6.653664516975807 3
    endloop
  endfacet
  facet normal -0.9987954562051726 -0.04906767432741232 0
    outer loop
      vertex -48.277 6.9463 5.5
      vertex -48.277 6.9463 3
      vertex -48.2697770900083 6.799274289505659 3
    endloop
  endfacet
  facet normal -0.9987954562051726 0.04906767432741232 0
    outer loop
      vertex -48.2697770900083 7.093325710494341 5.5
      vertex -48.2697770900083 7.093325710494341 3
      vertex -48.277 6.9463 3
    endloop
  endfacet
  facet normal -0.9891765099647793 0.14673047445537296 0
    outer loop
      vertex -48.248177920604846 7.238935483024193 5.5
      vertex -48.248177920604846 7.238935483024193 3
      vertex -48.2697770900083 7.093325710494341 3
    endloop
  endfacet
  facet normal -0.9700312531945441 0.24298017990326343 0
    outer loop
      vertex -48.21241050359831 7.381727015881694 5.5
      vertex -48.21241050359831 7.381727015881694 3
      vertex -48.248177920604846 7.238935483024193 3
    endloop
  endfacet
  facet normal -0.9415440651830275 0.3368898533922012 0
    outer loop
      vertex -48.162819298766934 7.520325148547634 5.5
      vertex -48.162819298766934 7.520325148547634 3
      vertex -48.21241050359831 7.381727015881694 3
    endloop
  endfacet
  facet normal -0.9039892931234337 0.42755509343030246 0
    outer loop
      vertex -48.09988189652253 7.653395105238996 5.5
      vertex -48.09988189652253 7.653395105238996 3
      vertex -48.162819298766934 7.520325148547634 3
    endloop
  endfacet
  facet normal -0.8577286100002789 0.5141027441932103 0
    outer loop
      vertex -48.02420441845382 7.779655349529403 5.5
      vertex -48.02420441845382 7.779655349529403 3
      vertex -48.09988189652253 7.653395105238996 3
    endloop
  endfacet
  facet normal -0.8032075314806528 0.5956993044924226 0
    outer loop
      vertex -47.93651568004411 7.897889926245468 5.5
      vertex -47.93651568004411 7.897889926245468 3
      vertex -48.02420441845382 7.779655349529403 3
    endloop
  endfacet
  facet normal -0.7409511253549546 0.6715589548470233 0
    outer loop
      vertex -47.837660171779824 8.006960171779822 5.5
      vertex -47.837660171779824 8.006960171779822 3
      vertex -47.93651568004411 7.897889926245468 3
    endloop
  endfacet
  facet normal 0.9700312531945441 -0.24298017990326343 0
    outer loop
      vertex -45.34158949640169 6.510872984118306 5.5
      vertex -45.34158949640169 6.510872984118306 3
      vertex -45.305822079395156 6.653664516975807 3
    endloop
  endfacet
  facet normal 0.9891765099647793 -0.14673047445537296 0
    outer loop
      vertex -45.305822079395156 6.653664516975807 5.5
      vertex -45.305822079395156 6.653664516975807 3
      vertex -45.284222909991705 6.799274289505659 3
    endloop
  endfacet
  facet normal 0.9987954562051726 -0.04906767432741232 0
    outer loop
      vertex -45.284222909991705 6.799274289505659 5.5
      vertex -45.284222909991705 6.799274289505659 3
      vertex -45.277 6.9463 3
    endloop
  endfacet
  facet normal 0.9987954562051726 0.04906767432741232 0
    outer loop
      vertex -45.277 6.9463 5.5
      vertex -45.277 6.9463 3
      vertex -45.284222909991705 7.093325710494341 3
    endloop
  endfacet
  facet normal 0.9891765099647793 0.14673047445537296 0
    outer loop
      vertex -45.284222909991705 7.093325710494341 5.5
      vertex -45.284222909991705 7.093325710494341 3
      vertex -45.305822079395156 7.238935483024193 3
    endloop
  endfacet
  facet normal 0.9700312531945441 0.24298017990326343 0
    outer loop
      vertex -45.305822079395156 7.238935483024193 5.5
      vertex -45.305822079395156 7.238935483024193 3
      vertex -45.34158949640169 7.381727015881694 3
    endloop
  endfacet
  facet normal 0.9415440651830275 0.3368898533922012 0
    outer loop
      vertex -45.34158949640169 7.381727015881694 5.5
      vertex -45.34158949640169 7.381727015881694 3
      vertex -45.39118070123307 7.520325148547634 3
    endloop
  endfacet
  facet normal 0.9039892931234337 0.42755509343030246 0
    outer loop
      vertex -45.39118070123307 7.520325148547634 5.5
      vertex -45.39118070123307 7.520325148547634 3
      vertex -45.45411810347747 7.653395105238996 3
    endloop
  endfacet
  facet normal 0.8577286100002789 0.5141027441932103 0
    outer loop
      vertex -45.45411810347747 7.653395105238996 5.5
      vertex -45.45411810347747 7.653395105238996 3
      vertex -45.52979558154618 7.779655349529403 3
    endloop
  endfacet
  facet normal 0.8032075314806528 0.5956993044924226 0
    outer loop
      vertex -45.52979558154618 7.779655349529403 5.5
      vertex -45.52979558154618 7.779655349529403 3
      vertex -45.61748431995589 7.897889926245468 3
    endloop
  endfacet
  facet normal 0.6715589548470138 0.7409511253549632 0
    outer loop
      vertex -45.71633982822018 8.006960171779822 5.5
      vertex -45.71633982822018 8.006960171779822 3
      vertex -45.82541007375453 8.105815680044106 3
    endloop
  endfacet
  facet normal 0.7409511253549546 0.6715589548470233 0
    outer loop
      vertex -45.61748431995589 7.897889926245468 5.5
      vertex -45.61748431995589 7.897889926245468 3
      vertex -45.71633982822018 8.006960171779822 3
    endloop
  endfacet
  facet normal -0.6715589548470138 0.7409511253549632 0
    outer loop
      vertex -47.72858992624547 8.105815680044106 5.5
      vertex -47.72858992624547 8.105815680044106 3
      vertex -47.837660171779824 8.006960171779822 3
    endloop
  endfacet
  facet normal -0.595699304492439 0.8032075314806407 0
    outer loop
      vertex -47.61035534952941 8.193504418453818 5.5
      vertex -47.61035534952941 8.193504418453818 3
      vertex -47.72858992624547 8.105815680044106 3
    endloop
  endfacet
  facet normal -0.5141027441932192 0.8577286100002736 0
    outer loop
      vertex -47.484095105239 8.269181896522532 5.5
      vertex -47.484095105239 8.269181896522532 3
      vertex -47.61035534952941 8.193504418453818 3
    endloop
  endfacet
  facet normal -0.4275550934302734 0.9039892931234474 0
    outer loop
      vertex -47.351025148547635 8.33211929876693 5.5
      vertex -47.351025148547635 8.33211929876693 3
      vertex -47.484095105239 8.269181896522532 3
    endloop
  endfacet
  facet normal -0.3368898533922226 0.9415440651830198 0
    outer loop
      vertex -47.212427015881694 8.381710503598313 5.5
      vertex -47.212427015881694 8.381710503598313 3
      vertex -47.351025148547635 8.33211929876693 3
    endloop
  endfacet
  facet normal -0.24298017990326343 0.9700312531945441 0
    outer loop
      vertex -47.06963548302419 8.417477920604846 5.5
      vertex -47.06963548302419 8.417477920604846 3
      vertex -47.212427015881694 8.381710503598313 3
    endloop
  endfacet
  facet normal -0.14673047445536114 0.989176509964781 0
    outer loop
      vertex -46.92402571049434 8.439077090008295 5.5
      vertex -46.92402571049434 8.439077090008295 3
      vertex -47.06963548302419 8.417477920604846 3
    endloop
  endfacet
  facet normal -0.049067674327424655 0.998795456205172 0
    outer loop
      vertex -46.777 8.4463 5.5
      vertex -46.777 8.4463 3
      vertex -46.92402571049434 8.439077090008295 3
    endloop
  endfacet
  facet normal 0.049067674327424655 0.998795456205172 0
    outer loop
      vertex -46.62997428950566 8.439077090008295 5.5
      vertex -46.62997428950566 8.439077090008295 3
      vertex -46.777 8.4463 3
    endloop
  endfacet
  facet normal 0.14673047445536114 0.989176509964781 0
    outer loop
      vertex -46.48436451697581 8.417477920604846 5.5
      vertex -46.48436451697581 8.417477920604846 3
      vertex -46.62997428950566 8.439077090008295 3
    endloop
  endfacet
  facet normal 0.5141027441932192 0.8577286100002736 0
    outer loop
      vertex -45.943644650470596 8.193504418453818 5.5
      vertex -45.943644650470596 8.193504418453818 3
      vertex -46.069904894761 8.269181896522532 3
    endloop
  endfacet
  facet normal 0.3368898533922226 0.9415440651830198 0
    outer loop
      vertex -46.20297485145237 8.33211929876693 5.5
      vertex -46.20297485145237 8.33211929876693 3
      vertex -46.34157298411831 8.381710503598313 3
    endloop
  endfacet
  facet normal 0.24298017990326343 0.9700312531945441 0
    outer loop
      vertex -46.34157298411831 8.381710503598313 5.5
      vertex -46.34157298411831 8.381710503598313 3
      vertex -46.48436451697581 8.417477920604846 3
    endloop
  endfacet
  facet normal 0.4275550934302734 0.9039892931234474 0
    outer loop
      vertex -46.069904894761 8.269181896522532 5.5
      vertex -46.069904894761 8.269181896522532 3
      vertex -46.20297485145237 8.33211929876693 3
    endloop
  endfacet
  facet normal 0.595699304492439 0.8032075314806407 0
    outer loop
      vertex -45.82541007375453 8.105815680044106 5.5
      vertex -45.82541007375453 8.105815680044106 3
      vertex -45.943644650470596 8.193504418453818 3
    endloop
  endfacet
  facet normal -0.4275550934302734 -0.9039892931234474 0
    outer loop
      vertex -47.351025148547635 5.56048070123307 5.5
      vertex -47.484095105239 5.6234181034774675 5.5
      vertex -47.351025148547635 5.56048070123307 3
    endloop
  endfacet
  facet normal -0.3368898533922226 -0.9415440651830198 0
    outer loop
      vertex -47.212427015881694 5.510889496401687 5.5
      vertex -47.351025148547635 5.56048070123307 5.5
      vertex -47.212427015881694 5.510889496401687 3
    endloop
  endfacet
  facet normal -0.24298017990326343 -0.9700312531945441 0
    outer loop
      vertex -47.06963548302419 5.475122079395154 5.5
      vertex -47.212427015881694 5.510889496401687 5.5
      vertex -47.06963548302419 5.475122079395154 3
    endloop
  endfacet
  facet normal -0.14673047445536114 -0.989176509964781 0
    outer loop
      vertex -46.92402571049434 5.453522909991705 5.5
      vertex -47.06963548302419 5.475122079395154 5.5
      vertex -46.92402571049434 5.453522909991705 3
    endloop
  endfacet
  facet normal -0.7409511253549546 -0.6715589548470233 0
    outer loop
      vertex -47.837660171779824 5.885639828220178 5.5
      vertex -47.93651568004411 5.994710073754532 5.5
      vertex -47.837660171779824 5.885639828220178 3
    endloop
  endfacet
  facet normal -0.8032075314806528 -0.5956993044924226 0
    outer loop
      vertex -47.93651568004411 5.994710073754532 5.5
      vertex -48.02420441845382 6.112944650470597 5.5
      vertex -47.93651568004411 5.994710073754532 3
    endloop
  endfacet
  facet normal -0.8577286100002789 -0.5141027441932103 0
    outer loop
      vertex -48.02420441845382 6.112944650470597 5.5
      vertex -48.09988189652253 6.239204894761004 5.5
      vertex -48.02420441845382 6.112944650470597 3
    endloop
  endfacet
  facet normal -0.9039892931234337 -0.42755509343030246 0
    outer loop
      vertex -48.09988189652253 6.239204894761004 5.5
      vertex -48.162819298766934 6.3722748514523655 5.5
      vertex -48.09988189652253 6.239204894761004 3
    endloop
  endfacet
  facet normal -0.9415440651830275 -0.3368898533922012 0
    outer loop
      vertex -48.162819298766934 6.3722748514523655 5.5
      vertex -48.21241050359831 6.510872984118306 5.5
      vertex -48.162819298766934 6.3722748514523655 3
    endloop
  endfacet
  facet normal -0.5956993044924429 -0.8032075314806377 0
    outer loop
      vertex -47.61035534952941 5.699095581546182 5.5
      vertex -47.72858992624547 5.786784319955895 5.5
      vertex -47.61035534952941 5.699095581546182 3
    endloop
  endfacet
  facet normal -0.6715589548470104 -0.7409511253549662 0
    outer loop
      vertex -47.72858992624547 5.786784319955895 5.5
      vertex -47.837660171779824 5.885639828220178 5.5
      vertex -47.72858992624547 5.786784319955895 3
    endloop
  endfacet
  facet normal -0.5141027441932192 -0.8577286100002736 -1.786813921136065e-18
    outer loop
      vertex -47.61035534952941 5.699095581546182 5.5
      vertex -47.484095105239 5.6234181034774675 3
      vertex -47.484095105239 5.6234181034774675 5.5
    endloop
  endfacet
  facet normal -0.04906767432741864 -0.9987954562051723 -7.997958120116567e-20
    outer loop
      vertex -46.92402571049434 5.453522909991705 5.5
      vertex -46.777 5.4463 3
      vertex -46.777 5.4463 5.5
    endloop
  endfacet
  facet normal 0.04906767432741864 -0.9987954562051723 7.997958120116567e-20
    outer loop
      vertex -46.777 5.4463 5.5
      vertex -46.62997428950566 5.453522909991705 3
      vertex -46.62997428950566 5.453522909991705 5.5
    endloop
  endfacet
  facet normal 0.14673047445536114 -0.989176509964781 4.085976237418725e-19
    outer loop
      vertex -46.62997428950566 5.453522909991705 5.5
      vertex -46.48436451697581 5.475122079395154 3
      vertex -46.48436451697581 5.475122079395154 5.5
    endloop
  endfacet
  facet normal 0.24298017990326343 -0.9700312531945441 -5.904920773670925e-20
    outer loop
      vertex -46.48436451697581 5.475122079395154 5.5
      vertex -46.34157298411831 5.510889496401687 3
      vertex -46.34157298411831 5.510889496401687 5.5
    endloop
  endfacet
  facet normal 0.3368898533922226 -0.9415440651830198 8.806317594405358e-19
    outer loop
      vertex -46.34157298411831 5.510889496401687 5.5
      vertex -46.20297485145237 5.56048070123307 3
      vertex -46.20297485145237 5.56048070123307 5.5
    endloop
  endfacet
  facet normal 0.4275550934302734 -0.9039892931234474 3.6792239005439733e-19
    outer loop
      vertex -46.20297485145237 5.56048070123307 5.5
      vertex -46.069904894761 5.6234181034774675 3
      vertex -46.069904894761 5.6234181034774675 5.5
    endloop
  endfacet
  facet normal 0.5141027441932192 -0.8577286100002736 1.786813921136065e-18
    outer loop
      vertex -46.069904894761 5.6234181034774675 5.5
      vertex -45.943644650470596 5.699095581546182 3
      vertex -45.943644650470596 5.699095581546182 5.5
    endloop
  endfacet
  facet normal 0.5956993044924429 -0.8032075314806377 1.9679293518244717e-18
    outer loop
      vertex -45.943644650470596 5.699095581546182 5.5
      vertex -45.82541007375453 5.786784319955895 3
      vertex -45.82541007375453 5.786784319955895 5.5
    endloop
  endfacet
  facet normal 0.6715589548470104 -0.7409511253549662 -3.3815482078217627e-19
    outer loop
      vertex -45.82541007375453 5.786784319955895 5.5
      vertex -45.71633982822018 5.885639828220178 3
      vertex -45.71633982822018 5.885639828220178 5.5
    endloop
  endfacet
  facet normal 0.7409511253549546 -0.6715589548470233 -7.252687541875426e-19
    outer loop
      vertex -45.71633982822018 5.885639828220178 5.5
      vertex -45.61748431995589 5.994710073754532 3
      vertex -45.61748431995589 5.994710073754532 5.5
    endloop
  endfacet
  facet normal 0.8032075314806528 -0.5956993044924226 2.352541520753029e-18
    outer loop
      vertex -45.61748431995589 5.994710073754532 5.5
      vertex -45.52979558154618 6.112944650470597 3
      vertex -45.52979558154618 6.112944650470597 5.5
    endloop
  endfacet
  facet normal 0.8577286100002789 -0.5141027441932103 4.1749397540850306e-19
    outer loop
      vertex -45.52979558154618 6.112944650470597 5.5
      vertex -45.45411810347747 6.239204894761004 3
      vertex -45.45411810347747 6.239204894761004 5.5
    endloop
  endfacet
  facet normal 0.9039892931234337 -0.42755509343030246 -1.3692566834689876e-18
    outer loop
      vertex -45.45411810347747 6.239204894761004 5.5
      vertex -45.39118070123307 6.3722748514523655 3
      vertex -45.39118070123307 6.3722748514523655 5.5
    endloop
  endfacet
  facet normal -0.9700312531945441 -0.24298017990326343 0
    outer loop
      vertex -48.21241050359831 6.510872984118306 5.5
      vertex -48.248177920604846 6.653664516975807 5.5
      vertex -48.21241050359831 6.510872984118306 3
    endloop
  endfacet
  facet normal -0.9891765099647793 -0.14673047445537296 0
    outer loop
      vertex -48.248177920604846 6.653664516975807 5.5
      vertex -48.2697770900083 6.799274289505659 5.5
      vertex -48.248177920604846 6.653664516975807 3
    endloop
  endfacet
  facet normal -0.9987954562051726 -0.04906767432741232 0
    outer loop
      vertex -48.2697770900083 6.799274289505659 5.5
      vertex -48.277 6.9463 5.5
      vertex -48.2697770900083 6.799274289505659 3
    endloop
  endfacet
  facet normal -0.9987954562051726 0.04906767432741232 0
    outer loop
      vertex -48.277 6.9463 5.5
      vertex -48.2697770900083 7.093325710494341 5.5
      vertex -48.277 6.9463 3
    endloop
  endfacet
  facet normal -0.9891765099647793 0.14673047445537296 0
    outer loop
      vertex -48.2697770900083 7.093325710494341 5.5
      vertex -48.248177920604846 7.238935483024193 5.5
      vertex -48.2697770900083 7.093325710494341 3
    endloop
  endfacet
  facet normal -0.9700312531945441 0.24298017990326343 0
    outer loop
      vertex -48.248177920604846 7.238935483024193 5.5
      vertex -48.21241050359831 7.381727015881694 5.5
      vertex -48.248177920604846 7.238935483024193 3
    endloop
  endfacet
  facet normal -0.9415440651830275 0.3368898533922012 0
    outer loop
      vertex -48.21241050359831 7.381727015881694 5.5
      vertex -48.162819298766934 7.520325148547634 5.5
      vertex -48.21241050359831 7.381727015881694 3
    endloop
  endfacet
  facet normal -0.9039892931234337 0.42755509343030246 0
    outer loop
      vertex -48.162819298766934 7.520325148547634 5.5
      vertex -48.09988189652253 7.653395105238996 5.5
      vertex -48.162819298766934 7.520325148547634 3
    endloop
  endfacet
  facet normal -0.8577286100002789 0.5141027441932103 0
    outer loop
      vertex -48.09988189652253 7.653395105238996 5.5
      vertex -48.02420441845382 7.779655349529403 5.5
      vertex -48.09988189652253 7.653395105238996 3
    endloop
  endfacet
  facet normal -0.8032075314806528 0.5956993044924226 0
    outer loop
      vertex -48.02420441845382 7.779655349529403 5.5
      vertex -47.93651568004411 7.897889926245468 5.5
      vertex -48.02420441845382 7.779655349529403 3
    endloop
  endfacet
  facet normal -0.7409511253549546 0.6715589548470233 0
    outer loop
      vertex -47.93651568004411 7.897889926245468 5.5
      vertex -47.837660171779824 8.006960171779822 5.5
      vertex -47.93651568004411 7.897889926245468 3
    endloop
  endfacet
  facet normal -0.6715589548470138 0.7409511253549632 0
    outer loop
      vertex -47.837660171779824 8.006960171779822 5.5
      vertex -47.72858992624547 8.105815680044106 5.5
      vertex -47.837660171779824 8.006960171779822 3
    endloop
  endfacet
  facet normal 0.9415440651830275 -0.3368898533922012 -7.643788573356297e-19
    outer loop
      vertex -45.39118070123307 6.3722748514523655 5.5
      vertex -45.34158949640169 6.510872984118306 3
      vertex -45.34158949640169 6.510872984118306 5.5
    endloop
  endfacet
  facet normal 0.9700312531945441 -0.24298017990326343 -5.904920773670925e-20
    outer loop
      vertex -45.34158949640169 6.510872984118306 5.5
      vertex -45.305822079395156 6.653664516975807 3
      vertex -45.305822079395156 6.653664516975807 5.5
    endloop
  endfacet
  facet normal 0.9891765099647793 -0.14673047445537296 -2.7770206631722197e-19
    outer loop
      vertex -45.305822079395156 6.653664516975807 5.5
      vertex -45.284222909991705 6.799274289505659 3
      vertex -45.284222909991705 6.799274289505659 5.5
    endloop
  endfacet
  facet normal 0.9987954562051726 -0.04906767432741232 -2.9257224542288156e-19
    outer loop
      vertex -45.284222909991705 6.799274289505659 5.5
      vertex -45.277 6.9463 3
      vertex -45.277 6.9463 5.5
    endloop
  endfacet
  facet normal 0.9987954562051726 0.04906767432741232 2.9257224542288156e-19
    outer loop
      vertex -45.277 6.9463 5.5
      vertex -45.284222909991705 7.093325710494341 3
      vertex -45.284222909991705 7.093325710494341 5.5
    endloop
  endfacet
  facet normal 0.9891765099647793 0.14673047445537296 2.7770206631722197e-19
    outer loop
      vertex -45.284222909991705 7.093325710494341 5.5
      vertex -45.305822079395156 7.238935483024193 3
      vertex -45.305822079395156 7.238935483024193 5.5
    endloop
  endfacet
  facet normal 0.9700312531945441 0.24298017990326343 5.904920773670925e-20
    outer loop
      vertex -45.305822079395156 7.238935483024193 5.5
      vertex -45.34158949640169 7.381727015881694 3
      vertex -45.34158949640169 7.381727015881694 5.5
    endloop
  endfacet
  facet normal 0.9415440651830275 0.3368898533922012 7.643788573356297e-19
    outer loop
      vertex -45.34158949640169 7.381727015881694 5.5
      vertex -45.39118070123307 7.520325148547634 3
      vertex -45.39118070123307 7.520325148547634 5.5
    endloop
  endfacet
  facet normal 0.9039892931234337 0.42755509343030246 1.3692566834689876e-18
    outer loop
      vertex -45.39118070123307 7.520325148547634 5.5
      vertex -45.45411810347747 7.653395105238996 3
      vertex -45.45411810347747 7.653395105238996 5.5
    endloop
  endfacet
  facet normal 0.8577286100002789 0.5141027441932103 0
    outer loop
      vertex -45.52979558154618 7.779655349529403 5.5
      vertex -45.45411810347747 7.653395105238996 5.5
      vertex -45.52979558154618 7.779655349529403 3
    endloop
  endfacet
  facet normal 0.8032075314806528 0.5956993044924226 -2.352541520753029e-18
    outer loop
      vertex -45.52979558154618 7.779655349529403 5.5
      vertex -45.61748431995589 7.897889926245468 3
      vertex -45.61748431995589 7.897889926245468 5.5
    endloop
  endfacet
  facet normal 0.7409511253549546 0.6715589548470233 7.252687541875426e-19
    outer loop
      vertex -45.61748431995589 7.897889926245468 5.5
      vertex -45.71633982822018 8.006960171779822 3
      vertex -45.71633982822018 8.006960171779822 5.5
    endloop
  endfacet
  facet normal -0.595699304492439 0.8032075314806407 0
    outer loop
      vertex -47.72858992624547 8.105815680044106 5.5
      vertex -47.61035534952941 8.193504418453818 5.5
      vertex -47.72858992624547 8.105815680044106 3
    endloop
  endfacet
  facet normal -0.5141027441932192 0.8577286100002736 0
    outer loop
      vertex -47.61035534952941 8.193504418453818 5.5
      vertex -47.484095105239 8.269181896522532 5.5
      vertex -47.61035534952941 8.193504418453818 3
    endloop
  endfacet
  facet normal -0.4275550934302734 0.9039892931234474 0
    outer loop
      vertex -47.484095105239 8.269181896522532 5.5
      vertex -47.351025148547635 8.33211929876693 5.5
      vertex -47.484095105239 8.269181896522532 3
    endloop
  endfacet
  facet normal -0.3368898533922226 0.9415440651830198 0
    outer loop
      vertex -47.351025148547635 8.33211929876693 5.5
      vertex -47.212427015881694 8.381710503598313 5.5
      vertex -47.351025148547635 8.33211929876693 3
    endloop
  endfacet
  facet normal -0.24298017990326343 0.9700312531945441 0
    outer loop
      vertex -47.212427015881694 8.381710503598313 5.5
      vertex -47.06963548302419 8.417477920604846 5.5
      vertex -47.212427015881694 8.381710503598313 3
    endloop
  endfacet
  facet normal -0.14673047445536114 0.989176509964781 0
    outer loop
      vertex -47.06963548302419 8.417477920604846 5.5
      vertex -46.92402571049434 8.439077090008295 5.5
      vertex -47.06963548302419 8.417477920604846 3
    endloop
  endfacet
  facet normal -0.049067674327424655 0.998795456205172 0
    outer loop
      vertex -46.92402571049434 8.439077090008295 5.5
      vertex -46.777 8.4463 5.5
      vertex -46.92402571049434 8.439077090008295 3
    endloop
  endfacet
  facet normal 0.049067674327424655 0.998795456205172 0
    outer loop
      vertex -46.777 8.4463 5.5
      vertex -46.62997428950566 8.439077090008295 5.5
      vertex -46.777 8.4463 3
    endloop
  endfacet
  facet normal 0.14673047445536114 0.989176509964781 0
    outer loop
      vertex -46.62997428950566 8.439077090008295 5.5
      vertex -46.48436451697581 8.417477920604846 5.5
      vertex -46.62997428950566 8.439077090008295 3
    endloop
  endfacet
  facet normal 0.24298017990326343 0.9700312531945441 5.904920773670925e-20
    outer loop
      vertex -46.34157298411831 8.381710503598313 5.5
      vertex -46.48436451697581 8.417477920604846 3
      vertex -46.48436451697581 8.417477920604846 5.5
    endloop
  endfacet
  facet normal 0.5141027441932192 0.8577286100002736 -1.786813921136065e-18
    outer loop
      vertex -45.943644650470596 8.193504418453818 5.5
      vertex -46.069904894761 8.269181896522532 3
      vertex -46.069904894761 8.269181896522532 5.5
    endloop
  endfacet
  facet normal 0.3368898533922226 0.9415440651830198 0
    outer loop
      vertex -46.34157298411831 8.381710503598313 5.5
      vertex -46.20297485145237 8.33211929876693 5.5
      vertex -46.34157298411831 8.381710503598313 3
    endloop
  endfacet
  facet normal 0.4275550934302734 0.9039892931234474 -3.6792239005439733e-19
    outer loop
      vertex -46.069904894761 8.269181896522532 5.5
      vertex -46.20297485145237 8.33211929876693 3
      vertex -46.20297485145237 8.33211929876693 5.5
    endloop
  endfacet
  facet normal 0.6715589548470138 0.7409511253549632 1.0736732475364759e-18
    outer loop
      vertex -45.71633982822018 8.006960171779822 5.5
      vertex -45.82541007375453 8.105815680044106 3
      vertex -45.82541007375453 8.105815680044106 5.5
    endloop
  endfacet
  facet normal 0.595699304492439 0.8032075314806407 5.591680518461893e-19
    outer loop
      vertex -45.82541007375453 8.105815680044106 5.5
      vertex -45.943644650470596 8.193504418453818 3
      vertex -45.943644650470596 8.193504418453818 5.5
    endloop
  endfacet
  facet normal -0.8032075537634112 -0.5956992744475998 0
    outer loop
      vertex 54.35013038966656 7.704329770112038 5
      vertex 54.35013038966656 7.704329770112038 3
      vertex 54.40858954492808 7.625506717765331 3
    endloop
  endfacet
  facet normal -0.8577286053649072 -0.5141027519268605 0
    outer loop
      vertex 54.29967873845101 7.788503263199329 5
      vertex 54.29967873845101 7.788503263199329 3
      vertex 54.35013038966656 7.704329770112038 3
    endloop
  endfacet
  facet normal -0.9039892738775857 -0.42755513412222684 0
    outer loop
      vertex 54.257720465993884 7.8772165664076805 5
      vertex 54.257720465993884 7.8772165664076805 3
      vertex 54.29967873845101 7.788503263199329 3
    endloop
  endfacet
  facet normal -0.9415440627982694 -0.3368898600571533 0
    outer loop
      vertex 54.22465966198445 7.969615321660042 5
      vertex 54.22465966198445 7.969615321660042 3
      vertex 54.257720465993884 7.8772165664076805 3
    endloop
  endfacet
  facet normal -0.9700312581757379 -0.24298016001722234 0
    outer loop
      vertex 54.20081471953392 8.0648096763134 5
      vertex 54.20081471953392 8.0648096763134 3
      vertex 54.22465966198445 7.969615321660042 3
    endloop
  endfacet
  facet normal -0.3368898600571533 -0.9415440627982694 0
    outer loop
      vertex 54.798916566407684 7.336020465993881 5
      vertex 54.798916566407684 7.336020465993881 3
      vertex 54.891315321660045 7.302959661984444 3
    endloop
  endfacet
  facet normal -0.5141027519268605 -0.8577286053649072 0
    outer loop
      vertex 54.62602977011204 7.428430389666557 5
      vertex 54.62602977011204 7.428430389666557 3
      vertex 54.71020326319933 7.377978738451004 3
    endloop
  endfacet
  facet normal -0.42755513412222684 -0.9039892738775857 0
    outer loop
      vertex 54.71020326319933 7.377978738451004 5
      vertex 54.71020326319933 7.377978738451004 3
      vertex 54.798916566407684 7.336020465993881 3
    endloop
  endfacet
  facet normal -0.5956992744475998 -0.8032075537634112 0
    outer loop
      vertex 54.547206717765334 7.486889544928074 5
      vertex 54.547206717765334 7.486889544928074 3
      vertex 54.62602977011204 7.428430389666557 3
    endloop
  endfacet
  facet normal -0.671558924771311 -0.7409511526139904 0
    outer loop
      vertex 54.47449321601391 7.552793216013908 5
      vertex 54.47449321601391 7.552793216013908 3
      vertex 54.547206717765334 7.486889544928074 3
    endloop
  endfacet
  facet normal -0.7409511526139904 -0.671558924771311 0
    outer loop
      vertex 54.40858954492808 7.625506717765331 5
      vertex 54.40858954492808 7.625506717765331 3
      vertex 54.47449321601391 7.552793216013908 3
    endloop
  endfacet
  facet normal -0.24298016001722234 -0.9700312581757379 0
    outer loop
      vertex 54.891315321660045 7.302959661984444 5
      vertex 54.891315321660045 7.302959661984444 3
      vertex 54.9865096763134 7.27911471953392 3
    endloop
  endfacet
  facet normal -0.14673047607854153 -0.989176509724005 0
    outer loop
      vertex 54.9865096763134 7.27911471953392 5
      vertex 54.9865096763134 7.27911471953392 3
      vertex 55.08358285877705 7.264715272986889 3
    endloop
  endfacet
  facet normal -0.049067670415704694 -0.9987954563973425 0
    outer loop
      vertex 55.08358285877705 7.264715272986889 5
      vertex 55.08358285877705 7.264715272986889 3
      vertex 55.1816 7.2599 3
    endloop
  endfacet
  facet normal 0 -1 0
    outer loop
      vertex 55.1816 7.2599 5
      vertex 55.1816 7.2599 3
      vertex 56.1816 7.2599 3
    endloop
  endfacet
  facet normal 0.049067670415704694 -0.9987954563973425 0
    outer loop
      vertex 56.1816 7.2599 5
      vertex 56.1816 7.2599 3
      vertex 56.27961714122296 7.264715272986889 3
    endloop
  endfacet
  facet normal -0.989176509724005 -0.14673047607854153 0
    outer loop
      vertex 54.18641527298689 8.161882858777046 5
      vertex 54.18641527298689 8.161882858777046 3
      vertex 54.20081471953392 8.0648096763134 3
    endloop
  endfacet
  facet normal -0.9987954563973425 -0.049067670415704694 0
    outer loop
      vertex 54.1816 8.2599 5
      vertex 54.1816 8.2599 3
      vertex 54.18641527298689 8.161882858777046 3
    endloop
  endfacet
  facet normal 0.14673047607854153 -0.989176509724005 0
    outer loop
      vertex 56.27961714122296 7.264715272986889 5
      vertex 56.27961714122296 7.264715272986889 3
      vertex 56.3766903236866 7.27911471953392 3
    endloop
  endfacet
  facet normal 0.24298016001722234 -0.9700312581757379 0
    outer loop
      vertex 56.3766903236866 7.27911471953392 5
      vertex 56.3766903236866 7.27911471953392 3
      vertex 56.47188467833996 7.302959661984444 3
    endloop
  endfacet
  facet normal 0.3368898600571533 -0.9415440627982694 0
    outer loop
      vertex 56.47188467833996 7.302959661984444 5
      vertex 56.47188467833996 7.302959661984444 3
      vertex 56.56428343359232 7.336020465993881 3
    endloop
  endfacet
  facet normal 0.42755513412222684 -0.9039892738775857 0
    outer loop
      vertex 56.56428343359232 7.336020465993881 5
      vertex 56.56428343359232 7.336020465993881 3
      vertex 56.652996736800674 7.377978738451004 3
    endloop
  endfacet
  facet normal 0.5141027519268605 -0.8577286053649072 0
    outer loop
      vertex 56.652996736800674 7.377978738451004 5
      vertex 56.652996736800674 7.377978738451004 3
      vertex 56.737170229887965 7.428430389666557 3
    endloop
  endfacet
  facet normal 0.5956992744475998 -0.8032075537634112 0
    outer loop
      vertex 56.737170229887965 7.428430389666557 5
      vertex 56.737170229887965 7.428430389666557 3
      vertex 56.81599328223467 7.486889544928074 3
    endloop
  endfacet
  facet normal 0.671558924771311 -0.7409511526139904 0
    outer loop
      vertex 56.81599328223467 7.486889544928074 5
      vertex 56.81599328223467 7.486889544928074 3
      vertex 56.888706783986095 7.552793216013908 3
    endloop
  endfacet
  facet normal 0.7409511526139904 -0.671558924771311 0
    outer loop
      vertex 56.888706783986095 7.552793216013908 5
      vertex 56.888706783986095 7.552793216013908 3
      vertex 56.95461045507193 7.625506717765331 3
    endloop
  endfacet
  facet normal 0.8032075537634112 -0.5956992744475998 0
    outer loop
      vertex 56.95461045507193 7.625506717765331 5
      vertex 56.95461045507193 7.625506717765331 3
      vertex 57.013069610333446 7.704329770112038 3
    endloop
  endfacet
  facet normal 0.8577286053649072 -0.5141027519268605 0
    outer loop
      vertex 57.013069610333446 7.704329770112038 5
      vertex 57.013069610333446 7.704329770112038 3
      vertex 57.063521261549 7.788503263199329 3
    endloop
  endfacet
  facet normal 0.9039892738775857 -0.42755513412222684 0
    outer loop
      vertex 57.063521261549 7.788503263199329 5
      vertex 57.063521261549 7.788503263199329 3
      vertex 57.10547953400612 7.8772165664076805 3
    endloop
  endfacet
  facet normal 0.9415440627982694 -0.3368898600571533 0
    outer loop
      vertex 57.10547953400612 7.8772165664076805 5
      vertex 57.10547953400612 7.8772165664076805 3
      vertex 57.13854033801556 7.969615321660042 3
    endloop
  endfacet
  facet normal 0.9700312581757379 -0.24298016001722234 0
    outer loop
      vertex 57.13854033801556 7.969615321660042 5
      vertex 57.13854033801556 7.969615321660042 3
      vertex 57.16238528046608 8.0648096763134 3
    endloop
  endfacet
  facet normal 0.989176509724005 -0.14673047607854153 0
    outer loop
      vertex 57.16238528046608 8.0648096763134 5
      vertex 57.16238528046608 8.0648096763134 3
      vertex 57.176784727013114 8.161882858777046 3
    endloop
  endfacet
  facet normal 0.9987954563973425 -0.049067670415704694 0
    outer loop
      vertex 57.176784727013114 8.161882858777046 5
      vertex 57.176784727013114 8.161882858777046 3
      vertex 57.1816 8.2599 3
    endloop
  endfacet
  facet normal 1 0 0
    outer loop
      vertex 57.1816 8.2599 5
      vertex 57.1816 8.2599 3
      vertex 57.1816 21.259900000000002 3
    endloop
  endfacet
  facet normal -1 0 0
    outer loop
      vertex 54.1816 21.259900000000002 5
      vertex 54.1816 21.259900000000002 3
      vertex 54.1816 8.2599 3
    endloop
  endfacet
  facet normal -0.9987954563973425 0.049067670415704694 0
    outer loop
      vertex 54.18641527298689 21.357917141222956 5
      vertex 54.18641527298689 21.357917141222956 3
      vertex 54.1816 21.259900000000002 3
    endloop
  endfacet
  facet normal -0.989176509724005 0.14673047607854153 0
    outer loop
      vertex 54.20081471953392 21.4549903236866 5
      vertex 54.20081471953392 21.4549903236866 3
      vertex 54.18641527298689 21.357917141222956 3
    endloop
  endfacet
  facet normal -0.9700312581757379 0.24298016001722234 0
    outer loop
      vertex 54.22465966198445 21.55018467833996 5
      vertex 54.22465966198445 21.55018467833996 3
      vertex 54.20081471953392 21.4549903236866 3
    endloop
  endfacet
  facet normal -0.9415440627982694 0.3368898600571533 0
    outer loop
      vertex 54.257720465993884 21.64258343359232 5
      vertex 54.257720465993884 21.64258343359232 3
      vertex 54.22465966198445 21.55018467833996 3
    endloop
  endfacet
  facet normal -0.9039892738775857 0.42755513412222684 0
    outer loop
      vertex 54.29967873845101 21.731296736800672 5
      vertex 54.29967873845101 21.731296736800672 3
      vertex 54.257720465993884 21.64258343359232 3
    endloop
  endfacet
  facet normal -0.8577286053649072 0.5141027519268605 0
    outer loop
      vertex 54.35013038966656 21.815470229887964 5
      vertex 54.35013038966656 21.815470229887964 3
      vertex 54.29967873845101 21.731296736800672 3
    endloop
  endfacet
  facet normal -0.8032075537634112 0.5956992744475998 0
    outer loop
      vertex 54.40858954492808 21.89429328223467 5
      vertex 54.40858954492808 21.89429328223467 3
      vertex 54.35013038966656 21.815470229887964 3
    endloop
  endfacet
  facet normal -0.7409511526139904 0.671558924771311 0
    outer loop
      vertex 54.47449321601391 21.967006783986093 5
      vertex 54.47449321601391 21.967006783986093 3
      vertex 54.40858954492808 21.89429328223467 3
    endloop
  endfacet
  facet normal -0.671558924771311 0.7409511526139904 0
    outer loop
      vertex 54.547206717765334 22.032910455071928 5
      vertex 54.547206717765334 22.032910455071928 3
      vertex 54.47449321601391 21.967006783986093 3
    endloop
  endfacet
  facet normal -0.5956992744475998 0.8032075537634112 0
    outer loop
      vertex 54.62602977011204 22.091369610333444 5
      vertex 54.62602977011204 22.091369610333444 3
      vertex 54.547206717765334 22.032910455071928 3
    endloop
  endfacet
  facet normal -0.5141027519268605 0.8577286053649072 0
    outer loop
      vertex 54.71020326319933 22.141821261548998 5
      vertex 54.71020326319933 22.141821261548998 3
      vertex 54.62602977011204 22.091369610333444 3
    endloop
  endfacet
  facet normal -0.42755513412222684 0.9039892738775857 0
    outer loop
      vertex 54.798916566407684 22.18377953400612 5
      vertex 54.798916566407684 22.18377953400612 3
      vertex 54.71020326319933 22.141821261548998 3
    endloop
  endfacet
  facet normal -0.3368898600571533 0.9415440627982694 0
    outer loop
      vertex 54.891315321660045 22.216840338015558 5
      vertex 54.891315321660045 22.216840338015558 3
      vertex 54.798916566407684 22.18377953400612 3
    endloop
  endfacet
  facet normal -0.24298016001722234 0.9700312581757379 0
    outer loop
      vertex 54.9865096763134 22.24068528046608 5
      vertex 54.9865096763134 22.24068528046608 3
      vertex 54.891315321660045 22.216840338015558 3
    endloop
  endfacet
  facet normal -0.14673047607854153 0.989176509724005 0
    outer loop
      vertex 55.08358285877705 22.255084727013113 5
      vertex 55.08358285877705 22.255084727013113 3
      vertex 54.9865096763134 22.24068528046608 3
    endloop
  endfacet
  facet normal -0.049067670415704694 0.9987954563973425 0
    outer loop
      vertex 55.1816 22.259900000000002 5
      vertex 55.1816 22.259900000000002 3
      vertex 55.08358285877705 22.255084727013113 3
    endloop
  endfacet
  facet normal 0 1 0
    outer loop
      vertex 56.1816 22.259900000000002 5
      vertex 56.1816 22.259900000000002 3
      vertex 55.1816 22.259900000000002 3
    endloop
  endfacet
  facet normal 0.049067670415704694 0.9987954563973425 0
    outer loop
      vertex 56.27961714122296 22.255084727013113 5
      vertex 56.27961714122296 22.255084727013113 3
      vertex 56.1816 22.259900000000002 3
    endloop
  endfacet
  facet normal 0.9987954563973425 0.049067670415704694 0
    outer loop
      vertex 57.1816 21.259900000000002 5
      vertex 57.1816 21.259900000000002 3
      vertex 57.176784727013114 21.357917141222956 3
    endloop
  endfacet
  facet normal 0.989176509724005 0.14673047607854153 0
    outer loop
      vertex 57.176784727013114 21.357917141222956 5
      vertex 57.176784727013114 21.357917141222956 3
      vertex 57.16238528046608 21.4549903236866 3
    endloop
  endfacet
  facet normal 0.9700312581757379 0.24298016001722234 0
    outer loop
      vertex 57.16238528046608 21.4549903236866 5
      vertex 57.16238528046608 21.4549903236866 3
      vertex 57.13854033801556 21.55018467833996 3
    endloop
  endfacet
  facet normal 0.9415440627982694 0.3368898600571533 0
    outer loop
      vertex 57.13854033801556 21.55018467833996 5
      vertex 57.13854033801556 21.55018467833996 3
      vertex 57.10547953400612 21.64258343359232 3
    endloop
  endfacet
  facet normal 0.8577286053649072 0.5141027519268605 0
    outer loop
      vertex 57.063521261549 21.731296736800672 5
      vertex 57.063521261549 21.731296736800672 3
      vertex 57.013069610333446 21.815470229887964 3
    endloop
  endfacet
  facet normal 0.9039892738775857 0.42755513412222684 0
    outer loop
      vertex 57.10547953400612 21.64258343359232 5
      vertex 57.10547953400612 21.64258343359232 3
      vertex 57.063521261549 21.731296736800672 3
    endloop
  endfacet
  facet normal 0.5141027519268605 0.8577286053649072 0
    outer loop
      vertex 56.737170229887965 22.091369610333444 5
      vertex 56.737170229887965 22.091369610333444 3
      vertex 56.652996736800674 22.141821261548998 3
    endloop
  endfacet
  facet normal 0.42755513412222684 0.9039892738775857 0
    outer loop
      vertex 56.652996736800674 22.141821261548998 5
      vertex 56.652996736800674 22.141821261548998 3
      vertex 56.56428343359232 22.18377953400612 3
    endloop
  endfacet
  facet normal 0.7409511526139904 0.671558924771311 0
    outer loop
      vertex 56.95461045507193 21.89429328223467 5
      vertex 56.95461045507193 21.89429328223467 3
      vertex 56.888706783986095 21.967006783986093 3
    endloop
  endfacet
  facet normal 0.8032075537634112 0.5956992744475998 0
    outer loop
      vertex 57.013069610333446 21.815470229887964 5
      vertex 57.013069610333446 21.815470229887964 3
      vertex 56.95461045507193 21.89429328223467 3
    endloop
  endfacet
  facet normal 0.5956992744475998 0.8032075537634112 0
    outer loop
      vertex 56.81599328223467 22.032910455071928 5
      vertex 56.81599328223467 22.032910455071928 3
      vertex 56.737170229887965 22.091369610333444 3
    endloop
  endfacet
  facet normal 0.671558924771311 0.7409511526139904 0
    outer loop
      vertex 56.888706783986095 21.967006783986093 5
      vertex 56.888706783986095 21.967006783986093 3
      vertex 56.81599328223467 22.032910455071928 3
    endloop
  endfacet
  facet normal 0.14673047607854153 0.989176509724005 0
    outer loop
      vertex 56.3766903236866 22.24068528046608 5
      vertex 56.3766903236866 22.24068528046608 3
      vertex 56.27961714122296 22.255084727013113 3
    endloop
  endfacet
  facet normal 0.24298016001722234 0.9700312581757379 0
    outer loop
      vertex 56.47188467833996 22.216840338015558 5
      vertex 56.47188467833996 22.216840338015558 3
      vertex 56.3766903236866 22.24068528046608 3
    endloop
  endfacet
  facet normal 0.3368898600571533 0.9415440627982694 0
    outer loop
      vertex 56.56428343359232 22.18377953400612 5
      vertex 56.56428343359232 22.18377953400612 3
      vertex 56.47188467833996 22.216840338015558 3
    endloop
  endfacet
  facet normal -0.8577286053649072 -0.5141027519268605 0
    outer loop
      vertex 54.35013038966656 7.704329770112038 5
      vertex 54.29967873845101 7.788503263199329 5
      vertex 54.35013038966656 7.704329770112038 3
    endloop
  endfacet
  facet normal -0.9039892738775857 -0.42755513412222684 0
    outer loop
      vertex 54.257720465993884 7.8772165664076805 5
      vertex 54.29967873845101 7.788503263199329 3
      vertex 54.29967873845101 7.788503263199329 5
    endloop
  endfacet
  facet normal -0.9415440627982694 -0.3368898600571533 0
    outer loop
      vertex 54.257720465993884 7.8772165664076805 5
      vertex 54.22465966198445 7.969615321660042 5
      vertex 54.257720465993884 7.8772165664076805 3
    endloop
  endfacet
  facet normal -0.9700312581757379 -0.24298016001722234 0
    outer loop
      vertex 54.22465966198445 7.969615321660042 5
      vertex 54.20081471953392 8.0648096763134 5
      vertex 54.22465966198445 7.969615321660042 3
    endloop
  endfacet
  facet normal -0.5956992744475998 -0.8032075537634112 0
    outer loop
      vertex 54.62602977011204 7.428430389666557 5
      vertex 54.547206717765334 7.486889544928074 5
      vertex 54.62602977011204 7.428430389666557 3
    endloop
  endfacet
  facet normal -0.42755513412222684 -0.9039892738775857 0
    outer loop
      vertex 54.798916566407684 7.336020465993881 5
      vertex 54.71020326319933 7.377978738451004 5
      vertex 54.798916566407684 7.336020465993881 3
    endloop
  endfacet
  facet normal -0.5141027519268605 -0.8577286053649072 0
    outer loop
      vertex 54.71020326319933 7.377978738451004 5
      vertex 54.62602977011204 7.428430389666557 5
      vertex 54.71020326319933 7.377978738451004 3
    endloop
  endfacet
  facet normal -0.671558924771311 -0.7409511526139904 0
    outer loop
      vertex 54.547206717765334 7.486889544928074 5
      vertex 54.47449321601391 7.552793216013908 5
      vertex 54.547206717765334 7.486889544928074 3
    endloop
  endfacet
  facet normal -0.7409511526139904 -0.671558924771311 0
    outer loop
      vertex 54.47449321601391 7.552793216013908 5
      vertex 54.40858954492808 7.625506717765331 5
      vertex 54.47449321601391 7.552793216013908 3
    endloop
  endfacet
  facet normal -0.8032075537634112 -0.5956992744475998 0
    outer loop
      vertex 54.40858954492808 7.625506717765331 5
      vertex 54.35013038966656 7.704329770112038 5
      vertex 54.40858954492808 7.625506717765331 3
    endloop
  endfacet
  facet normal -0.24298016001722234 -0.9700312581757379 0
    outer loop
      vertex 54.891315321660045 7.302959661984444 5
      vertex 54.9865096763134 7.27911471953392 3
      vertex 54.9865096763134 7.27911471953392 5
    endloop
  endfacet
  facet normal -0.3368898600571533 -0.9415440627982694 0
    outer loop
      vertex 54.891315321660045 7.302959661984444 5
      vertex 54.798916566407684 7.336020465993881 5
      vertex 54.891315321660045 7.302959661984444 3
    endloop
  endfacet
  facet normal -0.14673047607854153 -0.989176509724005 0
    outer loop
      vertex 54.9865096763134 7.27911471953392 5
      vertex 55.08358285877705 7.264715272986889 3
      vertex 55.08358285877705 7.264715272986889 5
    endloop
  endfacet
  facet normal -0.049067670415704694 -0.9987954563973425 0
    outer loop
      vertex 55.08358285877705 7.264715272986889 5
      vertex 55.1816 7.2599 3
      vertex 55.1816 7.2599 5
    endloop
  endfacet
  facet normal 0 -1 0
    outer loop
      vertex 55.1816 7.2599 5
      vertex 56.1816 7.2599 3
      vertex 56.1816 7.2599 5
    endloop
  endfacet
  facet normal 0.049067670415704694 -0.9987954563973425 0
    outer loop
      vertex 56.1816 7.2599 5
      vertex 56.27961714122296 7.264715272986889 3
      vertex 56.27961714122296 7.264715272986889 5
    endloop
  endfacet
  facet normal -0.989176509724005 -0.14673047607854153 0
    outer loop
      vertex 54.20081471953392 8.0648096763134 5
      vertex 54.18641527298689 8.161882858777046 5
      vertex 54.20081471953392 8.0648096763134 3
    endloop
  endfacet
  facet normal -0.9987954563973425 -0.049067670415704694 0
    outer loop
      vertex 54.18641527298689 8.161882858777046 5
      vertex 54.1816 8.2599 5
      vertex 54.18641527298689 8.161882858777046 3
    endloop
  endfacet
  facet normal 0.14673047607854153 -0.989176509724005 0
    outer loop
      vertex 56.27961714122296 7.264715272986889 5
      vertex 56.3766903236866 7.27911471953392 3
      vertex 56.3766903236866 7.27911471953392 5
    endloop
  endfacet
  facet normal 0.24298016001722234 -0.9700312581757379 0
    outer loop
      vertex 56.3766903236866 7.27911471953392 5
      vertex 56.47188467833996 7.302959661984444 3
      vertex 56.47188467833996 7.302959661984444 5
    endloop
  endfacet
  facet normal 0.3368898600571533 -0.9415440627982694 0
    outer loop
      vertex 56.47188467833996 7.302959661984444 5
      vertex 56.56428343359232 7.336020465993881 3
      vertex 56.56428343359232 7.336020465993881 5
    endloop
  endfacet
  facet normal 0.42755513412222684 -0.9039892738775857 0
    outer loop
      vertex 56.56428343359232 7.336020465993881 5
      vertex 56.652996736800674 7.377978738451004 3
      vertex 56.652996736800674 7.377978738451004 5
    endloop
  endfacet
  facet normal 0.5141027519268605 -0.8577286053649072 0
    outer loop
      vertex 56.652996736800674 7.377978738451004 5
      vertex 56.737170229887965 7.428430389666557 3
      vertex 56.737170229887965 7.428430389666557 5
    endloop
  endfacet
  facet normal 0.5956992744475998 -0.8032075537634112 0
    outer loop
      vertex 56.737170229887965 7.428430389666557 5
      vertex 56.81599328223467 7.486889544928074 3
      vertex 56.81599328223467 7.486889544928074 5
    endloop
  endfacet
  facet normal 0.671558924771311 -0.7409511526139904 0
    outer loop
      vertex 56.81599328223467 7.486889544928074 5
      vertex 56.888706783986095 7.552793216013908 3
      vertex 56.888706783986095 7.552793216013908 5
    endloop
  endfacet
  facet normal 0.7409511526139904 -0.671558924771311 0
    outer loop
      vertex 56.888706783986095 7.552793216013908 5
      vertex 56.95461045507193 7.625506717765331 3
      vertex 56.95461045507193 7.625506717765331 5
    endloop
  endfacet
  facet normal 0.8032075537634112 -0.5956992744475998 0
    outer loop
      vertex 56.95461045507193 7.625506717765331 5
      vertex 57.013069610333446 7.704329770112038 3
      vertex 57.013069610333446 7.704329770112038 5
    endloop
  endfacet
  facet normal 0.8577286053649072 -0.5141027519268605 0
    outer loop
      vertex 57.013069610333446 7.704329770112038 5
      vertex 57.063521261549 7.788503263199329 3
      vertex 57.063521261549 7.788503263199329 5
    endloop
  endfacet
  facet normal 0.9039892738775857 -0.42755513412222684 0
    outer loop
      vertex 57.063521261549 7.788503263199329 5
      vertex 57.10547953400612 7.8772165664076805 3
      vertex 57.10547953400612 7.8772165664076805 5
    endloop
  endfacet
  facet normal 0.9415440627982694 -0.3368898600571533 0
    outer loop
      vertex 57.10547953400612 7.8772165664076805 5
      vertex 57.13854033801556 7.969615321660042 3
      vertex 57.13854033801556 7.969615321660042 5
    endloop
  endfacet
  facet normal 0.9700312581757379 -0.24298016001722234 0
    outer loop
      vertex 57.13854033801556 7.969615321660042 5
      vertex 57.16238528046608 8.0648096763134 3
      vertex 57.16238528046608 8.0648096763134 5
    endloop
  endfacet
  facet normal 0.989176509724005 -0.14673047607854153 0
    outer loop
      vertex 57.16238528046608 8.0648096763134 5
      vertex 57.176784727013114 8.161882858777046 3
      vertex 57.176784727013114 8.161882858777046 5
    endloop
  endfacet
  facet normal 0.9987954563973425 -0.049067670415704694 0
    outer loop
      vertex 57.176784727013114 8.161882858777046 5
      vertex 57.1816 8.2599 3
      vertex 57.1816 8.2599 5
    endloop
  endfacet
  facet normal 0 0 1
    outer loop
      vertex 54.40858954492808 7.625506717765331 5
      vertex 57.10547953400612 7.8772165664076805 5
      vertex 54.35013038966656 7.704329770112038 5
    endloop
  endfacet
  facet normal 0 0 1
    outer loop
      vertex 54.35013038966656 7.704329770112038 5
      vertex 57.13854033801556 7.969615321660042 5
      vertex 54.29967873845101 7.788503263199329 5
    endloop
  endfacet
  facet normal 0 0 1
    outer loop
      vertex 54.257720465993884 7.8772165664076805 5
      vertex 54.29967873845101 7.788503263199329 5
      vertex 57.16238528046608 8.0648096763134 5
    endloop
  endfacet
  facet normal 0 0 1
    outer loop
      vertex 54.257720465993884 7.8772165664076805 5
      vertex 57.176784727013114 8.161882858777046 5
      vertex 54.22465966198445 7.969615321660042 5
    endloop
  endfacet
  facet normal 0 0 1
    outer loop
      vertex 54.9865096763134 7.27911471953392 5
      vertex 55.08358285877705 7.264715272986889 5
      vertex 56.56428343359232 7.336020465993881 5
    endloop
  endfacet
  facet normal 0 0 1
    outer loop
      vertex 54.891315321660045 7.302959661984444 5
      vertex 54.9865096763134 7.27911471953392 5
      vertex 56.652996736800674 7.377978738451004 5
    endloop
  endfacet
  facet normal 0 0 1
    outer loop
      vertex 54.891315321660045 7.302959661984444 5
      vertex 56.737170229887965 7.428430389666557 5
      vertex 54.798916566407684 7.336020465993881 5
    endloop
  endfacet
  facet normal 0 0 1
    outer loop
      vertex 54.71020326319933 7.377978738451004 5
      vertex 56.888706783986095 7.552793216013908 5
      vertex 54.62602977011204 7.428430389666557 5
    endloop
  endfacet
  facet normal 0 0 1
    outer loop
      vertex 54.798916566407684 7.336020465993881 5
      vertex 56.81599328223467 7.486889544928074 5
      vertex 54.71020326319933 7.377978738451004 5
    endloop
  endfacet
  facet normal 0 0 1
    outer loop
      vertex 55.08358285877705 7.264715272986889 5
      vertex 55.1816 7.2599 5
      vertex 56.47188467833996 7.302959661984444 5
    endloop
  endfacet
  facet normal 0 0 1
    outer loop
      vertex 54.62602977011204 7.428430389666557 5
      vertex 56.95461045507193 7.625506717765331 5
      vertex 54.547206717765334 7.486889544928074 5
    endloop
  endfacet
  facet normal 0 0 1
    outer loop
      vertex 54.547206717765334 7.486889544928074 5
      vertex 57.013069610333446 7.704329770112038 5
      vertex 54.47449321601391 7.552793216013908 5
    endloop
  endfacet
  facet normal 0 0 1
    outer loop
      vertex 54.47449321601391 7.552793216013908 5
      vertex 57.063521261549 7.788503263199329 5
      vertex 54.40858954492808 7.625506717765331 5
    endloop
  endfacet
  facet normal 0 0 1
    outer loop
      vertex 55.1816 7.2599 5
      vertex 56.1816 7.2599 5
      vertex 56.3766903236866 7.27911471953392 5
    endloop
  endfacet
  facet normal 0 0 1
    outer loop
      vertex 55.1816 7.2599 5
      vertex 56.3766903236866 7.27911471953392 5
      vertex 56.47188467833996 7.302959661984444 5
    endloop
  endfacet
  facet normal 0 0 1
    outer loop
      vertex 55.08358285877705 7.264715272986889 5
      vertex 56.47188467833996 7.302959661984444 5
      vertex 56.56428343359232 7.336020465993881 5
    endloop
  endfacet
  facet normal 0 0 1
    outer loop
      vertex 54.9865096763134 7.27911471953392 5
      vertex 56.56428343359232 7.336020465993881 5
      vertex 56.652996736800674 7.377978738451004 5
    endloop
  endfacet
  facet normal 0 0 1
    outer loop
      vertex 54.891315321660045 7.302959661984444 5
      vertex 56.652996736800674 7.377978738451004 5
      vertex 56.737170229887965 7.428430389666557 5
    endloop
  endfacet
  facet normal 0 0 1
    outer loop
      vertex 54.798916566407684 7.336020465993881 5
      vertex 56.737170229887965 7.428430389666557 5
      vertex 56.81599328223467 7.486889544928074 5
    endloop
  endfacet
  facet normal 0 0 1
    outer loop
      vertex 54.71020326319933 7.377978738451004 5
      vertex 56.81599328223467 7.486889544928074 5
      vertex 56.888706783986095 7.552793216013908 5
    endloop
  endfacet
  facet normal 0 0 1
    outer loop
      vertex 54.62602977011204 7.428430389666557 5
      vertex 56.888706783986095 7.552793216013908 5
      vertex 56.95461045507193 7.625506717765331 5
    endloop
  endfacet
  facet normal 0 0 1
    outer loop
      vertex 54.547206717765334 7.486889544928074 5
      vertex 56.95461045507193 7.625506717765331 5
      vertex 57.013069610333446 7.704329770112038 5
    endloop
  endfacet
  facet normal 0 0 1
    outer loop
      vertex 54.47449321601391 7.552793216013908 5
      vertex 57.013069610333446 7.704329770112038 5
      vertex 57.063521261549 7.788503263199329 5
    endloop
  endfacet
  facet normal 0 0 1
    outer loop
      vertex 54.40858954492808 7.625506717765331 5
      vertex 57.063521261549 7.788503263199329 5
      vertex 57.10547953400612 7.8772165664076805 5
    endloop
  endfacet
  facet normal 0 0 1
    outer loop
      vertex 54.35013038966656 7.704329770112038 5
      vertex 57.10547953400612 7.8772165664076805 5
      vertex 57.13854033801556 7.969615321660042 5
    endloop
  endfacet
  facet normal 0 0 1
    outer loop
      vertex 54.29967873845101 7.788503263199329 5
      vertex 57.13854033801556 7.969615321660042 5
      vertex 57.16238528046608 8.0648096763134 5
    endloop
  endfacet
  facet normal 0 0 1
    outer loop
      vertex 54.257720465993884 7.8772165664076805 5
      vertex 57.16238528046608 8.0648096763134 5
      vertex 57.176784727013114 8.161882858777046 5
    endloop
  endfacet
  facet normal 0 0 1
    outer loop
      vertex 54.22465966198445 7.969615321660042 5
      vertex 57.1816 8.2599 5
      vertex 54.20081471953392 8.0648096763134 5
    endloop
  endfacet
  facet normal 0 0 1
    outer loop
      vertex 54.22465966198445 7.969615321660042 5
      vertex 57.176784727013114 8.161882858777046 5
      vertex 57.1816 8.2599 5
    endloop
  endfacet
  facet normal 0 0 1
    outer loop
      vertex 56.1816 7.2599 5
      vertex 56.27961714122296 7.264715272986889 5
      vertex 56.3766903236866 7.27911471953392 5
    endloop
  endfacet
  facet normal -1 0 0
    outer loop
      vertex 54.1816 8.2599 5
      vertex 54.1816 21.259900000000002 5
      vertex 54.1816 8.2599 3
    endloop
  endfacet
  facet normal 0 0 1
    outer loop
      vertex 54.20081471953392 8.0648096763134 5
      vertex 57.1816 21.259900000000002 5
      vertex 54.18641527298689 8.161882858777046 5
    endloop
  endfacet
  facet normal 0 0 1
    outer loop
      vertex 54.18641527298689 8.161882858777046 5
      vertex 57.176784727013114 21.357917141222956 5
      vertex 54.1816 8.2599 5
    endloop
  endfacet
  facet normal 0 0 1
    outer loop
      vertex 54.20081471953392 8.0648096763134 5
      vertex 57.1816 8.2599 5
      vertex 57.1816 21.259900000000002 5
    endloop
  endfacet
  facet normal 1 0 0
    outer loop
      vertex 57.1816 8.2599 5
      vertex 57.1816 21.259900000000002 3
      vertex 57.1816 21.259900000000002 5
    endloop
  endfacet
  facet normal 0 0 1
    outer loop
      vertex 54.18641527298689 8.161882858777046 5
      vertex 57.1816 21.259900000000002 5
      vertex 57.176784727013114 21.357917141222956 5
    endloop
  endfacet
  facet normal 0 0 1
    outer loop
      vertex 54.1816 8.2599 5
      vertex 57.16238528046608 21.4549903236866 5
      vertex 54.1816 21.259900000000002 5
    endloop
  endfacet
  facet normal 0 0 1
    outer loop
      vertex 54.1816 8.2599 5
      vertex 57.176784727013114 21.357917141222956 5
      vertex 57.16238528046608 21.4549903236866 5
    endloop
  endfacet
  facet normal -0.9987954563973425 0.049067670415704694 0
    outer loop
      vertex 54.1816 21.259900000000002 5
      vertex 54.18641527298689 21.357917141222956 5
      vertex 54.1816 21.259900000000002 3
    endloop
  endfacet
  facet normal -0.989176509724005 0.14673047607854153 0
    outer loop
      vertex 54.18641527298689 21.357917141222956 5
      vertex 54.20081471953392 21.4549903236866 5
      vertex 54.18641527298689 21.357917141222956 3
    endloop
  endfacet
  facet normal -0.9700312581757379 0.24298016001722234 0
    outer loop
      vertex 54.20081471953392 21.4549903236866 5
      vertex 54.22465966198445 21.55018467833996 5
      vertex 54.20081471953392 21.4549903236866 3
    endloop
  endfacet
  facet normal -0.9415440627982694 0.3368898600571533 0
    outer loop
      vertex 54.22465966198445 21.55018467833996 5
      vertex 54.257720465993884 21.64258343359232 5
      vertex 54.22465966198445 21.55018467833996 3
    endloop
  endfacet
  facet normal -0.9039892738775857 0.42755513412222684 0
    outer loop
      vertex 54.257720465993884 21.64258343359232 5
      vertex 54.29967873845101 21.731296736800672 5
      vertex 54.257720465993884 21.64258343359232 3
    endloop
  endfacet
  facet normal -0.8577286053649072 0.5141027519268605 0
    outer loop
      vertex 54.29967873845101 21.731296736800672 5
      vertex 54.35013038966656 21.815470229887964 5
      vertex 54.29967873845101 21.731296736800672 3
    endloop
  endfacet
  facet normal -0.8032075537634112 0.5956992744475998 0
    outer loop
      vertex 54.35013038966656 21.815470229887964 5
      vertex 54.40858954492808 21.89429328223467 5
      vertex 54.35013038966656 21.815470229887964 3
    endloop
  endfacet
  facet normal -0.7409511526139904 0.671558924771311 0
    outer loop
      vertex 54.40858954492808 21.89429328223467 5
      vertex 54.47449321601391 21.967006783986093 5
      vertex 54.40858954492808 21.89429328223467 3
    endloop
  endfacet
  facet normal -0.671558924771311 0.7409511526139904 0
    outer loop
      vertex 54.47449321601391 21.967006783986093 5
      vertex 54.547206717765334 22.032910455071928 5
      vertex 54.47449321601391 21.967006783986093 3
    endloop
  endfacet
  facet normal -0.5956992744475998 0.8032075537634112 0
    outer loop
      vertex 54.547206717765334 22.032910455071928 5
      vertex 54.62602977011204 22.091369610333444 5
      vertex 54.547206717765334 22.032910455071928 3
    endloop
  endfacet
  facet normal -0.5141027519268605 0.8577286053649072 0
    outer loop
      vertex 54.62602977011204 22.091369610333444 5
      vertex 54.71020326319933 22.141821261548998 5
      vertex 54.62602977011204 22.091369610333444 3
    endloop
  endfacet
  facet normal -0.42755513412222684 0.9039892738775857 0
    outer loop
      vertex 54.71020326319933 22.141821261548998 5
      vertex 54.798916566407684 22.18377953400612 5
      vertex 54.71020326319933 22.141821261548998 3
    endloop
  endfacet
  facet normal -0.3368898600571533 0.9415440627982694 0
    outer loop
      vertex 54.798916566407684 22.18377953400612 5
      vertex 54.891315321660045 22.216840338015558 5
      vertex 54.798916566407684 22.18377953400612 3
    endloop
  endfacet
  facet normal -0.24298016001722234 0.9700312581757379 0
    outer loop
      vertex 54.891315321660045 22.216840338015558 5
      vertex 54.9865096763134 22.24068528046608 5
      vertex 54.891315321660045 22.216840338015558 3
    endloop
  endfacet
  facet normal -0.14673047607854153 0.989176509724005 0
    outer loop
      vertex 54.9865096763134 22.24068528046608 5
      vertex 55.08358285877705 22.255084727013113 5
      vertex 54.9865096763134 22.24068528046608 3
    endloop
  endfacet
  facet normal -0.049067670415704694 0.9987954563973425 0
    outer loop
      vertex 55.08358285877705 22.255084727013113 5
      vertex 55.1816 22.259900000000002 5
      vertex 55.08358285877705 22.255084727013113 3
    endloop
  endfacet
  facet normal 0 1 0
    outer loop
      vertex 55.1816 22.259900000000002 5
      vertex 56.1816 22.259900000000002 5
      vertex 55.1816 22.259900000000002 3
    endloop
  endfacet
  facet normal 0.049067670415704694 0.9987954563973425 0
    outer loop
      vertex 56.1816 22.259900000000002 5
      vertex 56.27961714122296 22.255084727013113 5
      vertex 56.1816 22.259900000000002 3
    endloop
  endfacet
  facet normal 0.9987954563973425 0.049067670415704694 0
    outer loop
      vertex 57.1816 21.259900000000002 5
      vertex 57.176784727013114 21.357917141222956 3
      vertex 57.176784727013114 21.357917141222956 5
    endloop
  endfacet
  facet normal 0.989176509724005 0.14673047607854153 0
    outer loop
      vertex 57.176784727013114 21.357917141222956 5
      vertex 57.16238528046608 21.4549903236866 3
      vertex 57.16238528046608 21.4549903236866 5
    endloop
  endfacet
  facet normal 0.9700312581757379 0.24298016001722234 0
    outer loop
      vertex 57.16238528046608 21.4549903236866 5
      vertex 57.13854033801556 21.55018467833996 3
      vertex 57.13854033801556 21.55018467833996 5
    endloop
  endfacet
  facet normal 0.9415440627982694 0.3368898600571533 0
    outer loop
      vertex 57.13854033801556 21.55018467833996 5
      vertex 57.10547953400612 21.64258343359232 3
      vertex 57.10547953400612 21.64258343359232 5
    endloop
  endfacet
  facet normal 0.9039892738775857 0.42755513412222684 0
    outer loop
      vertex 57.10547953400612 21.64258343359232 5
      vertex 57.063521261549 21.731296736800672 3
      vertex 57.063521261549 21.731296736800672 5
    endloop
  endfacet
  facet normal 0.5141027519268605 0.8577286053649072 0
    outer loop
      vertex 56.737170229887965 22.091369610333444 5
      vertex 56.652996736800674 22.141821261548998 3
      vertex 56.652996736800674 22.141821261548998 5
    endloop
  endfacet
  facet normal 0.7409511526139904 0.671558924771311 0
    outer loop
      vertex 56.95461045507193 21.89429328223467 5
      vertex 56.888706783986095 21.967006783986093 3
      vertex 56.888706783986095 21.967006783986093 5
    endloop
  endfacet
  facet normal 0.8577286053649072 0.5141027519268605 0
    outer loop
      vertex 57.063521261549 21.731296736800672 5
      vertex 57.013069610333446 21.815470229887964 3
      vertex 57.013069610333446 21.815470229887964 5
    endloop
  endfacet
  facet normal 0.8032075537634112 0.5956992744475998 0
    outer loop
      vertex 57.013069610333446 21.815470229887964 5
      vertex 56.95461045507193 21.89429328223467 3
      vertex 56.95461045507193 21.89429328223467 5
    endloop
  endfacet
  facet normal 0.671558924771311 0.7409511526139904 0
    outer loop
      vertex 56.888706783986095 21.967006783986093 5
      vertex 56.81599328223467 22.032910455071928 3
      vertex 56.81599328223467 22.032910455071928 5
    endloop
  endfacet
  facet normal 0.5956992744475998 0.8032075537634112 0
    outer loop
      vertex 56.737170229887965 22.091369610333444 5
      vertex 56.81599328223467 22.032910455071928 5
      vertex 56.737170229887965 22.091369610333444 3
    endloop
  endfacet
  facet normal 0.14673047607854153 0.989176509724005 0
    outer loop
      vertex 56.27961714122296 22.255084727013113 5
      vertex 56.3766903236866 22.24068528046608 5
      vertex 56.27961714122296 22.255084727013113 3
    endloop
  endfacet
  facet normal 0.24298016001722234 0.9700312581757379 0
    outer loop
      vertex 56.47188467833996 22.216840338015558 5
      vertex 56.3766903236866 22.24068528046608 3
      vertex 56.3766903236866 22.24068528046608 5
    endloop
  endfacet
  facet normal 0.42755513412222684 0.9039892738775857 0
    outer loop
      vertex 56.652996736800674 22.141821261548998 5
      vertex 56.56428343359232 22.18377953400612 3
      vertex 56.56428343359232 22.18377953400612 5
    endloop
  endfacet
  facet normal 0.3368898600571533 0.9415440627982694 0
    outer loop
      vertex 56.56428343359232 22.18377953400612 5
      vertex 56.47188467833996 22.216840338015558 3
      vertex 56.47188467833996 22.216840338015558 5
    endloop
  endfacet
  facet normal 0 0 1
    outer loop
      vertex 54.1816 21.259900000000002 5
      vertex 57.13854033801556 21.55018467833996 5
      vertex 54.18641527298689 21.357917141222956 5
    endloop
  endfacet
  facet normal 0 0 1
    outer loop
      vertex 54.18641527298689 21.357917141222956 5
      vertex 57.10547953400612 21.64258343359232 5
      vertex 54.20081471953392 21.4549903236866 5
    endloop
  endfacet
  facet normal 0 0 1
    outer loop
      vertex 54.20081471953392 21.4549903236866 5
      vertex 57.063521261549 21.731296736800672 5
      vertex 54.22465966198445 21.55018467833996 5
    endloop
  endfacet
  facet normal 0 0 1
    outer loop
      vertex 54.22465966198445 21.55018467833996 5
      vertex 57.013069610333446 21.815470229887964 5
      vertex 54.257720465993884 21.64258343359232 5
    endloop
  endfacet
  facet normal 0 0 1
    outer loop
      vertex 54.257720465993884 21.64258343359232 5
      vertex 56.95461045507193 21.89429328223467 5
      vertex 54.29967873845101 21.731296736800672 5
    endloop
  endfacet
  facet normal 0 0 1
    outer loop
      vertex 54.1816 21.259900000000002 5
      vertex 57.16238528046608 21.4549903236866 5
      vertex 57.13854033801556 21.55018467833996 5
    endloop
  endfacet
  facet normal 0 0 1
    outer loop
      vertex 54.18641527298689 21.357917141222956 5
      vertex 57.13854033801556 21.55018467833996 5
      vertex 57.10547953400612 21.64258343359232 5
    endloop
  endfacet
  facet normal 0 0 1
    outer loop
      vertex 54.20081471953392 21.4549903236866 5
      vertex 57.10547953400612 21.64258343359232 5
      vertex 57.063521261549 21.731296736800672 5
    endloop
  endfacet
  facet normal 0 0 1
    outer loop
      vertex 54.22465966198445 21.55018467833996 5
      vertex 57.063521261549 21.731296736800672 5
      vertex 57.013069610333446 21.815470229887964 5
    endloop
  endfacet
  facet normal 0 0 1
    outer loop
      vertex 54.29967873845101 21.731296736800672 5
      vertex 56.888706783986095 21.967006783986093 5
      vertex 54.35013038966656 21.815470229887964 5
    endloop
  endfacet
  facet normal 0 0 1
    outer loop
      vertex 54.35013038966656 21.815470229887964 5
      vertex 56.81599328223467 22.032910455071928 5
      vertex 54.40858954492808 21.89429328223467 5
    endloop
  endfacet
  facet normal 0 0 1
    outer loop
      vertex 54.40858954492808 21.89429328223467 5
      vertex 56.737170229887965 22.091369610333444 5
      vertex 54.47449321601391 21.967006783986093 5
    endloop
  endfacet
  facet normal 0 0 1
    outer loop
      vertex 54.47449321601391 21.967006783986093 5
      vertex 56.652996736800674 22.141821261548998 5
      vertex 54.547206717765334 22.032910455071928 5
    endloop
  endfacet
  facet normal 0 0 1
    outer loop
      vertex 54.547206717765334 22.032910455071928 5
      vertex 56.56428343359232 22.18377953400612 5
      vertex 54.62602977011204 22.091369610333444 5
    endloop
  endfacet
  facet normal 0 0 1
    outer loop
      vertex 54.62602977011204 22.091369610333444 5
      vertex 56.47188467833996 22.216840338015558 5
      vertex 54.71020326319933 22.141821261548998 5
    endloop
  endfacet
  facet normal 0 0 1
    outer loop
      vertex 54.9865096763134 22.24068528046608 5
      vertex 55.1816 22.259900000000002 5
      vertex 55.08358285877705 22.255084727013113 5
    endloop
  endfacet
  facet normal 0 0 1
    outer loop
      vertex 54.71020326319933 22.141821261548998 5
      vertex 56.3766903236866 22.24068528046608 5
      vertex 54.798916566407684 22.18377953400612 5
    endloop
  endfacet
  facet normal 0 0 1
    outer loop
      vertex 54.257720465993884 21.64258343359232 5
      vertex 57.013069610333446 21.815470229887964 5
      vertex 56.95461045507193 21.89429328223467 5
    endloop
  endfacet
  facet normal 0 0 1
    outer loop
      vertex 54.29967873845101 21.731296736800672 5
      vertex 56.95461045507193 21.89429328223467 5
      vertex 56.888706783986095 21.967006783986093 5
    endloop
  endfacet
  facet normal 0 0 1
    outer loop
      vertex 54.35013038966656 21.815470229887964 5
      vertex 56.888706783986095 21.967006783986093 5
      vertex 56.81599328223467 22.032910455071928 5
    endloop
  endfacet
  facet normal 0 0 1
    outer loop
      vertex 54.40858954492808 21.89429328223467 5
      vertex 56.81599328223467 22.032910455071928 5
      vertex 56.737170229887965 22.091369610333444 5
    endloop
  endfacet
  facet normal 0 0 1
    outer loop
      vertex 54.47449321601391 21.967006783986093 5
      vertex 56.737170229887965 22.091369610333444 5
      vertex 56.652996736800674 22.141821261548998 5
    endloop
  endfacet
  facet normal 0 0 1
    outer loop
      vertex 54.62602977011204 22.091369610333444 5
      vertex 56.56428343359232 22.18377953400612 5
      vertex 56.47188467833996 22.216840338015558 5
    endloop
  endfacet
  facet normal 0 0 1
    outer loop
      vertex 54.547206717765334 22.032910455071928 5
      vertex 56.652996736800674 22.141821261548998 5
      vertex 56.56428343359232 22.18377953400612 5
    endloop
  endfacet
  facet normal 0 0 1
    outer loop
      vertex 54.798916566407684 22.18377953400612 5
      vertex 56.27961714122296 22.255084727013113 5
      vertex 54.891315321660045 22.216840338015558 5
    endloop
  endfacet
  facet normal 0 0 1
    outer loop
      vertex 54.891315321660045 22.216840338015558 5
      vertex 56.1816 22.259900000000002 5
      vertex 54.9865096763134 22.24068528046608 5
    endloop
  endfacet
  facet normal 0 0 1
    outer loop
      vertex 54.9865096763134 22.24068528046608 5
      vertex 56.1816 22.259900000000002 5
      vertex 55.1816 22.259900000000002 5
    endloop
  endfacet
  facet normal 0 0 1
    outer loop
      vertex 54.71020326319933 22.141821261548998 5
      vertex 56.47188467833996 22.216840338015558 5
      vertex 56.3766903236866 22.24068528046608 5
    endloop
  endfacet
  facet normal 0 0 1
    outer loop
      vertex 54.798916566407684 22.18377953400612 5
      vertex 56.3766903236866 22.24068528046608 5
      vertex 56.27961714122296 22.255084727013113 5
    endloop
  endfacet
  facet normal 0 0 1
    outer loop
      vertex 54.891315321660045 22.216840338015558 5
      vertex 56.27961714122296 22.255084727013113 5
      vertex 56.1816 22.259900000000002 5
    endloop
  endfacet
endsolid OpenSCAD_Model
